ItemCode,Warehouse,InventoryAccount,InventoryAccountName,Qty,StockValue,ValuationRate,MovementRows
10000001,KLR-SER,,,1.0,0.0,0.0,1
10000003,KLR-SER,,,1.0,0.0,0.0,1
10000017,KLR-FG,,,2.0,0.0,0.0,3
10000018,KLR-FG,,,32.0,0.0,0.0,2
10000019,KLR-FG,,,43.0,0.0,0.0,2
10000020,KLR-FG,,,44.0,0.0,0.0,2
10000020,KLR-SER,,,1.0,0.0,0.0,1
10000043,KLR-FG,,,23.0,0.0,0.0,1
10000052,KLR-SER,,,5.0,0.0,0.0,1
10000053,KLR-SER,,,1.0,0.0,0.0,1
10000069,KLR-FG,,,204.0,0.0,0.0,1
10000095,KLR-SER,,,50.0,0.0,0.0,1
10000097,KLR-SER,,,1.0,0.0,0.0,1
10000098,KLR-SER,,,1.0,0.0,0.0,1
10000099,KLR-SER,,,1.0,0.0,0.0,1
10000101,KLR-FG,,,66.0,0.0,0.0,1
10000103,KLR-FG,,,1.0,0.0,0.0,2
10000105,KLR-FG,,,1.0,0.0,0.0,1
10000118,KLR-FG,,,4.0,0.0,0.0,1
10000144,KLR-SER,,,1.0,0.0,0.0,1
10000148,KLR-FG,,,38.0,0.0,0.0,1
10000149,KLR-EXS,,,406.0,0.0,0.0,1
10000150,KLR-EXS,,,410.0,0.0,0.0,1
10000161,KLR-SER,,,88.0,0.0,0.0,1
10000162,KLR-SER,,,138.0,0.0,0.0,1
10000163,KLR-SER,,,61.0,0.0,0.0,1
10000164,KLR-SER,,,61.0,0.0,0.0,1
10000165,KLR-SER,,,100.0,0.0,0.0,1
10000171,KLR-SER,,,26.0,0.0,0.0,1
10000184,KLR-SER,,,1.0,0.0,0.0,1
10000198,KLR-FG,,,83.0,0.0,0.0,1
10000198,KLR-SER,,,43.0,0.0,0.0,1
10000200,KLR-GEN,,,28.0,0.0,0.0,2
10000217,KLR-SER,,,100.0,0.0,0.0,1
10000221,KLR-FG,,,1.0,0.0,0.0,2
10000223,KLR-SER,,,13.0,0.0,0.0,3
10000224,KLR-SER,,,36.0,0.0,0.0,1
10000241,KLR-SER,,,1.0,0.0,0.0,1
10000242,KLR-SER,,,1.0,0.0,0.0,1
10000270,KLR-SER,,,290.0,0.0,0.0,1
10000272,KLR-SER,,,13.0,0.0,0.0,1
10000279,KLR-SER,,,9.0,0.0,0.0,2
10000288,KLR-SER,,,4.0,0.0,0.0,1
10000289,KLR-SER,,,4.0,0.0,0.0,1
10000301,KLR-SER,,,2.0,0.0,0.0,2
10000302,KLR-SER,,,7.0,0.0,0.0,6
10000305,KLR-SER,,,7.0,0.0,0.0,6
10000306,KLR-EXS,,,16.0,0.0,0.0,1
10000308,KLR-EXS,,,72.0,0.0,0.0,1
10000328,KLR-SER,,,2.0,0.0,0.0,1
10000329,KLR-SER,,,4.0,0.0,0.0,1
10000331,KLR-SER,,,10.0,0.0,0.0,2
10000336,KLR-SER,,,1.0,0.0,0.0,1
10000337,KLR-SER,,,2.0,0.0,0.0,1
10000340,KLR-SER,,,8.0,0.0,0.0,1
10000341,KLR-SER,,,1.0,0.0,0.0,1
10000344,KLR-SER,,,3.0,0.0,0.0,2
10000349,KLR-SER,,,4.0,0.0,0.0,2
10000351,KLR-SER,,,6.0,0.0,0.0,4
10000354,KLR-SER,,,1.0,0.0,0.0,3
10000356,KLR-SER,,,6.0,0.0,0.0,3
10000372,KER-FG,,,11.0,0.0,0.0,1
10000374,KLR-SER,,,1.0,0.0,0.0,1
10000379,KLR-SER,,,8.0,0.0,0.0,3
10000384,KLR-SER,,,10.0,0.0,0.0,3
10000393,KLR-SER,,,3.0,0.0,0.0,1
10000398,KER-FG,,,20.0,0.0,0.0,1
10000399,KLR-SER,,,1.0,0.0,0.0,1
10000400,KLR-SER,,,1.0,0.0,0.0,3
10000407,KLR-SER,,,1.0,0.0,0.0,1
10000437,KER-FG,,,50.0,0.0,0.0,1
10000439,KER-FG,,,40.0,0.0,0.0,1
10000440,KER-FG,,,37.0,0.0,0.0,1
10000443,KER-FG,,,50.0,0.0,0.0,1
10000444,KER-FG,,,7.0,0.0,0.0,1
10000445,KER-FG,,,54.0,0.0,0.0,1
10000446,KER-FG,,,52.0,0.0,0.0,1
10000458,KER-FG,,,3.0,0.0,0.0,1
10000458,KLR-SER,,,9.0,0.0,0.0,3
10000464,KLR-SER,,,4.0,0.0,0.0,1
10000467,KLR-SER,,,18.0,0.0,0.0,2
10000469,KLR-SER,,,4.0,0.0,0.0,2
10000470,KLR-SER,,,1.0,0.0,0.0,1
10000472,KLR-SER,,,1.0,0.0,0.0,3
10000478,KLR-SER,,,1.0,0.0,0.0,1
10000483,KLR-SER,,,10.0,0.0,0.0,3
10000488,KLR-SER,,,13.0,0.0,0.0,3
10000489,KLR-SER,,,7.0,0.0,0.0,3
10000490,KLR-SER,,,1.0,0.0,0.0,1
10000491,KLR-SER,,,5.0,0.0,0.0,3
10000492,KLR-SER,,,1.0,0.0,0.0,1
10000501,KLR-SER,,,2.0,0.0,0.0,3
10000504,KLR-SER,,,17.0,0.0,0.0,1
10000507,KLR-SER,,,18.0,0.0,0.0,2
10000531,KER-SR,,,1.0,0.0,0.0,1
10000538,KER-SR,,,1.0,0.0,0.0,1
10000543,KER-SR,,,2.0,0.0,0.0,2
10000697,KLR-SER,,,91.0,0.0,0.0,3
10000698,KER-FG,,,8.0,0.0,0.0,1
10000698,VIJW-FG,,,12.0,0.0,0.0,1
10000708,KLR-FG,,,2571.0,0.0,0.0,1
10000724,KLR-FG,,,261.0,0.0,0.0,1
10000802,KLR-FG,,,6.0,0.0,0.0,1
10000804,KLR-FG,,,2.0,0.0,0.0,1
10000808,KER-SR,,,1.0,0.0,0.0,1
11000002,BAN-FG,,,24.0,0.0,0.0,1
11000002,KER-SR,,,6.0,0.0,0.0,1
11000003,BAN-FG,,,32.0,0.0,0.0,1
11000003,KER-SR,,,2.0,0.0,0.0,1
11000003,VIJW-FG,,,8.0,0.0,0.0,1
11000004,BAN-FG,,,32.0,0.0,0.0,1
11000004,KER-FG,,,5.0,0.0,0.0,2
11000004,VIJW-FG,,,48.0,0.0,0.0,1
11000005,KLR-FG,,,8.0,0.0,0.0,1
11000012,KLR-FG,,,16.0,0.0,0.0,1
11000014,KLR-FG,,,35.0,0.0,0.0,1
11000017,KLR-FG,,,5.0,0.0,0.0,1
11000029,KLR-FG,,,8.0,0.0,0.0,1
11000035,KER-SR,,,3.0,0.0,0.0,3
11000042,BAN-FG,,,8.0,0.0,0.0,2
11000042,KER-FG,,,20.0,0.0,0.0,1
11000044,BAN-FG,,,8.0,0.0,0.0,1
11000044,KER-FG,,,16.0,0.0,0.0,3
11000046,BAN-FG,,,12.0,0.0,0.0,4
11000046,KER-FG,,,16.0,0.0,0.0,2
11000046,VIJW-FG,,,4.0,0.0,0.0,1
11000048,BAN-FG,,,12.0,0.0,0.0,2
11000048,KER-FG,,,12.0,0.0,0.0,3
11000052,KER-FG,,,48.0,0.0,0.0,3
11000052,KLR-FG,,,16.0,0.0,0.0,3
11000054,KER-FG,,,52.0,0.0,0.0,11
11000054,KLR-FG,,,8.0,0.0,0.0,2
11000054,KLR-SER,,,8.0,0.0,0.0,1
11000056,KER-FG,,,56.0,0.0,0.0,2
11000057,KER-FG,,,80.0,0.0,0.0,2
11000057,KLR-FG,,,16.0,0.0,0.0,8
11000058,BAN-FG,,,16.0,0.0,0.0,1
11000058,KER-FG,,,72.0,0.0,0.0,3
11000058,KLR-FG,,,8.0,0.0,0.0,4
11000058,KLR-SER,,,8.0,0.0,0.0,1
11000059,KER-FG,,,152.0,0.0,0.0,4
11000059,KLR-FG,,,8.0,0.0,0.0,6
11000059,KLR-SER,,,8.0,0.0,0.0,1
11000060,BAN-FG,,,16.0,0.0,0.0,1
11000060,KER-FG,,,64.0,0.0,0.0,7
11000061,KER-FG,,,48.0,0.0,0.0,4
11000062,KER-FG,,,16.0,0.0,0.0,9
11000062,KLR-FG,,,372.0,0.0,0.0,6
11000064,KER-FG,,,24.0,0.0,0.0,1
11000064,VIJW-FG,,,8.0,0.0,0.0,1
11000065,KER-FG,,,32.0,0.0,0.0,4
11000065,KLR-FG,,,8.0,0.0,0.0,2
11000066,KER-FG,,,8.0,0.0,0.0,1
11000066,KLR-EXS,,,16.0,0.0,0.0,2
11000066,KLR-FG,,,8.0,0.0,0.0,3
11000067,KER-FG,,,40.0,0.0,0.0,1
11000067,KLR-EXS,,,4.0,0.0,0.0,1
11000067,KLR-FG,,,8.0,0.0,0.0,2
11000067,KLR-SER,,,8.0,0.0,0.0,1
11000068,KER-FG,,,40.0,0.0,0.0,1
11000068,KLR-FG,,,8.0,0.0,0.0,2
11000068,KLR-SR,,,4.0,0.0,0.0,1
11000069,KER-FG,,,34.0,0.0,0.0,2
11000069,KLR-FG,,,8.0,0.0,0.0,2
11000069,KLR-SER,,,8.0,0.0,0.0,1
11000070,KER-FG,,,40.0,0.0,0.0,1
11000070,KLR-FG,,,8.0,0.0,0.0,2
11000070,KLR-SER,,,8.0,0.0,0.0,1
11000071,KLR-FG,,,8.0,0.0,0.0,2
11000072,KLR-FG,,,8.0,0.0,0.0,3
11000073,KLR-FG,,,16.0,0.0,0.0,5
11000074,KLR-FG,,,8.0,0.0,0.0,2
11000075,KER-FG,,,16.0,0.0,0.0,1
11000075,KLR-FG,,,8.0,0.0,0.0,5
11000075,KLR-SER,,,16.0,0.0,0.0,1
11000076,KER-FG,,,16.0,0.0,0.0,1
11000076,KLR-FG,,,8.0,0.0,0.0,5
11000076,KLR-SER,,,8.0,0.0,0.0,1
11000077,KER-FG,,,48.0,0.0,0.0,8
11000077,VIJW-FG,,,56.0,0.0,0.0,1
11000078,KER-FG,,,50.0,0.0,0.0,2
11000078,VIJW-FG,,,100.0,0.0,0.0,1
11000079,KER-FG,,,72.0,0.0,0.0,2
11000079,VIJW-FG,,,24.0,0.0,0.0,1
11000169,BAN-FG,,,6000.0,0.0,0.0,1
11000175,KLR-EXS,,,6.0,0.0,0.0,1
11000214,KLR-FG,,,1.0,0.0,0.0,1
11000289,KLR-FG,,,1.0,0.0,0.0,1
12000023,KLR-EXS,,,77.0,0.0,0.0,1
12000025,KLR-WIP,,,263.0,0.0,0.0,1
12000028,KLR-WIP,,,89.0,0.0,0.0,1
12000039,KLR-RM,,,1014.0,0.0,0.0,1
12000088,KLR-WIP,,,8.0,0.0,0.0,1
12000091,KLR-WIP,,,2.0,0.0,0.0,1
12000098,KLR-WIP,,,2.0,0.0,0.0,1
12000193,KLR-WIP,,,16267.0,0.0,0.0,1
12000194,KLR-WIP,,,21.0,0.0,0.0,1
12000222,KLR-WIP,,,8.0,0.0,0.0,1
12000279,KLR-WIP,,,253.0,0.0,0.0,1
12000310,KLR-WIP,,,1.0,0.0,0.0,1
12000343,KLR-WIP,,,21.0,0.0,0.0,1
12000389,KLR-WIP,,,64.0,0.0,0.0,1
12000404,KLR-WIP,,,1189.0,0.0,0.0,1
12000428,KLR-WIP,,,27.0,0.0,0.0,1
12000461,KLR-WIP,,,13.0,0.0,0.0,1
12000479,KLR-WIP,,,6.0,0.0,0.0,1
12000480,KLR-WIP,,,19.0,0.0,0.0,1
12000488,KLR-WIP,,,3646.0,0.0,0.0,1
12000520,KLR-EXS,,,732.0,0.0,0.0,1
12000642,KLR-WIP,,,368.0,0.0,0.0,1
12000660,KLR-WIP,,,1.0,0.0,0.0,1
12000661,KLR-WIP,,,13.0,0.0,0.0,1
12000668,KLR-WIP,,,2.0,0.0,0.0,1
12000676,KLR-WIP,,,3.0,0.0,0.0,1
12000677,KLR-WIP,,,4.0,0.0,0.0,1
12000680,KLR-WIP,,,56.0,0.0,0.0,1
12000682,KLR-WIP,,,56.0,0.0,0.0,1
12000684,KLR-WIP,,,40.0,0.0,0.0,1
12000699,KLR-WIP,,,119.0,0.0,0.0,1
12000797,KLR-WIP,,,64.0,0.0,0.0,1
12000803,KLR-WIP,,,96.0,0.0,0.0,1
12000804,KLR-WIP,,,41.0,0.0,0.0,1
12000806,KLR-WIP,,,37.0,0.0,0.0,1
12000827,KLR-WIP,,,156.0,0.0,0.0,1
12000922,KLR-WIP,,,33.0,0.0,0.0,1
12000964,KLR-WIP,,,1300.0,0.0,0.0,3
12001030,KLR-WIP,,,503.0,0.0,0.0,1
12001065,KLR-WIP,,,442.0,0.0,0.0,1
12001129,KLR-WIP,,,56.0,0.0,0.0,1
12001146,KLR-WIP,,,604.0,0.0,0.0,1
12001199,KLR-WIP,,,121.0,0.0,0.0,1
12001206,KLR-WIP,,,24.0,0.0,0.0,1
12001230,KLR-WIP,,,148.0,0.0,0.0,1
12001236,KLR-WIP,,,56.0,0.0,0.0,1
12001238,KLR-WIP,,,853.0,0.0,0.0,1
12001243,KLR-WIP,,,47.0,0.0,0.0,1
12001253,KLR-WIP,,,684.0,0.0,0.0,1
12001260,KLR-WIP,,,235.0,0.0,0.0,1
12001345,KLR-EXS,,,4.0,0.0,0.0,1
12001412,KLR-WIP,,,80.0,0.0,0.0,1
12001421,KLR-WIP,,,10.0,0.0,0.0,1
12001440,KLR-WIP,,,8.0,0.0,0.0,1
12001441,KLR-WIP,,,51.0,0.0,0.0,1
12001458,KLR-WIP,,,109.0,0.0,0.0,1
12001462,KLR-WIP,,,41.0,0.0,0.0,1
12001476,KLR-WIP,,,59.0,0.0,0.0,1
12001512,KLR-WIP,,,167.0,0.0,0.0,1
12001525,KLR-WIP,,,1193.875,0.0,0.0,1
12001535,KLR-WIP,,,16.0,0.0,0.0,3
12001537,KLR-WIP,,,357.0,0.0,0.0,1
12001547,KLR-WIP,,,261.0,0.0,0.0,1
12001553,KLR-WIP,,,127.0,0.0,0.0,1
12001558,KLR-EXS,,,1764.0,0.0,0.0,1
12001570,KLR-EXS,,,1168.0,0.0,0.0,1
12001570,KLR-WIP,,,356.0,0.0,0.0,3
12001571,KLR-WIP,,,10.0,0.0,0.0,3
12001572,KLR-EXS,,,388.0,0.0,0.0,1
12001572,SAL-GEN,,,6190.0,0.0,0.0,1
12001585,KLR-EXS,,,14653.0,0.0,0.0,1
12001587,KLR-EXS,,,4513.0,0.0,0.0,2
12001589,KLR-WIP,,,316.0,0.0,0.0,31
12001590,KLR-EXS,,,4917.0,0.0,0.0,1
12001592,KLR-EXS,,,3065.0,0.0,0.0,3
12001593,KLR-WIP,,,1.0,0.0,0.0,1
12001595,KLR-WIP,,,1.0,0.0,0.0,46
12001596,KLR-EXS,,,15297.0,0.0,0.0,3
12001596,KLR-WIP,,,1.0,0.0,0.0,42
12001597,KLR-WIP,,,13.0,0.0,0.0,28
12001598,KLR-EXS,,,5298.0,0.0,0.0,3
12001601,KLR-WIP,,,340.0,0.0,0.0,53
12001601,SAL-GEN,,,786.0,0.0,0.0,3
12001633,KLR-EXS,,,7933.0,0.0,0.0,1
12001634,KLR-EXS,,,1888.0,0.0,0.0,1
12001637,KLR-WIP,,,489.0,0.0,0.0,1
12001653,KLR-WIP,,,386.0,0.0,0.0,4
12001670,KLR-EXS,,,17.0,0.0,0.0,1
12001672,KLR-EXS,,,2.0,0.0,0.0,1
12001674,KLR-EXS,,,19.0,0.0,0.0,1
12001680,KLR-EXS,,,450.0,0.0,0.0,1
12001681,KLR-EXS,,,7000.0,0.0,0.0,1
12001682,SAL-GEN,,,185.0,0.0,0.0,3
12001683,KLR-EXS,,,1442.0,0.0,0.0,1
12001684,KLR-EXS,,,88.0,0.0,0.0,3
12001685,KLR-WIP,,,75.0,0.0,0.0,32
12001685,SAL-GEN,,,165.0,0.0,0.0,3
12001692,KLR-EXS,,,3.0,0.0,0.0,1
12001693,KLR-EXS,,,64.0,0.0,0.0,1
12001694,KLR-EXS,,,12.0,0.0,0.0,1
12001694,KLR-WIP,,,7.0,0.0,0.0,12
12001695,SAL-GEN,,,10.0,0.0,0.0,3
12001698,SAL-GEN,,,1142.0,0.0,0.0,3
12001701,KLR-EXS,,,43.0,0.0,0.0,1
12001701,KLR-WIP,,,20.0,0.0,0.0,5
12001702,KLR-EXS,,,10.0,0.0,0.0,1
12001705,KLR-EXS,,,7.0,0.0,0.0,1
12001706,KLR-REJ,,,8.0,0.0,0.0,1
12001706,KLR-WIP,,,1082.0,0.0,0.0,2
12001707,KLR-WIP,,,40.0,0.0,0.0,1
12001715,KLR-WIP,,,54.0,0.0,0.0,1
12001745,SAL-GEN,,,6026.0,0.0,0.0,5
12001746,SAL-GEN,,,6043.0,0.0,0.0,5
13000001,KLR-EXS,,,0.03583,0.0,0.0,1
13000001,SAL-GEN,,,7647.0,0.0,0.0,1
13000003,KLR-EXS,,,17.87316,0.0,0.0,1
13000003,KLR-REJ,,,38.82119,0.0,0.0,67
13000005,KLR-EXS,,,0.00012,0.0,0.0,1
13000005,KLR-FG,,,-0.45,0.0,0.0,2
13000006,KLR-EXS,,,44.6009,0.0,0.0,2
13000008,KLR-EXS,,,2255.99,0.0,0.0,2
13000008,KLR-REJ,,,18780.88684,0.0,0.0,1201
13000009,KLR-EXS,,,0.00012,0.0,0.0,1
13000009,KLR-FG,,,383.569,0.0,0.0,3
13000010,KLR-EXS,,,0.00028,0.0,0.0,1
13000010,KLR-FG,,,484.0,0.0,0.0,3
13000011,KLR-EXS,,,0.91732,0.0,0.0,1
13000011,KLR-FG,,,46390.71509,0.0,0.0,8
13000011,KLR-REJ,,,206.72,0.0,0.0,1
13000014,KLR-EXS,,,0.00094,0.0,0.0,1
13000014,KLR-FG,,,5036.87816,0.0,0.0,6
13000014,KLR-REJ,,,7085.278,0.0,0.0,45
13000015,KLR-EXS,,,0.00553,0.0,0.0,1
13000015,KLR-FG,,,-20.0,0.0,0.0,2
13000016,KLR-EXS,,,0.00178,0.0,0.0,1
13000016,KLR-FG,,,1322.58,0.0,0.0,3
13000017,KLR-EXS,,,1.44,0.0,0.0,1
13000018,KLR-EXS,,,1.453,0.0,0.0,2
13000018,KLR-FG,,,345.0,0.0,0.0,4
13000019,KLR-EXS,,,0.688,0.0,0.0,1
15000010,KLR-GEN,,,21.0,0.0,0.0,2
15000011,KLR-GEN,,,331.0,0.0,0.0,3
15000096,KLR-WIP,,,131.0,0.0,0.0,5
15000107,KLR-EXS,,,0.004,0.0,0.0,1
15000107,KLR-GEN,,,5.54,0.0,0.0,3
15000165,KLR-GEN,,,141.0,0.0,0.0,2
15000200,KLR-GEN,,,200.0,0.0,0.0,2
15000217,KLR-EXS,,,4108.0,0.0,0.0,1
15000217,KLR-GEN,,,20000.0,0.0,0.0,16
15000238,KLR-GEN,,,168.0,0.0,0.0,2
15000277,KLR-GEN,,,0.166,0.0,0.0,4
15000310,KLR-WIP,,,2.18,0.0,0.0,1
15000348,KLR-EXS,,,0.375,0.0,0.0,1
15000349,KLR-EXS,,,8700.0,0.0,0.0,1
15000362,KLR-WIP,,,1.752,0.0,0.0,3
15000367,KLR-GEN,,,0.01,0.0,0.0,7
15000374,KLR-GEN,,,-0.03,0.0,0.0,15
15000374,KLR-WIP,,,0.201,0.0,0.0,35
15000386,KLR-GEN,,,5.8797,0.0,0.0,4
15000391,KLR-GEN,,,0.03,0.0,0.0,11
15000391,KLR-WIP,,,0.004,0.0,0.0,2
15000396,KLR-EXS,,,0.684,0.0,0.0,2
15000545,KLR-GEN,,,12.0,0.0,0.0,2
15000621,KLR-GEN,,,333.0,0.0,0.0,1
16000157,KLR-GEN,,,8.0,0.0,0.0,9
16000158,KLR-CON,,,179.0,0.0,0.0,4
16000158,KLR-GEN,,,8.0,0.0,0.0,10
16000158,KLR-SER,,,2.0,0.0,0.0,1
16000259,KLR-GEN,,,300.0,0.0,0.0,50
16000260,KLR-WIP,,,100.0,0.0,0.0,1
16000261,KLR-WIP,,,100.0,0.0,0.0,1
16000287,KLR-GEN,,,100.0,0.0,0.0,3
16000288,KLR-GEN,,,100.0,0.0,0.0,1
16000293,KLR-GEN,,,200.0,0.0,0.0,11
16000299,KLR-GEN,,,100.0,0.0,0.0,4
16000299,KLR-WIP,,,100.0,0.0,0.0,3
16000341,KLR-GEN,,,4.0,0.0,0.0,7
17000013,KLR-WIP,,,1344.8,0.0,0.0,1
17000031,KLR-FG,,,57.646,0.0,0.0,1
17000032,KLR-RM,,,145.0,0.0,0.0,1
17000033,KLR-RM,,,28.94,0.0,0.0,15
17000080,KLR-WIP,,,2764.32,0.0,0.0,1
17000088,KLR-RM,,,2533.0,0.0,0.0,1
17000089,KLR-RM,,,539.0,0.0,0.0,3
17000090,KLR-EXS,,,7024.8089,0.0,0.0,1
17000090,KLR-RM,,,453.9812,0.0,0.0,49
17000090,KLR-WIP,,,0.0188,0.0,0.0,9
17000090,SAL-GEN,,,1025.0,0.0,0.0,1
17000091,KLR-RM,,,27310.9266,0.0,0.0,38
17000091,KLR-WIP,,,3733.65,0.0,0.0,29
17000091,SAL-GEN,,,320.25,0.0,0.0,5
17000094,KLR-RM,,,1588.0,0.0,0.0,2
17000099,KLR-RM,,,5440.9984,0.0,0.0,16
17000099,KLR-WIP,,,481.0016,0.0,0.0,10
17000100,KLR-RM,,,4670.0,0.0,0.0,7
17000101,KLR-RM,,,1989.9,0.0,0.0,12
17000101,KLR-WIP,,,644.1,0.0,0.0,13
17000108,KLR-EXS,,,727.0,0.0,0.0,1
17000136,KLR-RM,,,-0.0375,0.0,0.0,1
17000136,KLR-WIP,,,-0.45384,0.0,0.0,5
17000160,KLR-WIP,,,25.55,0.0,0.0,1
17000161,KLR-RM,,,-0.0053,0.0,0.0,1
17000168,KLR-EXS,,,78.5406,0.0,0.0,1
17000168,KLR-RM,,,212.0888,0.0,0.0,8
17000168,KLR-WIP,,,-0.1536,0.0,0.0,6
17000171,KLR-EXS,,,264.6108,0.0,0.0,2
17000171,KLR-RM,,,60.15,0.0,0.0,7
17000171,KLR-WIP,,,343.2,0.0,0.0,5
17000172,SAL-GEN,,,343.2,0.0,0.0,1
17000198,KLR-WIP,,,30.287,0.0,0.0,2
17000202,KLR-RM,,,988.25,0.0,0.0,5
17000208,KLR-EXS,,,82.0,0.0,0.0,1
17000209,KLR-EXS,,,109.0,0.0,0.0,1
17000215,KLR-RM,,,1189.95,0.0,0.0,8
17000216,KLR-RM,,,3534.75,0.0,0.0,4
17000217,KLR-EXS,,,9.9,0.0,0.0,1
17000217,SAL-GEN,,,1098.5,0.0,0.0,1
17000224,KLR-EXS,,,90.76494,0.0,0.0,1
17000225,KLR-EXS,,,74.65,0.0,0.0,1
17000231,KLR-EXS,,,50.8,0.0,0.0,1
17000231,KLR-RM,,,1118.55,0.0,0.0,7
17000232,KLR-RM,,,1120.95,0.0,0.0,7
17000239,SAL-GEN,,,727.0,0.0,0.0,1
18000054,KLR-GEN,,,10.0,0.0,0.0,1
18000075,KLR-GEN,,,25.0,0.0,0.0,1
18000079,KLR-GEN,,,61.0,0.0,0.0,1
18000082,KLR-GEN,,,46.0,0.0,0.0,1
18000095,KLR-GEN,,,277.0,0.0,0.0,1
18000097,KLR-GEN,,,109.0,0.0,0.0,1
18000099,KLR-GEN,,,4.0,0.0,0.0,1
18000100,KLR-GEN,,,26.0,0.0,0.0,1
18000138,KLR-GEN,,,48.0,0.0,0.0,1
18000139,KLR-GEN,,,72.0,0.0,0.0,1
18000140,KLR-GEN,,,103.0,0.0,0.0,1
18000141,KLR-GEN,,,2.0,0.0,0.0,1
18000156,KLR-GEN,,,44.0,0.0,0.0,1
18000162,KLR-GEN,,,96.0,0.0,0.0,1
18000163,KLR-GEN,,,33.0,0.0,0.0,1
18000164,KLR-GEN,,,58.0,0.0,0.0,1
18000165,KLR-GEN,,,112.0,0.0,0.0,1
18000166,KLR-GEN,,,73.0,0.0,0.0,1
18000195,KLR-GEN,,,103.0,0.0,0.0,1
18000196,KLR-GEN,,,32.0,0.0,0.0,1
18000197,KLR-GEN,,,118.0,0.0,0.0,1
18000216,KLR-GEN,,,2.0,0.0,0.0,1
18000251,KLR-GEN,,,18.0,0.0,0.0,1
18000253,KLR-GEN,,,292.0,0.0,0.0,1
18000278,KLR-GEN,,,16.0,0.0,0.0,1
18000279,KLR-GEN,,,65.0,0.0,0.0,1
18000280,KLR-GEN,,,53.0,0.0,0.0,1
18000281,KLR-GEN,,,43.0,0.0,0.0,1
18000284,KLR-GEN,,,6.0,0.0,0.0,1
18000285,KLR-GEN,,,2.0,0.0,0.0,1
19000001,KLR-EXS,,,1.0,0.0,0.0,1
19000002,KLR-EXS,,,1.0,0.0,0.0,1
19000003,KLR-EXS,,,1.0,0.0,0.0,1
19000004,KLR-EXS,,,1.0,0.0,0.0,1
19000005,KLR-EXS,,,1.0,0.0,0.0,1
19000006,KLR-EXS,,,1.0,0.0,0.0,1
17000006,KLR-EXS,1201001,INVENTORY RAW MATERIAL,0.7,143.23,204.614286,9
17000007,KLR-EXS,1201001,INVENTORY RAW MATERIAL,166.09,28143.13,169.44506,8
17000007,KLR-RM,1201001,INVENTORY RAW MATERIAL,1188.96,201463.41,169.44507,104
17000007,KLR-WIP,1201001,INVENTORY RAW MATERIAL,166.04,28134.66,169.445073,56
17000010,KLR-EXS,1201001,INVENTORY RAW MATERIAL,61.6,12583.52,204.277922,8
17000011,KLR-RM,1201001,INVENTORY RAW MATERIAL,348.0,77878.06,223.787529,5
17000013,KLR-EXS,1201001,INVENTORY RAW MATERIAL,132.581,30692.55,231.500366,7
17000013,KLR-RM,1201001,INVENTORY RAW MATERIAL,10342.42,2394273.66,231.500332,49
17000013,KLR-SUB,1201001,INVENTORY RAW MATERIAL,132.58,27542.66,207.743702,45
17000013,KLR-WIP,1201001,INVENTORY RAW MATERIAL,-1344.8,0.0,0.0,4
17000020,KLR-EXS,1201001,INVENTORY RAW MATERIAL,0.0592,12.42,209.797297,6
17000020,KLR-RM,1201001,INVENTORY RAW MATERIAL,705.0,147867.09,209.740553,22
17000021,KLR-EXS,1201001,INVENTORY RAW MATERIAL,22.9,3549.5,155.0,3
17000023,KLR-EXS,1201001,INVENTORY RAW MATERIAL,7.584,1063.59,140.241297,3
17000023,KLR-RM,1201001,INVENTORY RAW MATERIAL,52.416,7350.9,140.241529,21
17000023,KLR-SUB,1201001,INVENTORY RAW MATERIAL,7.584,1066.71,140.65269,15
17000024,KLR-RM,1201001,INVENTORY RAW MATERIAL,19.7,6205.5,315.0,1
17000025,KLR-RM,1201001,INVENTORY RAW MATERIAL,152.0,32257.44,212.22,3
17000027,KLR-EXS,1201001,INVENTORY RAW MATERIAL,0.003,0.46,153.333333,4
17000028,KLR-RM,1201001,INVENTORY RAW MATERIAL,365.6,78391.16,214.417834,101
17000028,KLR-WIP,1201001,INVENTORY RAW MATERIAL,0.2,42.88,214.4,17
17000029,KLR-RM,1201001,INVENTORY RAW MATERIAL,2559.0,420341.34,164.26,76
17000031,KLR-FG,1201001,INVENTORY RAW MATERIAL,-57.646,0.0,0.0,2
17000031,KLR-RM,1201001,INVENTORY RAW MATERIAL,248.0,45487.13,183.415847,125
17000033,KLR-EXS,1201001,INVENTORY RAW MATERIAL,31.40101,5345.69,170.239429,11
17000033,KLR-RM,1201001,INVENTORY RAW MATERIAL,3402.06,584091.39,171.687563,208
17000034,KLR-EXS,1201001,INVENTORY RAW MATERIAL,6.0992,1012.51,166.007017,21
17000034,KLR-RM,1201001,INVENTORY RAW MATERIAL,6808.978,1130334.08,166.006423,124
17000034,KLR-WIP,1201001,INVENTORY RAW MATERIAL,0.022,3.64,165.454545,100
17000036,KLR-RM,1201001,INVENTORY RAW MATERIAL,335.8,45277.13,134.833621,20
17000037,KLR-EXS,1201001,INVENTORY RAW MATERIAL,0.288,42.09,146.145833,1
17000042,KLR-RM,1201001,INVENTORY RAW MATERIAL,940.99664,166075.72,176.489174,113
17000042,KLR-WIP,1201001,INVENTORY RAW MATERIAL,0.00336,0.59,175.595238,150
17000043,KLR-EXS,1201001,INVENTORY RAW MATERIAL,0.95116,141.59,148.860339,6
17000055,KLR-RM,1201001,INVENTORY RAW MATERIAL,333.0,50949.0,153.0,1
17000056,KLR-EXS,1201001,INVENTORY RAW MATERIAL,1059.23,186194.77,175.783135,42
17000056,KLR-RM,1201001,INVENTORY RAW MATERIAL,254.9045,47278.53,185.475462,418
17000056,KLR-SUB,1201001,INVENTORY RAW MATERIAL,16346.1,3026227.63,185.134535,145
17000057,KLR-EXS,1201001,INVENTORY RAW MATERIAL,464.146,101237.26,218.115119,16
17000057,KLR-RM,1201001,INVENTORY RAW MATERIAL,2282.954,497946.78,218.115118,66
17000057,KLR-SUB,1201001,INVENTORY RAW MATERIAL,475.046,108128.39,227.616673,26
17000058,KLR-RM,1201001,INVENTORY RAW MATERIAL,14950.6746,3479214.1,232.71285,88
17000058,KLR-WIP,1201001,INVENTORY RAW MATERIAL,16.3254,3547.16,217.278597,15
17000059,KLR-EXS,1201001,INVENTORY RAW MATERIAL,1449.0,311609.48,215.051401,3
17000059,KLR-RM,1201001,INVENTORY RAW MATERIAL,0.004,0.86,215.0,20
17000061,KLR-EXS,1201001,INVENTORY RAW MATERIAL,31.76,4856.23,152.903967,1
17000065,KLR-RM,1201001,INVENTORY RAW MATERIAL,85.65,20860.12,243.55073,11
17000066,KLR-RM,1201001,INVENTORY RAW MATERIAL,4100.0,670070.72,163.431883,24
17000077,KLR-EXS,1201001,INVENTORY RAW MATERIAL,0.0532,9.44,177.443609,15
17000077,KLR-RM,1201001,INVENTORY RAW MATERIAL,1413.0,250669.82,177.402562,68
17000078,KLR-RM,1201001,INVENTORY RAW MATERIAL,412.0,71539.68,173.64,36
17000079,KLR-RM,1201001,INVENTORY RAW MATERIAL,2830.0,511364.45,180.694152,84
17000080,KLR-EXS,1201001,INVENTORY RAW MATERIAL,316.451,58341.58,184.362129,4
17000080,KLR-RM,1201001,INVENTORY RAW MATERIAL,5127.54,945324.12,184.362115,597
17000080,KLR-WIP,1201001,INVENTORY RAW MATERIAL,-2445.86,58763.4,-24.02566,205
17000083,KLR-EXS,1201001,INVENTORY RAW MATERIAL,52.136,10558.45,202.517454,4
17000084,KLR-EXS,1201001,INVENTORY RAW MATERIAL,194.24,38550.51,198.468441,3
17000085,KLR-EXS,1201001,INVENTORY RAW MATERIAL,41.65,8400.78,201.6994,4
17000086,KLR-RM,1201001,INVENTORY RAW MATERIAL,173.0,28026.0,162.0,63
17000087,KLR-EXS,1201001,INVENTORY RAW MATERIAL,11.52,2522.91,219.002604,1
17000091,KLR-RM,1201001,INVENTORY RAW MATERIAL,-23562.2766,378.57,-0.016067,13
17000091,KLR-WIP,1201001,INVENTORY RAW MATERIAL,-2246.3,0.0,0.0,7
17000093,KLR-RM,1201001,INVENTORY RAW MATERIAL,200.0,30342.0,151.71,1
17000103,KLR-EXS,1201001,INVENTORY RAW MATERIAL,0.2,43.98,219.9,1
17000104,KLR-RM,1201001,INVENTORY RAW MATERIAL,757.8,146255.4,193.0,3
17000104,KLR-SUB,1201001,INVENTORY RAW MATERIAL,805.2,156522.81,194.389978,3
17000117,KLR-EXS,1201001,INVENTORY RAW MATERIAL,200.0,45600.0,228.0,4
17000118,KLR-EXS,1201001,INVENTORY RAW MATERIAL,250.0,42500.0,170.0,4
17000124,KLR-RM,1201001,INVENTORY RAW MATERIAL,-4981.0,-518024.0,104.0,5
17000125,KLR-EXS,1201001,INVENTORY RAW MATERIAL,0.002,0.41,205.0,5
17000132,KLR-EXS,1201001,INVENTORY RAW MATERIAL,156.354,25390.15,162.388874,9
17000133,KLR-EXS,1201001,INVENTORY RAW MATERIAL,49.49999,7488.91,151.291142,1
17000134,KLR-EXS,1201001,INVENTORY RAW MATERIAL,0.1,15.39,153.9,28
17000134,KLR-RM,1201001,INVENTORY RAW MATERIAL,200.0,30784.0,153.92,2
17000135,KLR-EXS,1201001,INVENTORY RAW MATERIAL,162.45,1.62,0.009972,1
17000135,KLR-RM,1201001,INVENTORY RAW MATERIAL,573.95,5.74,0.010001,15
17000136,KLR-EXS,1201001,INVENTORY RAW MATERIAL,118.86634,1.19,0.010011,1
17000136,KLR-RM,1201001,INVENTORY RAW MATERIAL,548.7875,5.49,0.010004,52
17000136,KLR-WIP,1201001,INVENTORY RAW MATERIAL,0.45384,0.0,0.0,23
17000139,KLR-EXS,1201001,INVENTORY RAW MATERIAL,0.0076,1.39,182.894737,6
17000139,KLR-RM,1201001,INVENTORY RAW MATERIAL,214.9924,39403.63,183.279176,20
17000139,KLR-WIP,1201001,INVENTORY RAW MATERIAL,0.0076,1.39,182.894737,18
17000145,KLR-EXS,1201001,INVENTORY RAW MATERIAL,1.0,162.39,162.39,37
17000145,KLR-RM,1201001,INVENTORY RAW MATERIAL,347.0,56350.88,162.394467,13
17000145,KLR-WIP,1201001,INVENTORY RAW MATERIAL,1591.0,324926.42,204.227794,56
17000155,KLR-EXS,1201001,INVENTORY RAW MATERIAL,36.17,5416.5,149.751175,11
17000155,KLR-RM,1201001,INVENTORY RAW MATERIAL,2101.75,314739.33,149.751079,33
17000155,KLR-SUB,1201001,INVENTORY RAW MATERIAL,35.25,5278.75,149.751773,2
17000159,KLR-QC,1201001,INVENTORY RAW MATERIAL,2218.0,530674.03,239.257904,9
17000159,KLR-RM,1201001,INVENTORY RAW MATERIAL,3244.0,767277.3,236.521979,26
17000160,KLR-RM,1201001,INVENTORY RAW MATERIAL,2590.2,25.91,0.010003,5
17000161,KLR-RM,1201001,INVENTORY RAW MATERIAL,583.0553,5.83,0.009999,15
17000161,KLR-WIP,1201001,INVENTORY RAW MATERIAL,0.45,0.0,0.0,11
17000162,KLR-EXS,1201001,INVENTORY RAW MATERIAL,357.45,3.57,0.009987,1
17000163,KLR-EXS,1201001,INVENTORY RAW MATERIAL,369.65,3.7,0.010009,1
17000163,KLR-RM,1201001,INVENTORY RAW MATERIAL,906.35,9.06,0.009996,8
17000163,KLR-WIP,1201001,INVENTORY RAW MATERIAL,181.9,1.82,0.010005,3
17000164,KLR-RM,1201001,INVENTORY RAW MATERIAL,338.05,3.38,0.009999,13
17000165,KLR-EXS,1201001,INVENTORY RAW MATERIAL,56.954,0.57,0.010008,1
17000165,KLR-RM,1201001,INVENTORY RAW MATERIAL,605.0,6.05,0.01,15
17000166,KLR-RM,1201001,INVENTORY RAW MATERIAL,127.7,1.28,0.010023,1
17000167,KLR-RM,1201001,INVENTORY RAW MATERIAL,870.0,8.7,0.01,2
17000168,KLR-RM,1201001,INVENTORY RAW MATERIAL,0.0112,0.0,0.0,26
17000168,KLR-WIP,1201001,INVENTORY RAW MATERIAL,0.1536,0.0,0.0,30
17000170,KLR-RM,1201001,INVENTORY RAW MATERIAL,22.9,0.23,0.010044,1
17000175,KLR-RM,1201001,INVENTORY RAW MATERIAL,602.0,104531.28,173.64,8
17000176,KLR-EXS,1201001,INVENTORY RAW MATERIAL,58.6159,10178.06,173.639917,3
17000176,KLR-RM,1201001,INVENTORY RAW MATERIAL,562.3841,97652.38,173.640009,8
17000176,KLR-WIP,1201001,INVENTORY RAW MATERIAL,58.6159,10187.74,173.80506,8
17000177,KLR-RM,1201001,INVENTORY RAW MATERIAL,517.0,89771.88,173.64,5
17000178,KLR-EXS,1201001,INVENTORY RAW MATERIAL,143.72,22809.98,158.711244,3
17000180,KLR-EXS,1201001,INVENTORY RAW MATERIAL,381.0,61992.51,162.71,1
17000181,KLR-EXS,1201001,INVENTORY RAW MATERIAL,3.616,6.69,1.850111,1
17000181,KLR-RM,1201001,INVENTORY RAW MATERIAL,1029.0,1903.65,1.85,2
17000187,KLR-RM,1201001,INVENTORY RAW MATERIAL,716.0,114132.13,159.402416,3
17000191,KLR-RM,1201001,INVENTORY RAW MATERIAL,983.0,171128.94,174.088444,10
17000193,KLR-RM,1201001,INVENTORY RAW MATERIAL,870.0,154145.45,177.178678,29
17000194,KLR-RM,1201001,INVENTORY RAW MATERIAL,540.0,95275.63,176.436352,40
17000195,KLR-EXS,1201001,INVENTORY RAW MATERIAL,634.60584,110475.72,174.085571,1
17000195,KLR-RM,1201001,INVENTORY RAW MATERIAL,713.39416,124191.64,174.085585,33
17000195,KLR-WIP,1201001,INVENTORY RAW MATERIAL,634.60584,110475.72,174.085571,26
17000196,KLR-EXS,1201001,INVENTORY RAW MATERIAL,49.7,0.5,0.01006,1
17000197,KLR-RM,1201001,INVENTORY RAW MATERIAL,106.0,1.06,0.01,3
17000197,KLR-WIP,1201001,INVENTORY RAW MATERIAL,1.6,0.02,0.0125,2
17000198,KLR-RM,1201001,INVENTORY RAW MATERIAL,509.3,5.09,0.009994,18
17000198,KLR-WIP,1201001,INVENTORY RAW MATERIAL,72.263,1.03,0.014253,7
17000199,KLR-RM,1201001,INVENTORY RAW MATERIAL,1102.4797,11.02,0.009996,8
17000199,KLR-WIP,1201001,INVENTORY RAW MATERIAL,8.3703,0.08,0.009558,13
17000201,KLR-EXS,1201001,INVENTORY RAW MATERIAL,148.0,1.48,0.01,1
17000201,KLR-WIP,1201001,INVENTORY RAW MATERIAL,166.0,1.66,0.01,16
17000202,KLR-RM,1201001,INVENTORY RAW MATERIAL,-272.25,2.12,-0.007787,7
17000205,KLR-RM,1201001,INVENTORY RAW MATERIAL,765.0,118957.34,155.499791,9
17000211,KLR-RM,1201001,INVENTORY RAW MATERIAL,544.0,154199.61,283.455165,5
17000214,KLR-EXS,1201001,INVENTORY RAW MATERIAL,785.0,166401.43,211.976344,1
17000218,KLR-RM,1201001,INVENTORY RAW MATERIAL,1096.0,194583.45,177.539644,4
17000221,KLR-RM,1201001,INVENTORY RAW MATERIAL,561.0,88947.45,158.551604,5
17000227,KLR-RM,1201001,INVENTORY RAW MATERIAL,1150.0,265730.17,231.069713,2
17000233,KLR-RM,1201001,INVENTORY RAW MATERIAL,677.0,105273.36,155.499793,3
17000236,KLR-EXS,1201001,INVENTORY RAW MATERIAL,24.0,5437.21,226.550417,1
17000237,KLR-RM,1201001,INVENTORY RAW MATERIAL,916.0,150057.29,163.818002,1
18000283,KLR-EXS,1201001,INVENTORY RAW MATERIAL,6314.0,148511.16,23.520931,1
18000283,KLR-QC,1201001,INVENTORY RAW MATERIAL,-6314.0,-148511.16,23.520931,1
10000001,BAN-GEN,1201002,INVENTORY FINISHED PRODUCTS,32.0,6222.4,194.45,1
10000001,KLR-EXS,1201002,INVENTORY FINISHED PRODUCTS,4.0,777.8,194.45,3
10000001,KLR-FG,1201002,INVENTORY FINISHED PRODUCTS,31.0,6027.95,194.45,54
10000001,KLR-SER,1201002,INVENTORY FINISHED PRODUCTS,10.0,2138.95,213.895,2
10000001,KLR-SR,1201002,INVENTORY FINISHED PRODUCTS,1.0,194.45,194.45,3
10000002,BAN-GEN,1201002,INVENTORY FINISHED PRODUCTS,32.0,6625.6,207.05,1
10000002,KLR-EXS,1201002,INVENTORY FINISHED PRODUCTS,7.0,1449.35,207.05,4
10000002,KLR-SER,1201002,INVENTORY FINISHED PRODUCTS,3.0,621.15,207.05,2
10000002,KLR-SR,1201002,INVENTORY FINISHED PRODUCTS,18.0,3726.9,207.05,12
10000002,VIJW-GEN,1201002,INVENTORY FINISHED PRODUCTS,1.0,207.05,207.05,1
10000003,BAN-GEN,1201002,INVENTORY FINISHED PRODUCTS,23.0,6404.81,278.47,1
10000003,KLR-EXS,1201002,INVENTORY FINISHED PRODUCTS,6.0,1670.82,278.47,4
10000003,KLR-FG,1201002,INVENTORY FINISHED PRODUCTS,16.0,4455.52,278.47,51
10000003,KLR-SER,1201002,INVENTORY FINISHED PRODUCTS,19.0,5569.4,293.126316,3
10000003,KLR-SR,1201002,INVENTORY FINISHED PRODUCTS,13.0,3620.11,278.47,10
10000003,VIJW-GEN,1201002,INVENTORY FINISHED PRODUCTS,40.0,11138.8,278.47,1
10000004,KLR-FG,1201002,INVENTORY FINISHED PRODUCTS,4.0,12333.84,3083.46,58
10000005,KLR-FG,1201002,INVENTORY FINISHED PRODUCTS,24.0,64560.24,2690.01,63
10000006,KLR-FG,1201002,INVENTORY FINISHED PRODUCTS,3.0,7483.8,2494.6,6
10000007,KLR-EXS,1201002,INVENTORY FINISHED PRODUCTS,88.0,219524.8,2494.6,1
10000007,KLR-FG,1201002,INVENTORY FINISHED PRODUCTS,14.0,34924.4,2494.6,49
10000008,BAN-FG,1201002,INVENTORY FINISHED PRODUCTS,202.0,8471.88,41.94,10
10000008,KER-FG,1201002,INVENTORY FINISHED PRODUCTS,65.0,2726.1,41.94,80
10000008,KLR-FG,1201002,INVENTORY FINISHED PRODUCTS,2361.0,99020.34,41.94,182
10000008,KLR-SER,1201002,INVENTORY FINISHED PRODUCTS,41.0,1719.54,41.94,5
10000008,KLR-SR,1201002,INVENTORY FINISHED PRODUCTS,392.0,16440.48,41.94,17
10000008,VIJW-FG,1201002,INVENTORY FINISHED PRODUCTS,245.0,10275.3,41.94,14
10000009,KER-GEN,1201002,INVENTORY FINISHED PRODUCTS,138.0,4945.92,35.84,1
10000009,KLR-FG,1201002,INVENTORY FINISHED PRODUCTS,229.0,8207.36,35.84,20
10000009,KLR-SR,1201002,INVENTORY FINISHED PRODUCTS,189.0,6773.76,35.84,9
10000009,VIJW-GEN,1201002,INVENTORY FINISHED PRODUCTS,50.0,1792.0,35.84,1
10000010,KLR-EXS,1201002,INVENTORY FINISHED PRODUCTS,4.0,751.8,187.95,1
10000010,KLR-FG,1201002,INVENTORY FINISHED PRODUCTS,408.0,76683.6,187.95,4
10000010,KLR-SR,1201002,INVENTORY FINISHED PRODUCTS,16.0,3007.2,187.95,2
10000011,KLR-EXS,1201002,INVENTORY FINISHED PRODUCTS,18.0,5060.16,281.12,1
10000011,KLR-FG,1201002,INVENTORY FINISHED PRODUCTS,14.0,3935.68,281.12,5
10000011,KLR-SR,1201002,INVENTORY FINISHED PRODUCTS,36.0,10120.32,281.12,6
10000012,KLR-FG,1201002,INVENTORY FINISHED PRODUCTS,38.0,10682.56,281.12,7
10000012,KLR-SR,1201002,INVENTORY FINISHED PRODUCTS,53.0,14899.36,281.12,5
10000013,KLR-EXS,1201002,INVENTORY FINISHED PRODUCTS,16.0,1764.0,110.25,1
10000013,KLR-FG,1201002,INVENTORY FINISHED PRODUCTS,438.0,48289.5,110.25,6
10000014,BAN-FG,1201002,INVENTORY FINISHED PRODUCTS,350.0,13643.0,38.98,14
10000014,KER-FG,1201002,INVENTORY FINISHED PRODUCTS,223.0,8692.54,38.98,76
10000014,KLR-EXS,1201002,INVENTORY FINISHED PRODUCTS,193.0,7523.14,38.98,1
10000014,KLR-FG,1201002,INVENTORY FINISHED PRODUCTS,83.0,3235.34,38.98,189
10000014,KLR-SR,1201002,INVENTORY FINISHED PRODUCTS,41.0,1598.18,38.98,13
10000014,VIJW-FG,1201002,INVENTORY FINISHED PRODUCTS,46.0,1793.08,38.98,17
10000016,KLR-EXS,1201002,INVENTORY FINISHED PRODUCTS,169.0,17677.4,104.6,5
10000017,KLR-FG,1201002,INVENTORY FINISHED PRODUCTS,57.0,50008.99,877.350702,4
10000018,KLR-REJ,1201002,INVENTORY FINISHED PRODUCTS,34.0,15504.0,456.0,1
10000019,KLR-REJ,1201002,INVENTORY FINISHED PRODUCTS,18.0,8388.0,466.0,1
10000020,KLR-REJ,1201002,INVENTORY FINISHED PRODUCTS,11.0,6061.0,551.0,1
10000021,BAN-GEN,1201002,INVENTORY FINISHED PRODUCTS,80.0,2273.6,28.42,1
10000021,KER-FG,1201002,INVENTORY FINISHED PRODUCTS,100.0,2842.0,28.42,14
10000021,KLR-FG,1201002,INVENTORY FINISHED PRODUCTS,479.0,13613.18,28.42,127
10000021,KLR-SR,1201002,INVENTORY FINISHED PRODUCTS,187.0,5314.54,28.42,11
10000021,PKD-GEN,1201002,INVENTORY FINISHED PRODUCTS,1.0,28.42,28.42,2
10000021,VIJW-GEN,1201002,INVENTORY FINISHED PRODUCTS,13.0,369.46,28.42,1
10000022,KLR-EXS,1201002,INVENTORY FINISHED PRODUCTS,1640.0,42771.2,26.08,1
10000022,KLR-FG,1201002,INVENTORY FINISHED PRODUCTS,2.0,52.16,26.08,8
10000023,BAN-GEN,1201002,INVENTORY FINISHED PRODUCTS,133.0,3468.64,26.08,1
10000023,KER-FG,1201002,INVENTORY FINISHED PRODUCTS,100.0,2608.0,26.08,18
10000023,KER-GEN,1201002,INVENTORY FINISHED PRODUCTS,5.0,130.4,26.08,1
10000023,KLR-EXS,1201002,INVENTORY FINISHED PRODUCTS,185.0,4824.8,26.08,1
10000023,KLR-FG,1201002,INVENTORY FINISHED PRODUCTS,565.0,14735.2,26.08,152
10000023,KLR-SR,1201002,INVENTORY FINISHED PRODUCTS,52.0,1356.16,26.08,17
10000023,PKD-GEN,1201002,INVENTORY FINISHED PRODUCTS,1.0,26.08,26.08,2
10000023,VIJW-GEN,1201002,INVENTORY FINISHED PRODUCTS,4.0,104.32,26.08,1
10000024,BAN-GEN,1201002,INVENTORY FINISHED PRODUCTS,6.0,249.84,41.64,1
10000024,KLR-FG,1201002,INVENTORY FINISHED PRODUCTS,4989.0,207741.96,41.64,92
10000024,KLR-QC,1201002,INVENTORY FINISHED PRODUCTS,188.0,7828.32,41.64,7
10000024,KLR-SER,1201002,INVENTORY FINISHED PRODUCTS,3.0,124.92,41.64,7
10000024,KLR-SR,1201002,INVENTORY FINISHED PRODUCTS,163.0,6787.32,41.64,9
10000025,KLR-EXS,1201002,INVENTORY FINISHED PRODUCTS,177.0,103899.0,587.0,3
10000025,KLR-SR,1201002,INVENTORY FINISHED PRODUCTS,3.0,1761.0,587.0,4
10000026,KLR-FG,1201002,INVENTORY FINISHED PRODUCTS,5.0,2935.0,587.0,5
10000026,KLR-SR,1201002,INVENTORY FINISHED PRODUCTS,1.0,587.0,587.0,1
10000028,BAN-GEN,1201002,INVENTORY FINISHED PRODUCTS,18.0,11623.68,645.76,1
10000028,KER-GEN,1201002,INVENTORY FINISHED PRODUCTS,24.0,15498.24,645.76,1
10000028,KLR-EXS,1201002,INVENTORY FINISHED PRODUCTS,21.0,13560.96,645.76,4
10000028,KLR-FG,1201002,INVENTORY FINISHED PRODUCTS,-16.0,-10332.16,645.76,35
10000028,KLR-SER,1201002,INVENTORY FINISHED PRODUCTS,3.0,1937.28,645.76,5
10000028,KLR-SR,1201002,INVENTORY FINISHED PRODUCTS,12.0,7749.12,645.76,14
10000028,VIJW-GEN,1201002,INVENTORY FINISHED PRODUCTS,21.0,13560.96,645.76,1
10000029,KER-GEN,1201002,INVENTORY FINISHED PRODUCTS,1.0,443.64,443.64,1
10000029,KLR-EXS,1201002,INVENTORY FINISHED PRODUCTS,8.0,3549.12,443.64,6
10000029,KLR-FG,1201002,INVENTORY FINISHED PRODUCTS,1.0,443.64,443.64,35
10000029,KLR-SR,1201002,INVENTORY FINISHED PRODUCTS,2.0,887.28,443.64,15
10000033,KLR-FG,1201002,INVENTORY FINISHED PRODUCTS,319.0,28518.6,89.4,46
10000033,KLR-QC,1201002,INVENTORY FINISHED PRODUCTS,1.0,89.4,89.4,1
10000033,KLR-SER,1201002,INVENTORY FINISHED PRODUCTS,4.0,357.6,89.4,4
10000033,KLR-SR,1201002,INVENTORY FINISHED PRODUCTS,4.0,357.6,89.4,4
10000033,VIJW-FG,1201002,INVENTORY FINISHED PRODUCTS,4.0,357.6,89.4,4
10000034,KLR-FG,1201002,INVENTORY FINISHED PRODUCTS,331.0,36929.67,111.57,46
10000034,KLR-GEN,1201002,INVENTORY FINISHED PRODUCTS,22.0,2454.54,111.57,4
10000034,KLR-SER,1201002,INVENTORY FINISHED PRODUCTS,20.0,2231.4,111.57,7
10000034,KLR-SR,1201002,INVENTORY FINISHED PRODUCTS,23.0,2566.11,111.57,9
10000034,VIJW-FG,1201002,INVENTORY FINISHED PRODUCTS,4.0,446.28,111.57,4
10000035,BAN-FG,1201002,INVENTORY FINISHED PRODUCTS,9.0,1215.27,135.03,5
10000035,KLR-FG,1201002,INVENTORY FINISHED PRODUCTS,184.0,24845.52,135.03,51
10000035,KLR-GEN,1201002,INVENTORY FINISHED PRODUCTS,89.0,22754.63,255.67,5
10000035,KLR-SR,1201002,INVENTORY FINISHED PRODUCTS,19.0,2565.57,135.03,13
10000035,VIJW-FG,1201002,INVENTORY FINISHED PRODUCTS,4.0,540.12,135.03,4
10000036,BAN-FG,1201002,INVENTORY FINISHED PRODUCTS,15.0,2393.85,159.59,5
10000036,KLR-FG,1201002,INVENTORY FINISHED PRODUCTS,436.0,69581.24,159.59,21
10000036,KLR-GEN,1201002,INVENTORY FINISHED PRODUCTS,130.0,39864.5,306.65,2
10000036,KLR-SER,1201002,INVENTORY FINISHED PRODUCTS,38.0,6064.42,159.59,1
10000036,KLR-SR,1201002,INVENTORY FINISHED PRODUCTS,8.0,1276.72,159.59,5
10000036,VIJW-FG,1201002,INVENTORY FINISHED PRODUCTS,4.0,638.36,159.59,4
10000037,BAN-FG,1201002,INVENTORY FINISHED PRODUCTS,13.0,2331.94,179.38,5
10000037,KLR-FG,1201002,INVENTORY FINISHED PRODUCTS,102.0,18296.76,179.38,24
10000037,KLR-GEN,1201002,INVENTORY FINISHED PRODUCTS,11.0,1973.18,179.38,4
10000037,KLR-SR,1201002,INVENTORY FINISHED PRODUCTS,6.0,1076.28,179.38,11
10000037,VIJW-FG,1201002,INVENTORY FINISHED PRODUCTS,4.0,717.52,179.38,4
10000038,BAN-GEN,1201002,INVENTORY FINISHED PRODUCTS,8.0,6193.92,774.24,1
10000038,KER-GEN,1201002,INVENTORY FINISHED PRODUCTS,34.0,26324.16,774.24,1
10000038,KLR-EXS,1201002,INVENTORY FINISHED PRODUCTS,38.0,29421.12,774.24,3
10000038,KLR-GEN,1201002,INVENTORY FINISHED PRODUCTS,3.0,3518.25,1172.75,3
10000038,KLR-QC,1201002,INVENTORY FINISHED PRODUCTS,18.0,13936.32,774.24,6
10000038,KLR-SER,1201002,INVENTORY FINISHED PRODUCTS,6.0,4645.44,774.24,6
10000038,KLR-SR,1201002,INVENTORY FINISHED PRODUCTS,24.0,18581.76,774.24,13
10000038,PKD-GEN,1201002,INVENTORY FINISHED PRODUCTS,1.0,774.24,774.24,2
10000039,KLR-EXS,1201002,INVENTORY FINISHED PRODUCTS,28.0,423.64,15.13,5
10000040,KLR-EXS,1201002,INVENTORY FINISHED PRODUCTS,20.0,35563.0,1778.15,1
10000041,KLR-EXS,1201002,INVENTORY FINISHED PRODUCTS,12.0,5040.0,420.0,1
10000042,KLR-EXS,1201002,INVENTORY FINISHED PRODUCTS,23.0,54969.08,2389.96,3
10000043,KLR-GEN,1201002,INVENTORY FINISHED PRODUCTS,20.0,53640.0,2682.0,1
10000043,KLR-SR,1201002,INVENTORY FINISHED PRODUCTS,1.0,2682.0,2682.0,1
10000044,KLR-EXS,1201002,INVENTORY FINISHED PRODUCTS,4.0,12744.0,3186.0,1
10000046,KLR-GEN,1201002,INVENTORY FINISHED PRODUCTS,14.0,54628.0,3902.0,1
10000047,KLR-FG,1201002,INVENTORY FINISHED PRODUCTS,876.0,5379332.04,6140.79,21
10000048,BAN-FG,1201002,INVENTORY FINISHED PRODUCTS,4.0,4436.68,1109.17,37
10000048,BAN-GEN,1201002,INVENTORY FINISHED PRODUCTS,34.0,37711.78,1109.17,1
10000048,KER-FG,1201002,INVENTORY FINISHED PRODUCTS,63.0,69877.71,1109.17,215
10000048,KER-GEN,1201002,INVENTORY FINISHED PRODUCTS,65.0,72096.05,1109.17,3
10000048,KLR-FG,1201002,INVENTORY FINISHED PRODUCTS,285.0,316113.45,1109.17,114
10000048,KLR-SER,1201002,INVENTORY FINISHED PRODUCTS,2.0,2218.34,1109.17,10
10000048,KLR-SR,1201002,INVENTORY FINISHED PRODUCTS,72.0,79860.24,1109.17,16
10000049,BAN-FG,1201002,INVENTORY FINISHED PRODUCTS,24.0,31021.68,1292.57,57
10000049,BAN-GEN,1201002,INVENTORY FINISHED PRODUCTS,10.0,12925.7,1292.57,1
10000049,KER-FG,1201002,INVENTORY FINISHED PRODUCTS,100.0,129257.0,1292.57,152
10000049,KER-GEN,1201002,INVENTORY FINISHED PRODUCTS,21.0,27143.97,1292.57,3
10000049,KLR-FG,1201002,INVENTORY FINISHED PRODUCTS,534.0,690232.38,1292.57,112
10000049,KLR-SER,1201002,INVENTORY FINISHED PRODUCTS,5.0,6462.85,1292.57,10
10000049,KLR-SR,1201002,INVENTORY FINISHED PRODUCTS,2.0,2585.14,1292.57,14
10000050,KLR-EXS,1201002,INVENTORY FINISHED PRODUCTS,122.0,152188.9,1247.45,3
10000050,KLR-FG,1201002,INVENTORY FINISHED PRODUCTS,2.0,2494.9,1247.45,8
10000050,KLR-QC,1201002,INVENTORY FINISHED PRODUCTS,10.0,12474.5,1247.45,5
10000050,KLR-SR,1201002,INVENTORY FINISHED PRODUCTS,2.0,2494.9,1247.45,1
10000051,BAN-GEN,1201002,INVENTORY FINISHED PRODUCTS,20.0,22420.0,1121.0,1
10000051,KER-GEN,1201002,INVENTORY FINISHED PRODUCTS,141.0,158061.0,1121.0,1
10000051,KLR-FG,1201002,INVENTORY FINISHED PRODUCTS,41.0,45961.0,1121.0,99
10000051,KLR-SER,1201002,INVENTORY FINISHED PRODUCTS,26.0,29146.0,1121.0,9
10000052,BAN-GEN,1201002,INVENTORY FINISHED PRODUCTS,16.0,16067.84,1004.24,1
10000052,KER-GEN,1201002,INVENTORY FINISHED PRODUCTS,96.0,96407.04,1004.24,3
10000052,KLR-FG,1201002,INVENTORY FINISHED PRODUCTS,81.0,81343.44,1004.24,68
10000052,KLR-REJ,1201002,INVENTORY FINISHED PRODUCTS,1.0,1136.0,1136.0,2
10000052,KLR-SER,1201002,INVENTORY FINISHED PRODUCTS,-5.0,0.0,0.0,2
10000052,KLR-SR,1201002,INVENTORY FINISHED PRODUCTS,4.0,4016.96,1004.24,2
10000053,BAN-FG,1201002,INVENTORY FINISHED PRODUCTS,34.0,56811.62,1670.93,56
10000053,BAN-GEN,1201002,INVENTORY FINISHED PRODUCTS,5.0,8354.65,1670.93,1
10000053,KER-FG,1201002,INVENTORY FINISHED PRODUCTS,2.0,3341.86,1670.93,202
10000053,KLR-FG,1201002,INVENTORY FINISHED PRODUCTS,265.0,442796.45,1670.93,135
10000053,KLR-SER,1201002,INVENTORY FINISHED PRODUCTS,1.0,3341.86,3341.86,14
10000053,KLR-SR,1201002,INVENTORY FINISHED PRODUCTS,9.0,15038.37,1670.93,18
10000054,BAN-GEN,1201002,INVENTORY FINISHED PRODUCTS,5.0,1772.1,354.42,1
10000054,KLR-EXS,1201002,INVENTORY FINISHED PRODUCTS,16.0,5670.72,354.42,3
10000055,BAN-GEN,1201002,INVENTORY FINISHED PRODUCTS,1.0,414.06,414.06,1
10000055,KLR-FG,1201002,INVENTORY FINISHED PRODUCTS,156.0,64593.36,414.06,106
10000055,KLR-SER,1201002,INVENTORY FINISHED PRODUCTS,1.0,414.06,414.06,10
10000055,KLR-SR,1201002,INVENTORY FINISHED PRODUCTS,7.0,2898.42,414.06,14
10000056,BAN-GEN,1201002,INVENTORY FINISHED PRODUCTS,5.0,2503.55,500.71,1
10000056,KLR-EXS,1201002,INVENTORY FINISHED PRODUCTS,42.0,21029.82,500.71,5
10000060,KER-GEN,1201002,INVENTORY FINISHED PRODUCTS,145.0,7819.85,53.93,1
10000060,KLR-FG,1201002,INVENTORY FINISHED PRODUCTS,3776.0,203639.68,53.93,65
10000060,KLR-SER,1201002,INVENTORY FINISHED PRODUCTS,124.0,6687.32,53.93,3
10000060,KLR-SR,1201002,INVENTORY FINISHED PRODUCTS,54.0,2912.22,53.93,14
10000060,VIJW-GEN,1201002,INVENTORY FINISHED PRODUCTS,42.0,2265.06,53.93,1
10000061,BAN-GEN,1201002,INVENTORY FINISHED PRODUCTS,2.0,179.98,89.99,1
10000061,KER-FG,1201002,INVENTORY FINISHED PRODUCTS,108.0,9718.92,89.99,56
10000061,KER-GEN,1201002,INVENTORY FINISHED PRODUCTS,98.0,8819.02,89.99,3
10000061,KLR-FG,1201002,INVENTORY FINISHED PRODUCTS,3584.0,322524.16,89.99,53
10000061,KLR-SER,1201002,INVENTORY FINISHED PRODUCTS,94.0,8459.06,89.99,7
10000061,KLR-SR,1201002,INVENTORY FINISHED PRODUCTS,32.0,2879.68,89.99,10
10000061,VIJW-GEN,1201002,INVENTORY FINISHED PRODUCTS,7.0,629.93,89.99,1
10000062,KER-GEN,1201002,INVENTORY FINISHED PRODUCTS,46.0,4170.36,90.66,1
10000062,KLR-EXS,1201002,INVENTORY FINISHED PRODUCTS,357.0,32365.62,90.66,4
10000062,KLR-FG,1201002,INVENTORY FINISHED PRODUCTS,301.0,27288.66,90.66,56
10000062,KLR-SR,1201002,INVENTORY FINISHED PRODUCTS,69.0,6255.54,90.66,13
10000062,VIJW-GEN,1201002,INVENTORY FINISHED PRODUCTS,93.0,8431.38,90.66,1
10000065,KER-GEN,1201002,INVENTORY FINISHED PRODUCTS,1.0,1222.63,1222.63,1
10000065,KLR-FG,1201002,INVENTORY FINISHED PRODUCTS,3.0,3667.89,1222.63,93
10000065,KLR-SR,1201002,INVENTORY FINISHED PRODUCTS,1.0,1222.63,1222.63,13
10000066,KLR-EXS,1201002,INVENTORY FINISHED PRODUCTS,146.0,12904.94,88.39,1
10000067,KLR-EXS,1201002,INVENTORY FINISHED PRODUCTS,873.0,78264.45,89.65,1
10000067,KLR-FG,1201002,INVENTORY FINISHED PRODUCTS,1491.0,133668.15,89.65,2
10000067,KLR-SR,1201002,INVENTORY FINISHED PRODUCTS,110.0,9861.5,89.65,1
10000068,BAN-GEN,1201002,INVENTORY FINISHED PRODUCTS,90.0,5238.0,58.2,1
10000068,KER-GEN,1201002,INVENTORY FINISHED PRODUCTS,46.0,2677.2,58.2,2
10000068,KLR-FG,1201002,INVENTORY FINISHED PRODUCTS,1549.0,90151.8,58.2,46
10000068,KLR-SR,1201002,INVENTORY FINISHED PRODUCTS,88.0,5121.6,58.2,10
10000068,VIJW-GEN,1201002,INVENTORY FINISHED PRODUCTS,34.0,1978.8,58.2,1
10000069,KLR-SR,1201002,INVENTORY FINISHED PRODUCTS,158.0,17138.26,108.47,2
10000070,BAN-FG,1201002,INVENTORY FINISHED PRODUCTS,20.0,3945.8,197.29,32
10000070,KER-FG,1201002,INVENTORY FINISHED PRODUCTS,4.0,789.16,197.29,58
10000070,KER-GEN,1201002,INVENTORY FINISHED PRODUCTS,7.0,1381.03,197.29,1
10000070,KLR-FG,1201002,INVENTORY FINISHED PRODUCTS,57.0,11245.53,197.29,251
10000070,KLR-SER,1201002,INVENTORY FINISHED PRODUCTS,17.0,3353.93,197.29,14
10000070,KLR-SR,1201002,INVENTORY FINISHED PRODUCTS,12.0,2367.48,197.29,24
10000070,PKD-GEN,1201002,INVENTORY FINISHED PRODUCTS,2.0,394.58,197.29,2
10000070,VIJW-GEN,1201002,INVENTORY FINISHED PRODUCTS,16.0,3156.64,197.29,1
10000071,BAN-FG,1201002,INVENTORY FINISHED PRODUCTS,2.0,992.24,496.12,35
10000071,BAN-GEN,1201002,INVENTORY FINISHED PRODUCTS,22.0,10914.64,496.12,2
10000071,KLR-EXS,1201002,INVENTORY FINISHED PRODUCTS,17.0,8434.04,496.12,5
10000071,KLR-FG,1201002,INVENTORY FINISHED PRODUCTS,-17.0,-8434.04,496.12,290
10000071,KLR-SER,1201002,INVENTORY FINISHED PRODUCTS,15.0,7441.8,496.12,11
10000071,KLR-SR,1201002,INVENTORY FINISHED PRODUCTS,9.0,4465.08,496.12,20
10000071,PKD-GEN,1201002,INVENTORY FINISHED PRODUCTS,2.0,992.24,496.12,2
10000071,VIJW-GEN,1201002,INVENTORY FINISHED PRODUCTS,16.0,7937.92,496.12,1
10000072,BAN-FG,1201002,INVENTORY FINISHED PRODUCTS,20.0,10293.2,514.66,19
10000072,KER-FG,1201002,INVENTORY FINISHED PRODUCTS,4.0,2058.64,514.66,90
10000072,KER-GEN,1201002,INVENTORY FINISHED PRODUCTS,7.0,3602.62,514.66,3
10000072,KLR-EXS,1201002,INVENTORY FINISHED PRODUCTS,12.0,6175.92,514.66,4
10000072,KLR-FG,1201002,INVENTORY FINISHED PRODUCTS,407.0,209466.62,514.66,277
10000072,KLR-SER,1201002,INVENTORY FINISHED PRODUCTS,6.0,3087.96,514.66,14
10000072,KLR-SR,1201002,INVENTORY FINISHED PRODUCTS,22.0,11322.52,514.66,21
10000072,PKD-GEN,1201002,INVENTORY FINISHED PRODUCTS,2.0,1029.32,514.66,2
10000072,VIJW-GEN,1201002,INVENTORY FINISHED PRODUCTS,2.0,1029.32,514.66,1
10000073,BAN-FG,1201002,INVENTORY FINISHED PRODUCTS,20.0,11042.4,552.12,31
10000073,BAN-GEN,1201002,INVENTORY FINISHED PRODUCTS,7.0,3864.84,552.12,1
10000073,KER-FG,1201002,INVENTORY FINISHED PRODUCTS,4.0,2208.48,552.12,63
10000073,KER-GEN,1201002,INVENTORY FINISHED PRODUCTS,8.0,4416.96,552.12,1
10000073,KLR-FG,1201002,INVENTORY FINISHED PRODUCTS,242.0,133613.04,552.12,254
10000073,KLR-REJ,1201002,INVENTORY FINISHED PRODUCTS,1.0,552.12,552.12,5
10000073,KLR-SER,1201002,INVENTORY FINISHED PRODUCTS,14.0,7729.68,552.12,9
10000073,KLR-SR,1201002,INVENTORY FINISHED PRODUCTS,15.0,8281.8,552.12,16
10000073,PKD-GEN,1201002,INVENTORY FINISHED PRODUCTS,2.0,1104.24,552.12,2
10000073,VIJW-GEN,1201002,INVENTORY FINISHED PRODUCTS,4.0,2208.48,552.12,1
10000074,BAN-GEN,1201002,INVENTORY FINISHED PRODUCTS,70.0,5070.1,72.43,1
10000074,KER-GEN,1201002,INVENTORY FINISHED PRODUCTS,96.0,6953.28,72.43,1
10000074,KLR-FG,1201002,INVENTORY FINISHED PRODUCTS,7203.0,521713.29,72.43,43
10000074,KLR-SR,1201002,INVENTORY FINISHED PRODUCTS,135.0,9778.05,72.43,12
10000074,VIJW-GEN,1201002,INVENTORY FINISHED PRODUCTS,25.0,1810.75,72.43,1
10000079,KLR-SR,1201002,INVENTORY FINISHED PRODUCTS,0.004,0.45,112.5,3
10000080,KER-GEN,1201002,INVENTORY FINISHED PRODUCTS,30.0,3799.5,126.65,1
10000080,KLR-EXS,1201002,INVENTORY FINISHED PRODUCTS,164.0,20770.6,126.65,4
10000081,KER-GEN,1201002,INVENTORY FINISHED PRODUCTS,30.0,4171.2,139.04,1
10000081,KLR-EXS,1201002,INVENTORY FINISHED PRODUCTS,176.0,24471.04,139.04,7
10000081,VIJW-GEN,1201002,INVENTORY FINISHED PRODUCTS,20.0,2780.8,139.04,1
10000082,KER-GEN,1201002,INVENTORY FINISHED PRODUCTS,30.0,5136.0,171.2,1
10000082,KLR-EXS,1201002,INVENTORY FINISHED PRODUCTS,287.0,49134.4,171.2,1
10000082,KLR-FG,1201002,INVENTORY FINISHED PRODUCTS,16.0,2739.2,171.2,22
10000083,KER-GEN,1201002,INVENTORY FINISHED PRODUCTS,30.0,3310.2,110.34,1
10000083,KLR-FG,1201002,INVENTORY FINISHED PRODUCTS,1738.0,191770.92,110.34,21
10000083,KLR-GEN,1201002,INVENTORY FINISHED PRODUCTS,30.0,3492.0,116.4,1
10000083,KLR-QC,1201002,INVENTORY FINISHED PRODUCTS,282.0,31115.88,110.34,1
10000083,KLR-SER,1201002,INVENTORY FINISHED PRODUCTS,188.0,20743.92,110.34,5
10000083,KLR-SR,1201002,INVENTORY FINISHED PRODUCTS,122.0,13461.48,110.34,2
10000083,VIJW-GEN,1201002,INVENTORY FINISHED PRODUCTS,60.0,6620.4,110.34,1
10000084,BAN-GEN,1201002,INVENTORY FINISHED PRODUCTS,30.0,3824.4,127.48,1
10000084,KER-GEN,1201002,INVENTORY FINISHED PRODUCTS,30.0,3824.4,127.48,1
10000084,KLR-EXS,1201002,INVENTORY FINISHED PRODUCTS,53.0,6756.44,127.48,5
10000084,VIJW-GEN,1201002,INVENTORY FINISHED PRODUCTS,60.0,7648.8,127.48,1
10000085,KER-GEN,1201002,INVENTORY FINISHED PRODUCTS,30.0,4197.9,139.93,1
10000085,KLR-EXS,1201002,INVENTORY FINISHED PRODUCTS,132.0,18470.76,139.93,2
10000085,KLR-SR,1201002,INVENTORY FINISHED PRODUCTS,-6.0,-839.58,139.93,5
10000085,VIJW-GEN,1201002,INVENTORY FINISHED PRODUCTS,60.0,8395.8,139.93,1
10000086,BAN-GEN,1201002,INVENTORY FINISHED PRODUCTS,120.0,20646.0,172.05,2
10000086,KER-GEN,1201002,INVENTORY FINISHED PRODUCTS,30.0,5175.0,172.5,1
10000086,KLR-FG,1201002,INVENTORY FINISHED PRODUCTS,13.0,2236.65,172.05,26
10000086,KLR-SR,1201002,INVENTORY FINISHED PRODUCTS,27.0,4645.35,172.05,10
10000087,BAN-GEN,1201002,INVENTORY FINISHED PRODUCTS,60.0,6643.2,110.72,1
10000087,KER-GEN,1201002,INVENTORY FINISHED PRODUCTS,30.0,351.6,11.72,1
10000087,KLR-EXS,1201002,INVENTORY FINISHED PRODUCTS,76.0,8414.72,110.72,3
10000087,KLR-SER,1201002,INVENTORY FINISHED PRODUCTS,1.0,110.72,110.72,8
10000087,KLR-SR,1201002,INVENTORY FINISHED PRODUCTS,1.0,110.72,110.72,8
10000087,VIJW-GEN,1201002,INVENTORY FINISHED PRODUCTS,60.0,6643.2,110.72,1
10000088,KLR-EXS,1201002,INVENTORY FINISHED PRODUCTS,224.0,11544.96,51.54,1
10000088,KLR-FG,1201002,INVENTORY FINISHED PRODUCTS,150.0,7731.0,51.54,13
10000088,KLR-SER,1201002,INVENTORY FINISHED PRODUCTS,1.0,51.54,51.54,1
10000088,KLR-SR,1201002,INVENTORY FINISHED PRODUCTS,14.0,721.56,51.54,3
10000089,KLR-FG,1201002,INVENTORY FINISHED PRODUCTS,72.0,9447.12,131.21,11
10000089,KLR-SR,1201002,INVENTORY FINISHED PRODUCTS,16.0,2099.36,131.21,3
10000090,BAN-GEN,1201002,INVENTORY FINISHED PRODUCTS,60.0,2401.2,40.02,1
10000090,KLR-EXS,1201002,INVENTORY FINISHED PRODUCTS,3791.0,151715.82,40.02,3
10000090,KLR-FG,1201002,INVENTORY FINISHED PRODUCTS,231.0,9244.62,40.02,60
10000090,KLR-GEN,1201002,INVENTORY FINISHED PRODUCTS,649.0,53029.79,81.71,2
10000090,KLR-SER,1201002,INVENTORY FINISHED PRODUCTS,41.0,1640.82,40.02,2
10000090,KLR-SR,1201002,INVENTORY FINISHED PRODUCTS,202.0,8084.04,40.02,16
10000090,VIJW-GEN,1201002,INVENTORY FINISHED PRODUCTS,20.0,800.4,40.02,1
10000091,BAN-GEN,1201002,INVENTORY FINISHED PRODUCTS,55.0,2450.25,44.55,1
10000091,KLR-FG,1201002,INVENTORY FINISHED PRODUCTS,2280.0,101574.0,44.55,38
10000091,KLR-GEN,1201002,INVENTORY FINISHED PRODUCTS,163.0,77467.38,475.26,2
10000091,KLR-SER,1201002,INVENTORY FINISHED PRODUCTS,44.0,1960.2,44.55,1
10000091,KLR-SR,1201002,INVENTORY FINISHED PRODUCTS,106.0,4722.3,44.55,15
10000093,KER-FG,1201002,INVENTORY FINISHED PRODUCTS,23.0,18342.04,797.48,3
10000093,KLR-EXS,1201002,INVENTORY FINISHED PRODUCTS,68.0,54228.64,797.48,6
10000093,KLR-QC,1201002,INVENTORY FINISHED PRODUCTS,4.0,3189.92,797.48,1
10000093,KLR-SER,1201002,INVENTORY FINISHED PRODUCTS,22.0,17544.56,797.48,8
10000093,KLR-SR,1201002,INVENTORY FINISHED PRODUCTS,26.0,20734.48,797.48,6
10000093,VIJW-FG,1201002,INVENTORY FINISHED PRODUCTS,51.0,40671.48,797.48,8
10000094,BAN-FG,1201002,INVENTORY FINISHED PRODUCTS,16.0,18179.52,1136.22,3
10000094,KER-FG,1201002,INVENTORY FINISHED PRODUCTS,8.0,9089.76,1136.22,3
10000094,KLR-EXS,1201002,INVENTORY FINISHED PRODUCTS,23.0,26133.06,1136.22,1
10000094,KLR-FG,1201002,INVENTORY FINISHED PRODUCTS,840.0,954424.8,1136.22,54
10000094,KLR-SER,1201002,INVENTORY FINISHED PRODUCTS,19.0,21588.18,1136.22,4
10000094,KLR-SR,1201002,INVENTORY FINISHED PRODUCTS,4.0,4544.88,1136.22,2
10000094,VIJW-FG,1201002,INVENTORY FINISHED PRODUCTS,35.0,39767.7,1136.22,10
10000095,BAN-GEN,1201002,INVENTORY FINISHED PRODUCTS,89.0,2293.53,25.77,1
10000095,KER-GEN,1201002,INVENTORY FINISHED PRODUCTS,100.0,2577.0,25.77,1
10000095,KLR-EXS,1201002,INVENTORY FINISHED PRODUCTS,303.0,7808.31,25.77,4
10000095,KLR-FG,1201002,INVENTORY FINISHED PRODUCTS,395.0,10179.15,25.77,39
10000095,KLR-SER,1201002,INVENTORY FINISHED PRODUCTS,-50.0,0.0,0.0,6
10000095,KLR-SR,1201002,INVENTORY FINISHED PRODUCTS,88.0,2267.76,25.77,9
10000095,VIJW-GEN,1201002,INVENTORY FINISHED PRODUCTS,88.0,2267.76,25.77,1
10000097,KER-FG,1201002,INVENTORY FINISHED PRODUCTS,40.0,19461.2,486.53,115
10000097,KLR-EXS,1201002,INVENTORY FINISHED PRODUCTS,11.0,5351.83,486.53,1
10000097,KLR-SER,1201002,INVENTORY FINISHED PRODUCTS,1.0,973.06,973.06,12
10000097,KLR-SR,1201002,INVENTORY FINISHED PRODUCTS,11.0,5351.83,486.53,22
10000097,VIJW-GEN,1201002,INVENTORY FINISHED PRODUCTS,3.0,1459.59,486.53,1
10000098,BAN-FG,1201002,INVENTORY FINISHED PRODUCTS,48.0,22635.84,471.58,71
10000098,BAN-GEN,1201002,INVENTORY FINISHED PRODUCTS,8.0,3772.64,471.58,1
10000098,KER-FG,1201002,INVENTORY FINISHED PRODUCTS,6.0,2829.48,471.58,125
10000098,KER-GEN,1201002,INVENTORY FINISHED PRODUCTS,47.0,22164.26,471.58,3
10000098,KLR-FG,1201002,INVENTORY FINISHED PRODUCTS,106.0,49987.48,471.58,336
10000098,KLR-SER,1201002,INVENTORY FINISHED PRODUCTS,0.0,471.58,,26
10000098,KLR-SR,1201002,INVENTORY FINISHED PRODUCTS,34.0,16033.72,471.58,36
10000098,VIJW-FG,1201002,INVENTORY FINISHED PRODUCTS,40.0,18863.2,471.58,82
10000098,VIJW-GEN,1201002,INVENTORY FINISHED PRODUCTS,8.0,3772.64,471.58,1
10000099,BAN-FG,1201002,INVENTORY FINISHED PRODUCTS,44.0,27244.8,619.2,70
10000099,BAN-GEN,1201002,INVENTORY FINISHED PRODUCTS,8.0,4953.6,619.2,1
10000099,KER-FG,1201002,INVENTORY FINISHED PRODUCTS,38.0,23529.6,619.2,134
10000099,KER-GEN,1201002,INVENTORY FINISHED PRODUCTS,6.0,3715.2,619.2,2
10000099,KLR-EXS,1201002,INVENTORY FINISHED PRODUCTS,36.0,22291.2,619.2,6
10000099,KLR-FG,1201002,INVENTORY FINISHED PRODUCTS,23.0,14241.6,619.2,405
10000099,KLR-SER,1201002,INVENTORY FINISHED PRODUCTS,1.0,1238.4,1238.4,31
10000099,KLR-SR,1201002,INVENTORY FINISHED PRODUCTS,28.0,17337.6,619.2,29
10000099,VIJW-FG,1201002,INVENTORY FINISHED PRODUCTS,4.0,2476.8,619.2,104
10000099,VIJW-GEN,1201002,INVENTORY FINISHED PRODUCTS,2.0,1238.4,619.2,2
10000100,KLR-FG,1201002,INVENTORY FINISHED PRODUCTS,141.0,55648.47,394.67,7
10000100,KLR-REJ,1201002,INVENTORY FINISHED PRODUCTS,52.0,20522.84,394.67,1
10000100,KLR-SER,1201002,INVENTORY FINISHED PRODUCTS,3.0,1184.01,394.67,2
10000101,KLR-GEN,1201002,INVENTORY FINISHED PRODUCTS,20.0,15128.0,756.4,1
10000101,KLR-REJ,1201002,INVENTORY FINISHED PRODUCTS,21.0,4746.0,226.0,1
10000101,KLR-SR,1201002,INVENTORY FINISHED PRODUCTS,14.0,3164.0,226.0,4
10000102,KLR-FG,1201002,INVENTORY FINISHED PRODUCTS,41.0,19188.0,468.0,3
10000102,KLR-REJ,1201002,INVENTORY FINISHED PRODUCTS,43.0,20124.0,468.0,1
10000102,KLR-SER,1201002,INVENTORY FINISHED PRODUCTS,2.0,936.0,468.0,1
10000102,KLR-SR,1201002,INVENTORY FINISHED PRODUCTS,4.0,1872.0,468.0,5
10000103,KLR-FG,1201002,INVENTORY FINISHED PRODUCTS,43.0,47596.56,1106.896744,12
10000103,KLR-REJ,1201002,INVENTORY FINISHED PRODUCTS,46.0,22494.0,489.0,3
10000103,KLR-SER,1201002,INVENTORY FINISHED PRODUCTS,3.0,3873.21,1291.07,3
10000103,KLR-SR,1201002,INVENTORY FINISHED PRODUCTS,25.0,32276.75,1291.07,6
10000104,KLR-FG,1201002,INVENTORY FINISHED PRODUCTS,17.0,21943.6,1290.8,4
10000104,KLR-GEN,1201002,INVENTORY FINISHED PRODUCTS,1.0,1290.88,1290.88,1
10000104,KLR-REJ,1201002,INVENTORY FINISHED PRODUCTS,25.0,14525.0,581.0,1
10000104,KLR-SER,1201002,INVENTORY FINISHED PRODUCTS,7.0,9036.16,1290.88,2
10000104,KLR-SR,1201002,INVENTORY FINISHED PRODUCTS,65.0,100111.7,1540.18,9
10000105,KLR-EXS,1201002,INVENTORY FINISHED PRODUCTS,4.0,7524.52,1881.13,1
10000105,KLR-FG,1201002,INVENTORY FINISHED PRODUCTS,-1.0,0.0,0.0,2
10000105,KLR-REJ,1201002,INVENTORY FINISHED PRODUCTS,1.0,884.0,884.0,2
10000105,KLR-SR,1201002,INVENTORY FINISHED PRODUCTS,2.0,1768.0,884.0,1
10000106,KLR-EXS,1201002,INVENTORY FINISHED PRODUCTS,7.0,9168.46,1309.78,1
10000106,KLR-REJ,1201002,INVENTORY FINISHED PRODUCTS,2.0,2619.56,1309.78,3
10000106,KLR-SER,1201002,INVENTORY FINISHED PRODUCTS,2.0,2619.56,1309.78,2
10000106,KLR-SR,1201002,INVENTORY FINISHED PRODUCTS,1.0,1309.78,1309.78,1
10000107,KLR-EXS,1201002,INVENTORY FINISHED PRODUCTS,13.0,19496.36,1499.72,4
10000107,KLR-FG,1201002,INVENTORY FINISHED PRODUCTS,3.0,4499.16,1499.72,10
10000108,KLR-EXS,1201002,INVENTORY FINISHED PRODUCTS,114.0,410679.3,3602.45,1
10000108,KLR-FG,1201002,INVENTORY FINISHED PRODUCTS,28.0,100868.6,3602.45,95
10000109,KLR-FG,1201002,INVENTORY FINISHED PRODUCTS,39.0,104910.39,2690.01,10
10000110,KLR-EXS,1201002,INVENTORY FINISHED PRODUCTS,41.0,110290.41,2690.01,1
10000110,KLR-FG,1201002,INVENTORY FINISHED PRODUCTS,19.0,51110.19,2690.01,104
10000111,KLR-FG,1201002,INVENTORY FINISHED PRODUCTS,12.0,31431.84,2619.32,22
10000112,KLR-EXS,1201002,INVENTORY FINISHED PRODUCTS,25.0,65483.0,2619.32,1
10000112,KLR-FG,1201002,INVENTORY FINISHED PRODUCTS,1.0,2619.32,2619.32,83
10000114,KLR-FG,1201002,INVENTORY FINISHED PRODUCTS,284.0,70769.96,249.19,10
10000115,KLR-FG,1201002,INVENTORY FINISHED PRODUCTS,327.0,70841.28,216.64,8
10000115,KLR-SR,1201002,INVENTORY FINISHED PRODUCTS,2.0,433.28,216.64,1
10000117,BAN-GEN,1201002,INVENTORY FINISHED PRODUCTS,12.0,4966.68,413.89,2
10000117,KLR-EXS,1201002,INVENTORY FINISHED PRODUCTS,38.0,15727.82,413.89,5
10000117,KLR-FG,1201002,INVENTORY FINISHED PRODUCTS,-26.0,-10761.14,413.89,47
10000117,KLR-GEN,1201002,INVENTORY FINISHED PRODUCTS,9.0,4113.27,457.03,4
10000117,KLR-SER,1201002,INVENTORY FINISHED PRODUCTS,15.0,6208.35,413.89,9
10000119,BAN-GEN,1201002,INVENTORY FINISHED PRODUCTS,22.0,6059.68,275.44,1
10000119,KER-GEN,1201002,INVENTORY FINISHED PRODUCTS,30.0,8263.2,275.44,1
10000119,KLR-EXS,1201002,INVENTORY FINISHED PRODUCTS,7.0,1928.08,275.44,4
10000119,KLR-FG,1201002,INVENTORY FINISHED PRODUCTS,150.0,41316.0,275.44,60
10000119,KLR-SER,1201002,INVENTORY FINISHED PRODUCTS,26.0,7161.44,275.44,7
10000119,KLR-SR,1201002,INVENTORY FINISHED PRODUCTS,11.0,3029.84,275.44,13
10000119,VIJW-GEN,1201002,INVENTORY FINISHED PRODUCTS,1.0,275.44,275.44,1
10000122,BAN-GEN,1201002,INVENTORY FINISHED PRODUCTS,18.0,7556.58,419.81,1
10000122,KLR-FG,1201002,INVENTORY FINISHED PRODUCTS,787.0,330390.47,419.81,42
10000122,KLR-SER,1201002,INVENTORY FINISHED PRODUCTS,1.0,419.81,419.81,3
10000122,KLR-SR,1201002,INVENTORY FINISHED PRODUCTS,1.0,419.81,419.81,13
10000123,BAN-GEN,1201002,INVENTORY FINISHED PRODUCTS,18.0,6961.32,386.74,1
10000123,KER-GEN,1201002,INVENTORY FINISHED PRODUCTS,12.0,4640.88,386.74,1
10000123,KLR-FG,1201002,INVENTORY FINISHED PRODUCTS,874.0,338010.76,386.74,37
10000123,KLR-SER,1201002,INVENTORY FINISHED PRODUCTS,18.0,6961.32,386.74,5
10000123,KLR-SR,1201002,INVENTORY FINISHED PRODUCTS,6.0,2320.44,386.74,6
10000123,VIJW-GEN,1201002,INVENTORY FINISHED PRODUCTS,19.0,7348.06,386.74,1
10000124,BAN-FG,1201002,INVENTORY FINISHED PRODUCTS,200.0,7154.0,35.77,10
10000124,KER-FG,1201002,INVENTORY FINISHED PRODUCTS,218.0,7797.86,35.77,96
10000124,KLR-FG,1201002,INVENTORY FINISHED PRODUCTS,2678.0,95792.06,35.77,130
10000124,KLR-REJ,1201002,INVENTORY FINISHED PRODUCTS,5.0,178.85,35.77,1
10000124,KLR-SER,1201002,INVENTORY FINISHED PRODUCTS,70.0,2503.9,35.77,5
10000124,KLR-SR,1201002,INVENTORY FINISHED PRODUCTS,458.0,16382.66,35.77,16
10000124,VIJW-FG,1201002,INVENTORY FINISHED PRODUCTS,130.0,4650.1,35.77,14
10000126,KLR-FG,1201002,INVENTORY FINISHED PRODUCTS,1024.0,606474.24,592.26,105
10000127,KLR-FG,1201002,INVENTORY FINISHED PRODUCTS,27.0,4897.53,181.39,15
10000128,KLR-FG,1201002,INVENTORY FINISHED PRODUCTS,17.0,4799.27,282.31,13
10000129,KLR-FG,1201002,INVENTORY FINISHED PRODUCTS,288.0,20782.08,72.16,30
10000130,KLR-FG,1201002,INVENTORY FINISHED PRODUCTS,650.0,29536.0,45.44,21
10000131,KLR-FG,1201002,INVENTORY FINISHED PRODUCTS,11.0,4040.41,367.31,25
10000132,KLR-EXS,1201002,INVENTORY FINISHED PRODUCTS,272.0,14163.04,52.07,1
10000132,KLR-FG,1201002,INVENTORY FINISHED PRODUCTS,3312.0,172455.84,52.07,31
10000133,KLR-FG,1201002,INVENTORY FINISHED PRODUCTS,2258.0,100639.06,44.57,34
10000135,KLR-FG,1201002,INVENTORY FINISHED PRODUCTS,2869.0,143708.21,50.09,37
10000136,KLR-FG,1201002,INVENTORY FINISHED PRODUCTS,96.0,4071.36,42.41,17
10000137,KLR-FG,1201002,INVENTORY FINISHED PRODUCTS,145.0,56115.0,387.0,2
10000138,KLR-FG,1201002,INVENTORY FINISHED PRODUCTS,172.0,40882.68,237.69,3
10000139,KLR-EXS,1201002,INVENTORY FINISHED PRODUCTS,252.0,13098.96,51.98,1
10000140,KLR-FG,1201002,INVENTORY FINISHED PRODUCTS,384.0,18712.32,48.73,30
10000141,KLR-FG,1201002,INVENTORY FINISHED PRODUCTS,1439.0,84282.23,58.57,24
10000142,KLR-FG,1201002,INVENTORY FINISHED PRODUCTS,1700.0,83810.0,49.3,23
10000143,KLR-EXS,1201002,INVENTORY FINISHED PRODUCTS,1.0,228.0,228.0,1
10000144,BAN-FG,1201002,INVENTORY FINISHED PRODUCTS,10.0,2933.7,293.37,4
10000144,KER-FG,1201002,INVENTORY FINISHED PRODUCTS,5.0,1466.85,293.37,33
10000144,KLR-FG,1201002,INVENTORY FINISHED PRODUCTS,637.0,186876.69,293.37,44
10000144,KLR-GEN,1201002,INVENTORY FINISHED PRODUCTS,14.0,7746.62,553.33,2
10000144,KLR-SER,1201002,INVENTORY FINISHED PRODUCTS,10.0,3227.07,322.707,6
10000144,KLR-SR,1201002,INVENTORY FINISHED PRODUCTS,12.0,3520.44,293.37,16
10000144,VIJW-FG,1201002,INVENTORY FINISHED PRODUCTS,204.0,59847.48,293.37,14
10000145,BAN-FG,1201002,INVENTORY FINISHED PRODUCTS,10.0,3376.8,337.68,6
10000145,KER-FG,1201002,INVENTORY FINISHED PRODUCTS,11.0,3714.48,337.68,20
10000145,KLR-FG,1201002,INVENTORY FINISHED PRODUCTS,550.0,185724.0,337.68,30
10000145,KLR-GEN,1201002,INVENTORY FINISHED PRODUCTS,18.0,11700.0,650.0,1
10000145,KLR-QC,1201002,INVENTORY FINISHED PRODUCTS,12.0,4052.16,337.68,2
10000145,KLR-SER,1201002,INVENTORY FINISHED PRODUCTS,18.0,6078.24,337.68,8
10000145,KLR-SR,1201002,INVENTORY FINISHED PRODUCTS,2.0,675.36,337.68,12
10000145,VIJW-FG,1201002,INVENTORY FINISHED PRODUCTS,9.0,3039.12,337.68,16
10000146,KER-FG,1201002,INVENTORY FINISHED PRODUCTS,10.0,2925.9,292.59,4
10000146,KLR-FG,1201002,INVENTORY FINISHED PRODUCTS,419.0,122595.21,292.59,27
10000146,KLR-SER,1201002,INVENTORY FINISHED PRODUCTS,1.0,158.48,158.48,4
10000147,BAN-FG,1201002,INVENTORY FINISHED PRODUCTS,10.0,3374.9,337.49,4
10000147,KLR-FG,1201002,INVENTORY FINISHED PRODUCTS,451.0,152207.99,337.49,21
10000151,BAN-GEN,1201002,INVENTORY FINISHED PRODUCTS,50.0,975.0,19.5,1
10000151,KER-GEN,1201002,INVENTORY FINISHED PRODUCTS,89.0,1735.5,19.5,1
10000151,KLR-EXS,1201002,INVENTORY FINISHED PRODUCTS,948.0,18486.0,19.5,3
10000151,KLR-FG,1201002,INVENTORY FINISHED PRODUCTS,52.0,1014.0,19.5,89
10000151,KLR-QC,1201002,INVENTORY FINISHED PRODUCTS,539.0,10510.5,19.5,7
10000151,KLR-SER,1201002,INVENTORY FINISHED PRODUCTS,37.0,721.5,19.5,5
10000151,KLR-SR,1201002,INVENTORY FINISHED PRODUCTS,522.0,10179.0,19.5,9
10000151,PKD-GEN,1201002,INVENTORY FINISHED PRODUCTS,2.0,39.0,19.5,2
10000151,VIJW-GEN,1201002,INVENTORY FINISHED PRODUCTS,250.0,4875.0,19.5,1
10000152,BAN-FG,1201002,INVENTORY FINISHED PRODUCTS,18.0,1524.6,84.7,12
10000152,KER-FG,1201002,INVENTORY FINISHED PRODUCTS,85.0,7199.5,84.7,25
10000152,KLR-EXS,1201002,INVENTORY FINISHED PRODUCTS,104.0,8808.8,84.7,1
10000152,KLR-FG,1201002,INVENTORY FINISHED PRODUCTS,827.0,70046.9,84.7,121
10000152,KLR-SER,1201002,INVENTORY FINISHED PRODUCTS,147.0,12450.9,84.7,10
10000152,KLR-SR,1201002,INVENTORY FINISHED PRODUCTS,205.0,17363.5,84.7,18
10000152,PKD-GEN,1201002,INVENTORY FINISHED PRODUCTS,1.0,84.7,84.7,2
10000152,VIJW-FG,1201002,INVENTORY FINISHED PRODUCTS,28.0,2371.6,84.7,7
10000153,KLR-FG,1201002,INVENTORY FINISHED PRODUCTS,86.0,7719.36,89.76,6
10000154,BAN-FG,1201002,INVENTORY FINISHED PRODUCTS,136.0,12208.72,89.77,16
10000154,KER-FG,1201002,INVENTORY FINISHED PRODUCTS,90.0,8079.3,89.77,24
10000154,KLR-EXS,1201002,INVENTORY FINISHED PRODUCTS,188.92819,16960.08,89.769981,1
10000154,KLR-FG,1201002,INVENTORY FINISHED PRODUCTS,207.07602,18589.22,89.770027,203
10000154,KLR-SR,1201002,INVENTORY FINISHED PRODUCTS,300.92398,27013.95,89.770014,18
10000154,PKD-GEN,1201002,INVENTORY FINISHED PRODUCTS,2.0,179.54,89.77,2
10000154,VIJW-FG,1201002,INVENTORY FINISHED PRODUCTS,54.0,4847.58,89.77,14
10000155,KLR-EXS,1201002,INVENTORY FINISHED PRODUCTS,20.0,4357.2,217.86,1
10000156,BAN-FG,1201002,INVENTORY FINISHED PRODUCTS,13.0,1465.75,112.75,21
10000156,KER-FG,1201002,INVENTORY FINISHED PRODUCTS,55.0,6201.25,112.75,38
10000156,KLR-EXS,1201002,INVENTORY FINISHED PRODUCTS,34.9999,3946.24,112.750036,1
10000156,KLR-FG,1201002,INVENTORY FINISHED PRODUCTS,0.9999,112.74,112.751275,255
10000156,KLR-SR,1201002,INVENTORY FINISHED PRODUCTS,111.0001,12515.26,112.749989,14
10000156,VIJW-FG,1201002,INVENTORY FINISHED PRODUCTS,8.0,902.0,112.75,18
10000157,KLR-SR,1201002,INVENTORY FINISHED PRODUCTS,0.002,0.27,135.0,6
10000158,KLR-EXS,1201002,INVENTORY FINISHED PRODUCTS,51.0,8389.5,164.5,1
10000158,KLR-FG,1201002,INVENTORY FINISHED PRODUCTS,30.0,4935.0,164.5,6
10000159,BAN-FG,1201002,INVENTORY FINISHED PRODUCTS,43.0,7073.93,164.51,15
10000159,KER-FG,1201002,INVENTORY FINISHED PRODUCTS,66.0,10857.66,164.51,19
10000159,KLR-EXS,1201002,INVENTORY FINISHED PRODUCTS,188.87274,31071.45,164.509976,3
10000159,KLR-FG,1201002,INVENTORY FINISHED PRODUCTS,175.12383,28809.63,164.51005,140
10000159,KLR-SER,1201002,INVENTORY FINISHED PRODUCTS,88.0,14476.88,164.51,7
10000159,KLR-SR,1201002,INVENTORY FINISHED PRODUCTS,380.87617,62657.94,164.510003,21
10000159,PKD-GEN,1201002,INVENTORY FINISHED PRODUCTS,2.0,329.02,164.51,2
10000159,VIJW-FG,1201002,INVENTORY FINISHED PRODUCTS,9.0,1480.59,164.51,17
10000160,KER-FG,1201002,INVENTORY FINISHED PRODUCTS,20.0,4821.0,241.05,5
10000160,KLR-EXS,1201002,INVENTORY FINISHED PRODUCTS,60.0,14463.0,241.05,6
10000160,KLR-FG,1201002,INVENTORY FINISHED PRODUCTS,12.0,2892.6,241.05,38
10000160,KLR-REJ,1201002,INVENTORY FINISHED PRODUCTS,1.0,241.05,241.05,1
10000160,PKD-GEN,1201002,INVENTORY FINISHED PRODUCTS,1.0,241.05,241.05,2
10000160,VIJW-FG,1201002,INVENTORY FINISHED PRODUCTS,24.0,5785.2,241.05,4
10000161,BAN-FG,1201002,INVENTORY FINISHED PRODUCTS,311.0,10393.62,33.42,40
10000161,KER-FG,1201002,INVENTORY FINISHED PRODUCTS,73.0,2439.66,33.42,114
10000161,KLR-FG,1201002,INVENTORY FINISHED PRODUCTS,7613.0,254426.46,33.42,307
10000161,KLR-SER,1201002,INVENTORY FINISHED PRODUCTS,-88.0,0.0,0.0,11
10000161,KLR-SR,1201002,INVENTORY FINISHED PRODUCTS,15.0,501.3,33.42,14
10000161,VIJW-FG,1201002,INVENTORY FINISHED PRODUCTS,204.0,6817.68,33.42,21
10000162,BAN-FG,1201002,INVENTORY FINISHED PRODUCTS,401.0,11921.73,29.73,35
10000162,KER-FG,1201002,INVENTORY FINISHED PRODUCTS,67.0,1991.91,29.73,96
10000162,KLR-FG,1201002,INVENTORY FINISHED PRODUCTS,5896.0,175288.08,29.73,292
10000162,KLR-SER,1201002,INVENTORY FINISHED PRODUCTS,-138.0,0.0,0.0,10
10000162,KLR-SR,1201002,INVENTORY FINISHED PRODUCTS,52.0,1545.96,29.73,11
10000162,VIJW-FG,1201002,INVENTORY FINISHED PRODUCTS,178.0,5291.94,29.73,20
10000163,BAN-FG,1201002,INVENTORY FINISHED PRODUCTS,402.0,10532.4,26.2,40
10000163,KER-FG,1201002,INVENTORY FINISHED PRODUCTS,64.0,1676.8,26.2,107
10000163,KLR-FG,1201002,INVENTORY FINISHED PRODUCTS,550.0,14410.0,26.2,305
10000163,KLR-SER,1201002,INVENTORY FINISHED PRODUCTS,-59.0,52.4,-0.888136,10
10000163,KLR-SR,1201002,INVENTORY FINISHED PRODUCTS,121.0,3170.2,26.2,11
10000163,VIJW-FG,1201002,INVENTORY FINISHED PRODUCTS,228.0,5973.6,26.2,27
10000164,BAN-FG,1201002,INVENTORY FINISHED PRODUCTS,252.0,5269.32,20.91,37
10000164,KER-FG,1201002,INVENTORY FINISHED PRODUCTS,64.0,1338.24,20.91,104
10000164,KLR-FG,1201002,INVENTORY FINISHED PRODUCTS,6089.0,127320.99,20.91,307
10000164,KLR-SER,1201002,INVENTORY FINISHED PRODUCTS,-59.0,41.82,-0.708814,10
10000164,KLR-SR,1201002,INVENTORY FINISHED PRODUCTS,93.0,1944.63,20.91,12
10000164,VIJW-FG,1201002,INVENTORY FINISHED PRODUCTS,148.0,3094.68,20.91,23
10000165,BAN-FG,1201002,INVENTORY FINISHED PRODUCTS,400.0,6612.0,16.53,39
10000165,KLR-FG,1201002,INVENTORY FINISHED PRODUCTS,3781.0,62499.93,16.53,331
10000165,KLR-SER,1201002,INVENTORY FINISHED PRODUCTS,-100.0,0.0,0.0,10
10000165,KLR-SR,1201002,INVENTORY FINISHED PRODUCTS,103.0,1702.59,16.53,13
10000165,VIJW-FG,1201002,INVENTORY FINISHED PRODUCTS,3.0,49.59,16.53,24
10000168,KER-GEN,1201002,INVENTORY FINISHED PRODUCTS,10.0,2135.3,213.53,1
10000168,KLR-FG,1201002,INVENTORY FINISHED PRODUCTS,169.0,36086.57,213.53,283
10000168,VIJW-FG,1201002,INVENTORY FINISHED PRODUCTS,2.0,427.06,213.53,5
10000169,KER-GEN,1201002,INVENTORY FINISHED PRODUCTS,10.0,19115.2,1911.52,1
10000169,KLR-EXS,1201002,INVENTORY FINISHED PRODUCTS,49.0,104127.45,2125.05,1
10000169,VIJW-FG,1201002,INVENTORY FINISHED PRODUCTS,2.0,3823.04,1911.52,5
10000170,BAN-FG,1201002,INVENTORY FINISHED PRODUCTS,1.0,1252.02,1252.02,15
10000170,KER-SR,1201002,INVENTORY FINISHED PRODUCTS,30.0,37560.6,1252.02,2
10000170,KLR-EXS,1201002,INVENTORY FINISHED PRODUCTS,52.0,65105.04,1252.02,9
10000170,KLR-FG,1201002,INVENTORY FINISHED PRODUCTS,40.0,50080.8,1252.02,282
10000170,VIJW-FG,1201002,INVENTORY FINISHED PRODUCTS,2.0,2504.04,1252.02,63
10000171,BAN-GEN,1201002,INVENTORY FINISHED PRODUCTS,16.0,3318.08,207.38,1
10000171,KER-GEN,1201002,INVENTORY FINISHED PRODUCTS,60.0,1642.8,27.38,1
10000171,KLR-FG,1201002,INVENTORY FINISHED PRODUCTS,297.0,61591.86,207.38,75
10000171,KLR-SER,1201002,INVENTORY FINISHED PRODUCTS,-26.0,0.0,0.0,6
10000171,KLR-SR,1201002,INVENTORY FINISHED PRODUCTS,7.0,1451.66,207.38,16
10000171,VIJW-GEN,1201002,INVENTORY FINISHED PRODUCTS,26.0,5391.88,207.38,1
10000172,BAN-GEN,1201002,INVENTORY FINISHED PRODUCTS,18.0,3144.24,174.68,1
10000172,KER-GEN,1201002,INVENTORY FINISHED PRODUCTS,32.0,5589.76,174.68,1
10000172,KLR-FG,1201002,INVENTORY FINISHED PRODUCTS,230.0,40176.4,174.68,73
10000172,KLR-SER,1201002,INVENTORY FINISHED PRODUCTS,1.0,174.68,174.68,7
10000172,KLR-SR,1201002,INVENTORY FINISHED PRODUCTS,4.0,698.72,174.68,14
10000172,VIJW-GEN,1201002,INVENTORY FINISHED PRODUCTS,1.0,174.68,174.68,1
10000173,BAN-GEN,1201002,INVENTORY FINISHED PRODUCTS,15.0,2495.7,166.38,1
10000173,KER-GEN,1201002,INVENTORY FINISHED PRODUCTS,30.0,4991.4,166.38,1
10000173,KLR-FG,1201002,INVENTORY FINISHED PRODUCTS,235.0,39099.3,166.38,55
10000173,KLR-SER,1201002,INVENTORY FINISHED PRODUCTS,4.0,665.52,166.38,4
10000173,KLR-SR,1201002,INVENTORY FINISHED PRODUCTS,13.0,2162.94,166.38,15
10000173,VIJW-GEN,1201002,INVENTORY FINISHED PRODUCTS,25.0,4159.5,166.38,1
10000174,BAN-GEN,1201002,INVENTORY FINISHED PRODUCTS,15.0,2898.6,193.24,1
10000174,KER-GEN,1201002,INVENTORY FINISHED PRODUCTS,30.0,5797.2,193.24,1
10000174,KLR-EXS,1201002,INVENTORY FINISHED PRODUCTS,8.0,1545.92,193.24,6
10000174,KLR-SER,1201002,INVENTORY FINISHED PRODUCTS,1.0,193.24,193.24,9
10000174,KLR-SR,1201002,INVENTORY FINISHED PRODUCTS,10.0,1932.4,193.24,22
10000175,KLR-EXS,1201002,INVENTORY FINISHED PRODUCTS,3.0,2970.0,990.0,1
10000176,BAN-GEN,1201002,INVENTORY FINISHED PRODUCTS,8.0,2281.76,285.22,2
10000176,KER-GEN,1201002,INVENTORY FINISHED PRODUCTS,32.0,9127.04,285.22,1
10000176,KLR-FG,1201002,INVENTORY FINISHED PRODUCTS,19.0,5419.18,285.22,91
10000177,KLR-QC,1201002,INVENTORY FINISHED PRODUCTS,8.0,2136.96,267.12,1
10000178,KER-GEN,1201002,INVENTORY FINISHED PRODUCTS,12.0,4380.0,365.0,1
10000178,KLR-FG,1201002,INVENTORY FINISHED PRODUCTS,15.0,5475.0,365.0,121
10000178,KLR-SER,1201002,INVENTORY FINISHED PRODUCTS,8.0,2920.0,365.0,10
10000178,KLR-SR,1201002,INVENTORY FINISHED PRODUCTS,25.0,9125.0,365.0,15
10000178,PKD-GEN,1201002,INVENTORY FINISHED PRODUCTS,1.0,365.0,365.0,2
10000179,KLR-EXS,1201002,INVENTORY FINISHED PRODUCTS,39.0,12003.03,307.77,2
10000179,KLR-QC,1201002,INVENTORY FINISHED PRODUCTS,6.0,1846.62,307.77,1
10000179,KLR-SR,1201002,INVENTORY FINISHED PRODUCTS,5.0,1538.85,307.77,6
10000180,KER-GEN,1201002,INVENTORY FINISHED PRODUCTS,14.0,6312.04,450.86,1
10000180,KLR-FG,1201002,INVENTORY FINISHED PRODUCTS,84.0,37872.24,450.86,135
10000180,KLR-SER,1201002,INVENTORY FINISHED PRODUCTS,5.0,2254.3,450.86,12
10000180,KLR-SR,1201002,INVENTORY FINISHED PRODUCTS,18.0,8115.48,450.86,19
10000180,VIJW-FG,1201002,INVENTORY FINISHED PRODUCTS,32.0,14427.52,450.86,31
10000180,VIJW-GEN,1201002,INVENTORY FINISHED PRODUCTS,6.0,2705.16,450.86,1
10000181,KLR-EXS,1201002,INVENTORY FINISHED PRODUCTS,5.0,1963.95,392.79,3
10000181,KLR-SR,1201002,INVENTORY FINISHED PRODUCTS,11.0,4320.69,392.79,4
10000182,KLR-EXS,1201002,INVENTORY FINISHED PRODUCTS,13.0,403.13,31.01,2
10000182,VIJW-GEN,1201002,INVENTORY FINISHED PRODUCTS,98.0,1476.86,15.07,1
10000183,KLR-FG,1201002,INVENTORY FINISHED PRODUCTS,8300.0,245763.0,29.61,9
10000184,BAN-GEN,1201002,INVENTORY FINISHED PRODUCTS,13.0,3231.93,248.61,2
10000184,KER-GEN,1201002,INVENTORY FINISHED PRODUCTS,53.0,13176.33,248.61,3
10000184,KLR-EXS,1201002,INVENTORY FINISHED PRODUCTS,38.0,9447.18,248.61,4
10000184,KLR-FG,1201002,INVENTORY FINISHED PRODUCTS,10.0,2486.1,248.61,260
10000184,KLR-SER,1201002,INVENTORY FINISHED PRODUCTS,7.0,1988.88,284.125714,20
10000184,KLR-SR,1201002,INVENTORY FINISHED PRODUCTS,2.0,497.22,248.61,28
10000184,PKD-GEN,1201002,INVENTORY FINISHED PRODUCTS,1.0,248.61,248.61,2
10000184,VIJW-FG,1201002,INVENTORY FINISHED PRODUCTS,24.0,5966.64,248.61,31
10000184,VIJW-GEN,1201002,INVENTORY FINISHED PRODUCTS,5.0,1243.05,248.61,1
10000185,BAN-GEN,1201002,INVENTORY FINISHED PRODUCTS,49.0,14068.88,287.12,3
10000185,KER-GEN,1201002,INVENTORY FINISHED PRODUCTS,29.0,8326.48,287.12,3
10000185,KLR-EXS,1201002,INVENTORY FINISHED PRODUCTS,18.0,5168.16,287.12,1
10000185,KLR-FG,1201002,INVENTORY FINISHED PRODUCTS,-18.0,-5168.16,287.12,265
10000185,KLR-SER,1201002,INVENTORY FINISHED PRODUCTS,1.0,287.12,287.12,23
10000185,KLR-SR,1201002,INVENTORY FINISHED PRODUCTS,28.0,8039.36,287.12,28
10000185,PKD-GEN,1201002,INVENTORY FINISHED PRODUCTS,2.0,574.24,287.12,2
10000185,VIJW-GEN,1201002,INVENTORY FINISHED PRODUCTS,12.0,3445.44,287.12,1
10000186,KLR-EXS,1201002,INVENTORY FINISHED PRODUCTS,106.0,35339.34,333.39,6
10000186,KLR-FG,1201002,INVENTORY FINISHED PRODUCTS,3.0,1000.17,333.39,229
10000186,KLR-QC,1201002,INVENTORY FINISHED PRODUCTS,15.0,5000.85,333.39,7
10000186,KLR-SR,1201002,INVENTORY FINISHED PRODUCTS,-2.0,-666.78,333.39,23
10000186,VIJW-GEN,1201002,INVENTORY FINISHED PRODUCTS,24.0,8001.36,333.39,1
10000187,BAN-FG,1201002,INVENTORY FINISHED PRODUCTS,100.0,3932.0,39.32,12
10000187,KER-GEN,1201002,INVENTORY FINISHED PRODUCTS,20.0,786.4,39.32,1
10000187,KLR-EXS,1201002,INVENTORY FINISHED PRODUCTS,84.0,3302.88,39.32,3
10000187,KLR-FG,1201002,INVENTORY FINISHED PRODUCTS,1984.0,78010.88,39.32,164
10000187,KLR-SER,1201002,INVENTORY FINISHED PRODUCTS,1.0,39.32,39.32,8
10000187,KLR-SR,1201002,INVENTORY FINISHED PRODUCTS,58.0,2280.56,39.32,17
10000187,PKD-GEN,1201002,INVENTORY FINISHED PRODUCTS,2.0,78.64,39.32,2
10000187,VIJW-GEN,1201002,INVENTORY FINISHED PRODUCTS,52.0,2044.64,39.32,1
10000188,KLR-EXS,1201002,INVENTORY FINISHED PRODUCTS,44.0,5638.16,128.14,3
10000188,KLR-FG,1201002,INVENTORY FINISHED PRODUCTS,84.0,10763.76,128.14,39
10000188,KLR-GEN,1201002,INVENTORY FINISHED PRODUCTS,24.0,5432.88,226.37,1
10000188,KLR-SR,1201002,INVENTORY FINISHED PRODUCTS,30.0,3844.2,128.14,5
10000188,VIJW-GEN,1201002,INVENTORY FINISHED PRODUCTS,4.0,512.56,128.14,1
10000189,KLR-EXS,1201002,INVENTORY FINISHED PRODUCTS,110.0,16610.0,151.0,2
10000189,KLR-FG,1201002,INVENTORY FINISHED PRODUCTS,12.0,1812.0,151.0,9
10000189,KLR-SER,1201002,INVENTORY FINISHED PRODUCTS,1.0,151.0,151.0,1
10000190,KLR-FG,1201002,INVENTORY FINISHED PRODUCTS,102.0,11730.0,115.0,6
10000191,KLR-FG,1201002,INVENTORY FINISHED PRODUCTS,35.0,10500.0,300.0,11
10000192,KLR-EXS,1201002,INVENTORY FINISHED PRODUCTS,4.0,2639.2,659.8,2
10000193,BAN-GEN,1201002,INVENTORY FINISHED PRODUCTS,64.0,7779.2,121.55,1
10000193,KER-GEN,1201002,INVENTORY FINISHED PRODUCTS,14.0,1701.7,121.55,1
10000193,KLR-FG,1201002,INVENTORY FINISHED PRODUCTS,371.0,45095.05,121.55,63
10000193,KLR-SER,1201002,INVENTORY FINISHED PRODUCTS,1.0,121.55,121.55,7
10000193,KLR-SR,1201002,INVENTORY FINISHED PRODUCTS,27.0,3281.85,121.55,14
10000193,VIJW-GEN,1201002,INVENTORY FINISHED PRODUCTS,31.0,3768.05,121.55,1
10000194,KER-GEN,1201002,INVENTORY FINISHED PRODUCTS,78.0,13391.82,171.69,1
10000194,KLR-FG,1201002,INVENTORY FINISHED PRODUCTS,195.0,33479.55,171.69,56
10000194,KLR-SR,1201002,INVENTORY FINISHED PRODUCTS,26.0,4463.94,171.69,9
10000194,VIJW-GEN,1201002,INVENTORY FINISHED PRODUCTS,38.0,6524.22,171.69,1
10000195,BAN-GEN,1201002,INVENTORY FINISHED PRODUCTS,24.0,4266.24,177.76,2
10000195,KER-GEN,1201002,INVENTORY FINISHED PRODUCTS,54.0,9599.04,177.76,1
10000195,KLR-FG,1201002,INVENTORY FINISHED PRODUCTS,136.0,24175.36,177.76,51
10000195,KLR-SER,1201002,INVENTORY FINISHED PRODUCTS,10.0,1777.6,177.76,3
10000195,KLR-SR,1201002,INVENTORY FINISHED PRODUCTS,24.0,4266.24,177.76,9
10000195,VIJW-GEN,1201002,INVENTORY FINISHED PRODUCTS,17.0,3021.92,177.76,1
10000196,KLR-EXS,1201002,INVENTORY FINISHED PRODUCTS,469.0,67756.43,144.47,1
10000197,KLR-EXS,1201002,INVENTORY FINISHED PRODUCTS,940.0,154630.0,164.5,1
10000198,KLR-SR,1201002,INVENTORY FINISHED PRODUCTS,69.0,8742.99,126.71,3
10000199,KLR-EXS,1201002,INVENTORY FINISHED PRODUCTS,303.0,44474.34,146.78,4
10000200,KLR-EXS,1201002,INVENTORY FINISHED PRODUCTS,35.0,10480.75,299.45,2
10000200,KLR-GEN,1201002,INVENTORY FINISHED PRODUCTS,-28.0,0.0,0.0,7
10000201,KLR-EXS,1201002,INVENTORY FINISHED PRODUCTS,333.0,30769.2,92.4,1
10000201,KLR-FG,1201002,INVENTORY FINISHED PRODUCTS,674.0,62277.6,92.4,3
10000201,KLR-SER,1201002,INVENTORY FINISHED PRODUCTS,26.0,2402.4,92.4,1
10000201,KLR-SR,1201002,INVENTORY FINISHED PRODUCTS,200.0,18480.0,92.4,3
10000202,KLR-FG,1201002,INVENTORY FINISHED PRODUCTS,-50.0,-1849.0,36.98,56
10000202,KLR-SER,1201002,INVENTORY FINISHED PRODUCTS,1.0,36.98,36.98,1
10000202,KLR-SR,1201002,INVENTORY FINISHED PRODUCTS,33.0,1220.34,36.98,10
10000202,VIJW-GEN,1201002,INVENTORY FINISHED PRODUCTS,80.0,2958.4,36.98,1
10000204,KLR-EXS,1201002,INVENTORY FINISHED PRODUCTS,10.0,3810.0,381.0,1
10000206,KLR-EXS,1201002,INVENTORY FINISHED PRODUCTS,2.0,394.92,197.46,1
10000207,KLR-FG,1201002,INVENTORY FINISHED PRODUCTS,284.0,83138.16,292.74,112
10000207,KLR-SER,1201002,INVENTORY FINISHED PRODUCTS,38.0,11124.12,292.74,11
10000207,KLR-SR,1201002,INVENTORY FINISHED PRODUCTS,42.0,12295.08,292.74,24
10000208,KLR-FG,1201002,INVENTORY FINISHED PRODUCTS,19.0,4783.06,251.74,4
10000208,KLR-SER,1201002,INVENTORY FINISHED PRODUCTS,1.0,251.74,251.74,1
10000209,BAN-FG,1201002,INVENTORY FINISHED PRODUCTS,10.0,7547.5,754.75,10
10000209,KLR-EXS,1201002,INVENTORY FINISHED PRODUCTS,41.0,30944.75,754.75,5
10000209,KLR-FG,1201002,INVENTORY FINISHED PRODUCTS,756.0,570591.0,754.75,96
10000209,KLR-SER,1201002,INVENTORY FINISHED PRODUCTS,42.0,31699.5,754.75,10
10000209,KLR-SR,1201002,INVENTORY FINISHED PRODUCTS,9.0,6792.75,754.75,10
10000209,PKD-GEN,1201002,INVENTORY FINISHED PRODUCTS,1.0,754.75,754.75,2
10000209,VIJW-FG,1201002,INVENTORY FINISHED PRODUCTS,14.0,10566.5,754.75,91
10000210,BAN-FG,1201002,INVENTORY FINISHED PRODUCTS,19.0,29165.0,1535.0,7
10000210,KER-FG,1201002,INVENTORY FINISHED PRODUCTS,1.0,1535.0,1535.0,8
10000210,KLR-FG,1201002,INVENTORY FINISHED PRODUCTS,549.0,842715.0,1535.0,84
10000210,KLR-SER,1201002,INVENTORY FINISHED PRODUCTS,4.0,6140.0,1535.0,7
10000210,KLR-SR,1201002,INVENTORY FINISHED PRODUCTS,18.0,27630.0,1535.0,7
10000210,PKD-GEN,1201002,INVENTORY FINISHED PRODUCTS,1.0,1535.0,1535.0,2
10000210,VIJW-FG,1201002,INVENTORY FINISHED PRODUCTS,58.0,89030.0,1535.0,90
10000211,BAN-GEN,1201002,INVENTORY FINISHED PRODUCTS,4.0,157.32,39.33,1
10000211,KLR-EXS,1201002,INVENTORY FINISHED PRODUCTS,254.0,9989.82,39.33,6
10000211,KLR-FG,1201002,INVENTORY FINISHED PRODUCTS,48.0,1887.84,39.33,17
10000211,VIJW-GEN,1201002,INVENTORY FINISHED PRODUCTS,100.0,3933.0,39.33,1
10000212,BAN-GEN,1201002,INVENTORY FINISHED PRODUCTS,49.0,2095.24,42.76,1
10000212,KLR-FG,1201002,INVENTORY FINISHED PRODUCTS,450.0,19242.0,42.76,14
10000212,KLR-SR,1201002,INVENTORY FINISHED PRODUCTS,15.0,641.4,42.76,11
10000212,VIJW-GEN,1201002,INVENTORY FINISHED PRODUCTS,105.0,4489.8,42.76,1
10000213,KLR-FG,1201002,INVENTORY FINISHED PRODUCTS,153.0,7099.2,46.4,11
10000214,KLR-FG,1201002,INVENTORY FINISHED PRODUCTS,186.0,47113.8,253.3,316
10000214,KLR-SER,1201002,INVENTORY FINISHED PRODUCTS,1.0,253.3,253.3,18
10000214,KLR-SR,1201002,INVENTORY FINISHED PRODUCTS,7.0,1773.1,253.3,26
10000215,BAN-GEN,1201002,INVENTORY FINISHED PRODUCTS,63.0,2304.54,36.58,1
10000215,KLR-FG,1201002,INVENTORY FINISHED PRODUCTS,418.0,15290.44,36.58,35
10000215,KLR-SER,1201002,INVENTORY FINISHED PRODUCTS,49.0,1792.42,36.58,3
10000215,KLR-SR,1201002,INVENTORY FINISHED PRODUCTS,515.0,18838.7,36.58,10
10000215,VIJW-GEN,1201002,INVENTORY FINISHED PRODUCTS,19.0,695.02,36.58,1
10000216,KLR-FG,1201002,INVENTORY FINISHED PRODUCTS,42.0,28124.04,669.62,2
10000216,KLR-SR,1201002,INVENTORY FINISHED PRODUCTS,38.0,29015.28,763.56,4
10000217,BAN-FG,1201002,INVENTORY FINISHED PRODUCTS,200.0,6682.0,33.41,15
10000217,KER-FG,1201002,INVENTORY FINISHED PRODUCTS,65.0,2171.65,33.41,68
10000217,KLR-FG,1201002,INVENTORY FINISHED PRODUCTS,2040.0,68156.4,33.41,203
10000217,KLR-SER,1201002,INVENTORY FINISHED PRODUCTS,-100.0,0.0,0.0,8
10000217,KLR-SR,1201002,INVENTORY FINISHED PRODUCTS,96.0,3207.36,33.41,13
10000217,VIJW-FG,1201002,INVENTORY FINISHED PRODUCTS,18.0,601.38,33.41,27
10000218,BAN-FG,1201002,INVENTORY FINISHED PRODUCTS,200.0,4998.0,24.99,8
10000218,KER-FG,1201002,INVENTORY FINISHED PRODUCTS,78.0,1949.22,24.99,16
10000218,KLR-FG,1201002,INVENTORY FINISHED PRODUCTS,3020.0,75469.8,24.99,114
10000218,KLR-SER,1201002,INVENTORY FINISHED PRODUCTS,1.0,24.99,24.99,6
10000218,KLR-SR,1201002,INVENTORY FINISHED PRODUCTS,597.0,14919.03,24.99,17
10000218,VIJW-FG,1201002,INVENTORY FINISHED PRODUCTS,88.0,2199.12,24.99,12
10000219,KLR-EXS,1201002,INVENTORY FINISHED PRODUCTS,1.0,12380.0,12380.0,1
10000220,KLR-EXS,1201002,INVENTORY FINISHED PRODUCTS,1.0,25530.0,25530.0,1
10000221,KLR-FG,1201002,INVENTORY FINISHED PRODUCTS,-1.0,0.0,0.0,21
10000222,KLR-EXS,1201002,INVENTORY FINISHED PRODUCTS,8.0,6771.28,846.41,2
10000223,BAN-FG,1201002,INVENTORY FINISHED PRODUCTS,36.0,8100.72,225.02,25
10000223,BAN-GEN,1201002,INVENTORY FINISHED PRODUCTS,2.0,450.04,225.02,1
10000223,KER-GEN,1201002,INVENTORY FINISHED PRODUCTS,8.0,1800.16,225.02,1
10000223,KLR-FG,1201002,INVENTORY FINISHED PRODUCTS,209.0,47029.18,225.02,230
10000223,KLR-SER,1201002,INVENTORY FINISHED PRODUCTS,4.0,3825.34,956.335,15
10000223,KLR-SR,1201002,INVENTORY FINISHED PRODUCTS,8.0,1800.16,225.02,21
10000223,VIJW-GEN,1201002,INVENTORY FINISHED PRODUCTS,31.0,6975.62,225.02,2
10000224,BAN-GEN,1201002,INVENTORY FINISHED PRODUCTS,14.0,3666.46,261.89,2
10000224,KER-GEN,1201002,INVENTORY FINISHED PRODUCTS,8.0,2095.12,261.89,2
10000224,KLR-EXS,1201002,INVENTORY FINISHED PRODUCTS,6.0,1571.34,261.89,1
10000224,KLR-FG,1201002,INVENTORY FINISHED PRODUCTS,-1.0,-261.89,261.89,266
10000224,KLR-SER,1201002,INVENTORY FINISHED PRODUCTS,-28.0,2095.12,-74.825714,24
10000224,KLR-SR,1201002,INVENTORY FINISHED PRODUCTS,4.0,1047.56,261.89,19
10000224,VIJW-GEN,1201002,INVENTORY FINISHED PRODUCTS,12.0,3142.68,261.89,2
10000226,KLR-EXS,1201002,INVENTORY FINISHED PRODUCTS,6.0,1404.12,234.02,3
10000227,KLR-EXS,1201002,INVENTORY FINISHED PRODUCTS,1.0,280.61,280.61,3
10000228,BAN-GEN,1201002,INVENTORY FINISHED PRODUCTS,150.0,2188.5,14.59,1
10000228,KER-FG,1201002,INVENTORY FINISHED PRODUCTS,66.0,962.94,14.59,13
10000228,KLR-EXS,1201002,INVENTORY FINISHED PRODUCTS,49.0,714.91,14.59,3
10000228,KLR-FG,1201002,INVENTORY FINISHED PRODUCTS,7926.0,115640.34,14.59,91
10000228,KLR-REJ,1201002,INVENTORY FINISHED PRODUCTS,27.0,393.93,14.59,1
10000228,KLR-SER,1201002,INVENTORY FINISHED PRODUCTS,341.0,4975.19,14.59,5
10000228,KLR-SR,1201002,INVENTORY FINISHED PRODUCTS,109.0,1590.31,14.59,14
10000228,VIJW-GEN,1201002,INVENTORY FINISHED PRODUCTS,89.0,1298.51,14.59,1
10000229,BAN-FG,1201002,INVENTORY FINISHED PRODUCTS,206.0,5875.12,28.52,15
10000229,KER-FG,1201002,INVENTORY FINISHED PRODUCTS,45.0,1283.4,28.52,11
10000229,KLR-FG,1201002,INVENTORY FINISHED PRODUCTS,1310.0,37361.2,28.52,128
10000229,KLR-SR,1201002,INVENTORY FINISHED PRODUCTS,553.0,15771.56,28.52,13
10000229,VIJW-FG,1201002,INVENTORY FINISHED PRODUCTS,62.0,1768.24,28.52,11
10000230,BAN-FG,1201002,INVENTORY FINISHED PRODUCTS,100.0,2411.0,24.11,15
10000230,KER-FG,1201002,INVENTORY FINISHED PRODUCTS,94.0,2266.34,24.11,42
10000230,KLR-FG,1201002,INVENTORY FINISHED PRODUCTS,1506.0,36309.66,24.11,174
10000230,KLR-SR,1201002,INVENTORY FINISHED PRODUCTS,553.0,13332.83,24.11,16
10000230,VIJW-FG,1201002,INVENTORY FINISHED PRODUCTS,136.0,3278.96,24.11,13
10000231,BAN-GEN,1201002,INVENTORY FINISHED PRODUCTS,50.0,2957.5,59.15,1
10000231,KLR-EXS,1201002,INVENTORY FINISHED PRODUCTS,75.0,4436.25,59.15,4
10000231,KLR-SER,1201002,INVENTORY FINISHED PRODUCTS,4.0,236.6,59.15,12
10000231,KLR-SR,1201002,INVENTORY FINISHED PRODUCTS,25.0,1478.75,59.15,17
10000231,VIJW-GEN,1201002,INVENTORY FINISHED PRODUCTS,52.0,3075.8,59.15,1
10000232,BAN-GEN,1201002,INVENTORY FINISHED PRODUCTS,66.0,4616.7,69.95,1
10000232,KER-GEN,1201002,INVENTORY FINISHED PRODUCTS,5.0,349.75,69.95,1
10000232,KLR-FG,1201002,INVENTORY FINISHED PRODUCTS,556.0,38892.2,69.95,164
10000232,KLR-SER,1201002,INVENTORY FINISHED PRODUCTS,12.0,839.4,69.95,13
10000232,KLR-SR,1201002,INVENTORY FINISHED PRODUCTS,87.0,6085.65,69.95,21
10000232,VIJW-FG,1201002,INVENTORY FINISHED PRODUCTS,40.0,2798.0,69.95,38
10000232,VIJW-GEN,1201002,INVENTORY FINISHED PRODUCTS,97.0,6785.15,69.95,1
10000233,BAN-GEN,1201002,INVENTORY FINISHED PRODUCTS,60.0,5700.0,95.0,1
10000233,KER-GEN,1201002,INVENTORY FINISHED PRODUCTS,4.0,380.0,95.0,1
10000233,KLR-FG,1201002,INVENTORY FINISHED PRODUCTS,939.0,89205.0,95.0,199
10000233,KLR-SER,1201002,INVENTORY FINISHED PRODUCTS,2.0,190.0,95.0,16
10000233,KLR-SR,1201002,INVENTORY FINISHED PRODUCTS,60.0,5700.0,95.0,19
10000233,VIJW-FG,1201002,INVENTORY FINISHED PRODUCTS,60.0,5700.0,95.0,50
10000234,BAN-GEN,1201002,INVENTORY FINISHED PRODUCTS,200.0,6160.0,30.8,1
10000234,KLR-FG,1201002,INVENTORY FINISHED PRODUCTS,6489.0,199861.2,30.8,20
10000234,KLR-GEN,1201002,INVENTORY FINISHED PRODUCTS,539.0,21560.0,40.0,4
10000236,KER-GEN,1201002,INVENTORY FINISHED PRODUCTS,118.0,9297.22,78.79,2
10000236,KLR-FG,1201002,INVENTORY FINISHED PRODUCTS,272.0,21430.88,78.79,90
10000236,KLR-SR,1201002,INVENTORY FINISHED PRODUCTS,88.0,6933.52,78.79,16
10000236,VIJW-GEN,1201002,INVENTORY FINISHED PRODUCTS,96.0,7563.84,78.79,1
10000238,KLR-FG,1201002,INVENTORY FINISHED PRODUCTS,332.0,65991.64,198.77,5
10000239,KLR-EXS,1201002,INVENTORY FINISHED PRODUCTS,29.0,1204.08,41.52,3
10000239,KLR-FG,1201002,INVENTORY FINISHED PRODUCTS,51.0,2117.52,41.52,3
10000239,KLR-SER,1201002,INVENTORY FINISHED PRODUCTS,29.0,1204.08,41.52,5
10000239,KLR-SR,1201002,INVENTORY FINISHED PRODUCTS,35.0,1453.2,41.52,2
10000240,BAN-GEN,1201002,INVENTORY FINISHED PRODUCTS,485.0,4709.35,9.71,1
10000240,KER-GEN,1201002,INVENTORY FINISHED PRODUCTS,200.0,1942.0,9.71,1
10000240,KLR-FG,1201002,INVENTORY FINISHED PRODUCTS,48305.0,469041.55,9.71,62
10000240,KLR-SR,1201002,INVENTORY FINISHED PRODUCTS,100.0,971.0,9.71,8
10000240,VIJW-GEN,1201002,INVENTORY FINISHED PRODUCTS,144.0,1398.24,9.71,1
10000241,BAN-GEN,1201002,INVENTORY FINISHED PRODUCTS,34.0,2566.66,75.49,1
10000241,KER-GEN,1201002,INVENTORY FINISHED PRODUCTS,239.0,18042.11,75.49,1
10000241,KLR-FG,1201002,INVENTORY FINISHED PRODUCTS,847.0,63940.03,75.49,141
10000241,KLR-SER,1201002,INVENTORY FINISHED PRODUCTS,1.0,150.98,150.98,10
10000241,KLR-SR,1201002,INVENTORY FINISHED PRODUCTS,18.0,1358.82,75.49,16
10000241,VIJW-GEN,1201002,INVENTORY FINISHED PRODUCTS,18.0,1358.82,75.49,1
10000242,BAN-GEN,1201002,INVENTORY FINISHED PRODUCTS,118.0,10965.74,92.93,1
10000242,KER-GEN,1201002,INVENTORY FINISHED PRODUCTS,215.0,19979.95,92.93,1
10000242,KER-SR,1201002,INVENTORY FINISHED PRODUCTS,1.0,92.93,92.93,1
10000242,KLR-FG,1201002,INVENTORY FINISHED PRODUCTS,708.0,65794.44,92.93,144
10000242,KLR-SER,1201002,INVENTORY FINISHED PRODUCTS,3.0,371.72,123.906667,14
10000242,KLR-SR,1201002,INVENTORY FINISHED PRODUCTS,21.0,1951.53,92.93,13
10000242,VIJW-GEN,1201002,INVENTORY FINISHED PRODUCTS,78.0,7248.54,92.93,1
10000243,BAN-GEN,1201002,INVENTORY FINISHED PRODUCTS,30.0,2898.3,96.61,1
10000243,KER-GEN,1201002,INVENTORY FINISHED PRODUCTS,101.0,9757.61,96.61,1
10000243,KER-SR,1201002,INVENTORY FINISHED PRODUCTS,6.0,579.66,96.61,1
10000243,KLR-FG,1201002,INVENTORY FINISHED PRODUCTS,667.0,64438.87,96.61,147
10000243,KLR-SR,1201002,INVENTORY FINISHED PRODUCTS,29.0,2801.69,96.61,11
10000243,VIJW-FG,1201002,INVENTORY FINISHED PRODUCTS,24.0,2318.64,96.61,46
10000243,VIJW-GEN,1201002,INVENTORY FINISHED PRODUCTS,46.0,4444.06,96.61,1
10000244,BAN-GEN,1201002,INVENTORY FINISHED PRODUCTS,91.0,52990.21,582.31,1
10000244,KLR-EXS,1201002,INVENTORY FINISHED PRODUCTS,1.0,582.31,582.31,1
10000244,KLR-FG,1201002,INVENTORY FINISHED PRODUCTS,8.0,4658.48,582.31,12
10000245,KER-FG,1201002,INVENTORY FINISHED PRODUCTS,73.0,4171.95,57.15,40
10000245,KLR-FG,1201002,INVENTORY FINISHED PRODUCTS,52.0,2971.8,57.15,29
10000245,KLR-SR,1201002,INVENTORY FINISHED PRODUCTS,4.0,228.6,57.15,4
10000246,KLR-FG,1201002,INVENTORY FINISHED PRODUCTS,81.0,6219.99,76.79,6
10000246,KLR-GEN,1201002,INVENTORY FINISHED PRODUCTS,6.0,460.74,76.79,3
10000246,KLR-SR,1201002,INVENTORY FINISHED PRODUCTS,1.0,76.79,76.79,1
10000247,KLR-EXS,1201002,INVENTORY FINISHED PRODUCTS,70.0,11082.4,158.32,2
10000248,KER-FG,1201002,INVENTORY FINISHED PRODUCTS,68.0,4653.24,68.43,41
10000248,KLR-EXS,1201002,INVENTORY FINISHED PRODUCTS,2.0,136.86,68.43,3
10000249,KLR-EXS,1201002,INVENTORY FINISHED PRODUCTS,41.0,3794.96,92.56,5
10000250,KLR-EXS,1201002,INVENTORY FINISHED PRODUCTS,9.0,1416.33,157.37,1
10000250,KLR-FG,1201002,INVENTORY FINISHED PRODUCTS,51.0,8025.87,157.37,10
10000250,KLR-GEN,1201002,INVENTORY FINISHED PRODUCTS,107.0,18288.44,170.92,1
10000250,KLR-SR,1201002,INVENTORY FINISHED PRODUCTS,2.0,314.74,157.37,2
10000251,KER-FG,1201002,INVENTORY FINISHED PRODUCTS,60.0,4635.0,77.25,46
10000251,KLR-FG,1201002,INVENTORY FINISHED PRODUCTS,41.0,3167.25,77.25,23
10000251,KLR-GEN,1201002,INVENTORY FINISHED PRODUCTS,3.0,388.56,129.52,5
10000251,KLR-SER,1201002,INVENTORY FINISHED PRODUCTS,12.0,927.0,77.25,1
10000252,KLR-FG,1201002,INVENTORY FINISHED PRODUCTS,35.0,6303.85,180.11,10
10000252,KLR-SR,1201002,INVENTORY FINISHED PRODUCTS,5.0,900.55,180.11,1
10000253,KER-FG,1201002,INVENTORY FINISHED PRODUCTS,59.0,5386.7,91.3,50
10000253,KLR-EXS,1201002,INVENTORY FINISHED PRODUCTS,54.0,4930.2,91.3,6
10000254,KLR-FG,1201002,INVENTORY FINISHED PRODUCTS,345.0,43135.35,125.03,5
10000254,KLR-GEN,1201002,INVENTORY FINISHED PRODUCTS,130.0,21624.2,166.34,3
10000254,KLR-SER,1201002,INVENTORY FINISHED PRODUCTS,14.0,1750.42,125.03,1
10000255,KLR-FG,1201002,INVENTORY FINISHED PRODUCTS,190.0,39884.8,209.92,8
10000255,KLR-SER,1201002,INVENTORY FINISHED PRODUCTS,1.0,209.92,209.92,1
10000255,KLR-SR,1201002,INVENTORY FINISHED PRODUCTS,1.0,209.92,209.92,1
10000256,KER-FG,1201002,INVENTORY FINISHED PRODUCTS,35.0,3692.85,105.51,50
10000256,KLR-EXS,1201002,INVENTORY FINISHED PRODUCTS,32.0,3376.32,105.51,2
10000257,KLR-EXS,1201002,INVENTORY FINISHED PRODUCTS,58.0,8401.3,144.85,6
10000258,KLR-FG,1201002,INVENTORY FINISHED PRODUCTS,68.0,15961.64,234.73,5
10000258,KLR-SR,1201002,INVENTORY FINISHED PRODUCTS,12.0,2816.76,234.73,1
10000259,KER-FG,1201002,INVENTORY FINISHED PRODUCTS,19.0,2236.49,117.71,45
10000259,KLR-FG,1201002,INVENTORY FINISHED PRODUCTS,69.0,8121.99,117.71,13
10000259,KLR-SER,1201002,INVENTORY FINISHED PRODUCTS,8.0,941.68,117.71,2
10000259,KLR-SR,1201002,INVENTORY FINISHED PRODUCTS,15.0,1765.65,117.71,2
10000260,KLR-EXS,1201002,INVENTORY FINISHED PRODUCTS,309.0,49838.61,161.29,6
10000261,KLR-EXS,1201002,INVENTORY FINISHED PRODUCTS,145.0,38585.95,266.11,3
10000262,KER-FG,1201002,INVENTORY FINISHED PRODUCTS,67.0,9223.22,137.66,55
10000262,KLR-FG,1201002,INVENTORY FINISHED PRODUCTS,82.0,11288.12,137.66,11
10000262,KLR-GEN,1201002,INVENTORY FINISHED PRODUCTS,29.0,5870.76,202.44,2
10000262,KLR-SER,1201002,INVENTORY FINISHED PRODUCTS,14.0,1927.24,137.66,1
10000262,KLR-SR,1201002,INVENTORY FINISHED PRODUCTS,14.0,1927.24,137.66,1
10000263,KLR-EXS,1201002,INVENTORY FINISHED PRODUCTS,205.0,39025.85,190.37,4
10000264,KLR-FG,1201002,INVENTORY FINISHED PRODUCTS,340.0,103135.6,303.34,1
10000264,KLR-GEN,1201002,INVENTORY FINISHED PRODUCTS,18.0,5460.12,303.34,1
10000264,KLR-SR,1201002,INVENTORY FINISHED PRODUCTS,1.0,303.34,303.34,1
10000266,KLR-EXS,1201002,INVENTORY FINISHED PRODUCTS,8.0,5348.64,668.58,1
10000267,BAN-GEN,1201002,INVENTORY FINISHED PRODUCTS,14.0,9495.5,678.25,1
10000267,KER-FG,1201002,INVENTORY FINISHED PRODUCTS,4.0,2713.0,678.25,31
10000267,KLR-FG,1201002,INVENTORY FINISHED PRODUCTS,38.0,25773.5,678.25,78
10000267,KLR-SR,1201002,INVENTORY FINISHED PRODUCTS,20.0,13565.0,678.25,11
10000267,VIJW-GEN,1201002,INVENTORY FINISHED PRODUCTS,4.0,2713.0,678.25,1
10000268,BAN-GEN,1201002,INVENTORY FINISHED PRODUCTS,16.0,14049.44,878.09,1
10000268,KER-FG,1201002,INVENTORY FINISHED PRODUCTS,80.0,70247.2,878.09,6
10000268,KLR-EXS,1201002,INVENTORY FINISHED PRODUCTS,37.0,32489.33,878.09,5
10000268,KLR-SER,1201002,INVENTORY FINISHED PRODUCTS,5.0,4390.45,878.09,4
10000268,KLR-SR,1201002,INVENTORY FINISHED PRODUCTS,-3.0,-2634.27,878.09,10
10000268,VIJW-GEN,1201002,INVENTORY FINISHED PRODUCTS,7.0,6146.63,878.09,1
10000269,BAN-GEN,1201002,INVENTORY FINISHED PRODUCTS,2.0,2021.06,1010.53,1
10000269,KER-FG,1201002,INVENTORY FINISHED PRODUCTS,48.0,48505.44,1010.53,7
10000269,KLR-EXS,1201002,INVENTORY FINISHED PRODUCTS,20.0,20210.6,1010.53,6
10000269,KLR-SR,1201002,INVENTORY FINISHED PRODUCTS,1.0,1010.53,1010.53,5
10000269,VIJW-GEN,1201002,INVENTORY FINISHED PRODUCTS,6.0,6063.18,1010.53,1
10000270,BAN-GEN,1201002,INVENTORY FINISHED PRODUCTS,260.0,5571.8,21.43,1
10000270,KER-GEN,1201002,INVENTORY FINISHED PRODUCTS,158.0,3385.94,21.43,1
10000270,KLR-FG,1201002,INVENTORY FINISHED PRODUCTS,690.0,14786.7,21.43,211
10000270,KLR-REJ,1201002,INVENTORY FINISHED PRODUCTS,4.0,85.72,21.43,2
10000270,KLR-SER,1201002,INVENTORY FINISHED PRODUCTS,-188.0,2185.86,-11.626915,11
10000270,KLR-SR,1201002,INVENTORY FINISHED PRODUCTS,150.0,3214.5,21.43,19
10000270,PKD-GEN,1201002,INVENTORY FINISHED PRODUCTS,1.0,21.43,21.43,2
10000270,VIJW-FG,1201002,INVENTORY FINISHED PRODUCTS,150.0,3214.5,21.43,39
10000270,VIJW-GEN,1201002,INVENTORY FINISHED PRODUCTS,166.0,3557.38,21.43,1
10000271,BAN-FG,1201002,INVENTORY FINISHED PRODUCTS,150.0,3312.0,22.08,25
10000271,BAN-GEN,1201002,INVENTORY FINISHED PRODUCTS,110.0,2428.8,22.08,1
10000271,KER-GEN,1201002,INVENTORY FINISHED PRODUCTS,254.0,5608.32,22.08,1
10000271,KLR-EXS,1201002,INVENTORY FINISHED PRODUCTS,169.0,3731.52,22.08,3
10000271,KLR-FG,1201002,INVENTORY FINISHED PRODUCTS,-19.0,-419.52,22.08,268
10000271,KLR-REJ,1201002,INVENTORY FINISHED PRODUCTS,3.0,66.24,22.08,2
10000271,KLR-SER,1201002,INVENTORY FINISHED PRODUCTS,77.0,1700.16,22.08,10
10000271,KLR-SR,1201002,INVENTORY FINISHED PRODUCTS,292.0,6447.36,22.08,12
10000271,PKD-GEN,1201002,INVENTORY FINISHED PRODUCTS,1.0,22.08,22.08,2
10000271,VIJW-FG,1201002,INVENTORY FINISHED PRODUCTS,150.0,3312.0,22.08,35
10000271,VIJW-GEN,1201002,INVENTORY FINISHED PRODUCTS,169.0,3731.52,22.08,1
10000272,BAN-FG,1201002,INVENTORY FINISHED PRODUCTS,300.0,7803.0,26.01,20
10000272,BAN-GEN,1201002,INVENTORY FINISHED PRODUCTS,120.0,3121.2,26.01,1
10000272,KER-GEN,1201002,INVENTORY FINISHED PRODUCTS,256.0,6658.56,26.01,1
10000272,KLR-FG,1201002,INVENTORY FINISHED PRODUCTS,2540.0,66065.4,26.01,288
10000272,KLR-REJ,1201002,INVENTORY FINISHED PRODUCTS,53.0,1378.53,26.01,7
10000272,KLR-SER,1201002,INVENTORY FINISHED PRODUCTS,-6.0,182.07,-30.345,6
10000272,KLR-SR,1201002,INVENTORY FINISHED PRODUCTS,168.0,4369.68,26.01,14
10000272,PKD-GEN,1201002,INVENTORY FINISHED PRODUCTS,1.0,26.01,26.01,2
10000272,VIJW-FG,1201002,INVENTORY FINISHED PRODUCTS,150.0,3901.5,26.01,29
10000272,VIJW-GEN,1201002,INVENTORY FINISHED PRODUCTS,93.0,2418.93,26.01,1
10000273,KER-GEN,1201002,INVENTORY FINISHED PRODUCTS,41.0,1412.04,34.44,1
10000273,KLR-EXS,1201002,INVENTORY FINISHED PRODUCTS,288.0,9918.72,34.44,1
10000273,KLR-FG,1201002,INVENTORY FINISHED PRODUCTS,150.0,5166.0,34.44,250
10000273,KLR-SER,1201002,INVENTORY FINISHED PRODUCTS,2.0,68.88,34.44,5
10000273,KLR-SR,1201002,INVENTORY FINISHED PRODUCTS,21.0,723.24,34.44,18
10000273,PKD-GEN,1201002,INVENTORY FINISHED PRODUCTS,1.0,34.44,34.44,2
10000273,VIJW-GEN,1201002,INVENTORY FINISHED PRODUCTS,102.0,3512.88,34.44,1
10000274,KLR-EXS,1201002,INVENTORY FINISHED PRODUCTS,52.0,62400.0,1200.0,1
10000276,BAN-FG,1201002,INVENTORY FINISHED PRODUCTS,4.0,2972.04,743.01,48
10000276,BAN-GEN,1201002,INVENTORY FINISHED PRODUCTS,8.0,5944.08,743.01,1
10000276,KER-FG,1201002,INVENTORY FINISHED PRODUCTS,4.0,2972.04,743.01,53
10000276,KER-GEN,1201002,INVENTORY FINISHED PRODUCTS,2.0,1486.02,743.01,1
10000276,KLR-EXS,1201002,INVENTORY FINISHED PRODUCTS,36.0,26748.36,743.01,7
10000276,KLR-FG,1201002,INVENTORY FINISHED PRODUCTS,72.0,53496.72,743.01,205
10000276,KLR-SER,1201002,INVENTORY FINISHED PRODUCTS,1.0,743.01,743.01,13
10000276,KLR-SR,1201002,INVENTORY FINISHED PRODUCTS,15.0,11145.15,743.01,27
10000277,KER-FG,1201002,INVENTORY FINISHED PRODUCTS,12.0,17735.4,1477.95,63
10000277,KER-GEN,1201002,INVENTORY FINISHED PRODUCTS,5.0,7389.75,1477.95,1
10000277,KLR-FG,1201002,INVENTORY FINISHED PRODUCTS,233.0,344362.35,1477.95,306
10000277,KLR-SER,1201002,INVENTORY FINISHED PRODUCTS,7.0,10345.65,1477.95,28
10000277,KLR-SR,1201002,INVENTORY FINISHED PRODUCTS,20.0,29559.0,1477.95,23
10000277,VIJW-GEN,1201002,INVENTORY FINISHED PRODUCTS,13.0,19213.35,1477.95,1
10000278,KLR-EXS,1201002,INVENTORY FINISHED PRODUCTS,2.0,2956.0,1478.0,1
10000279,BAN-FG,1201002,INVENTORY FINISHED PRODUCTS,20.0,18671.0,933.55,59
10000279,KER-GEN,1201002,INVENTORY FINISHED PRODUCTS,16.0,14936.8,933.55,1
10000279,KLR-EXS,1201002,INVENTORY FINISHED PRODUCTS,77.0,71883.35,933.55,5
10000279,KLR-SER,1201002,INVENTORY FINISHED PRODUCTS,-9.0,0.0,0.0,28
10000279,KLR-SR,1201002,INVENTORY FINISHED PRODUCTS,-1.0,-933.55,933.55,21
10000279,VIJW-GEN,1201002,INVENTORY FINISHED PRODUCTS,24.0,22405.2,933.55,1
10000280,KLR-FG,1201002,INVENTORY FINISHED PRODUCTS,49.0,14482.44,295.56,24
10000280,KLR-SER,1201002,INVENTORY FINISHED PRODUCTS,27.0,7980.12,295.56,8
10000280,KLR-SR,1201002,INVENTORY FINISHED PRODUCTS,14.0,4137.84,295.56,7
10000280,VIJW-GEN,1201002,INVENTORY FINISHED PRODUCTS,6.0,1773.36,295.56,1
10000282,BAN-GEN,1201002,INVENTORY FINISHED PRODUCTS,140.0,8108.8,57.92,1
10000282,KER-FG,1201002,INVENTORY FINISHED PRODUCTS,10.0,595.0,59.5,31
10000282,KLR-FG,1201002,INVENTORY FINISHED PRODUCTS,422.0,24442.24,57.92,75
10000282,KLR-SER,1201002,INVENTORY FINISHED PRODUCTS,138.0,7992.96,57.92,5
10000282,KLR-SR,1201002,INVENTORY FINISHED PRODUCTS,61.0,3533.12,57.92,6
10000282,VIJW-GEN,1201002,INVENTORY FINISHED PRODUCTS,64.0,3706.88,57.92,1
10000283,KLR-EXS,1201002,INVENTORY FINISHED PRODUCTS,128.0,68455.68,534.81,4
10000283,VIJW-FG,1201002,INVENTORY FINISHED PRODUCTS,24.0,12835.44,534.81,57
10000283,VIJW-GEN,1201002,INVENTORY FINISHED PRODUCTS,5.0,2674.05,534.81,1
10000284,KLR-FG,1201002,INVENTORY FINISHED PRODUCTS,144.0,20979.36,145.69,3
10000285,KER-SR,1201002,INVENTORY FINISHED PRODUCTS,16.0,1008.0,63.0,3
10000285,KLR-FG,1201002,INVENTORY FINISHED PRODUCTS,1527.0,96201.0,63.0,70
10000285,KLR-SR,1201002,INVENTORY FINISHED PRODUCTS,215.0,13545.0,63.0,13
10000285,VIJW-FG,1201002,INVENTORY FINISHED PRODUCTS,18.0,1134.0,63.0,22
10000287,KER-SR,1201002,INVENTORY FINISHED PRODUCTS,20.0,2247.0,112.35,1
10000287,KLR-FG,1201002,INVENTORY FINISHED PRODUCTS,394.0,44265.9,112.35,61
10000287,KLR-SR,1201002,INVENTORY FINISHED PRODUCTS,89.0,9999.15,112.35,23
10000288,KER-GEN,1201002,INVENTORY FINISHED PRODUCTS,30.0,4933.5,164.45,1
10000288,KLR-FG,1201002,INVENTORY FINISHED PRODUCTS,931.0,153102.95,164.45,44
10000288,KLR-SER,1201002,INVENTORY FINISHED PRODUCTS,14.0,2960.1,211.435714,4
10000288,KLR-SR,1201002,INVENTORY FINISHED PRODUCTS,13.0,2137.85,164.45,8
10000288,VIJW-GEN,1201002,INVENTORY FINISHED PRODUCTS,2.0,328.9,164.45,1
10000289,KER-GEN,1201002,INVENTORY FINISHED PRODUCTS,52.0,14453.4,277.95,1
10000289,KLR-FG,1201002,INVENTORY FINISHED PRODUCTS,94.0,26127.3,277.95,41
10000289,KLR-SER,1201002,INVENTORY FINISHED PRODUCTS,-4.0,0.0,0.0,3
10000289,VIJW-GEN,1201002,INVENTORY FINISHED PRODUCTS,4.0,1111.8,277.95,1
10000290,BAN-FG,1201002,INVENTORY FINISHED PRODUCTS,42.0,1005.9,23.95,9
10000290,KER-FG,1201002,INVENTORY FINISHED PRODUCTS,150.0,3592.5,23.95,58
10000290,KER-GEN,1201002,INVENTORY FINISHED PRODUCTS,175.0,4191.25,23.95,1
10000290,KER-SR,1201002,INVENTORY FINISHED PRODUCTS,434.0,10394.3,23.95,4
10000290,KLR-EXS,1201002,INVENTORY FINISHED PRODUCTS,2066.0,49480.7,23.95,7
10000290,KLR-FG,1201002,INVENTORY FINISHED PRODUCTS,4531.0,108517.45,23.95,537
10000290,KLR-SR,1201002,INVENTORY FINISHED PRODUCTS,313.0,7496.35,23.95,35
10000290,VIJW-FG,1201002,INVENTORY FINISHED PRODUCTS,400.0,9580.0,23.95,95
10000290,VIJW-GEN,1201002,INVENTORY FINISHED PRODUCTS,73.0,1748.35,23.95,1
10000291,BAN-FG,1201002,INVENTORY FINISHED PRODUCTS,100.0,3615.0,36.15,4
10000291,KER-FG,1201002,INVENTORY FINISHED PRODUCTS,88.0,3181.2,36.15,48
10000291,KER-GEN,1201002,INVENTORY FINISHED PRODUCTS,78.0,2819.7,36.15,1
10000291,KER-SR,1201002,INVENTORY FINISHED PRODUCTS,151.0,5458.65,36.15,2
10000291,KLR-EXS,1201002,INVENTORY FINISHED PRODUCTS,100.0,3615.0,36.15,4
10000291,KLR-FG,1201002,INVENTORY FINISHED PRODUCTS,-100.0,-3615.0,36.15,341
10000291,KLR-SER,1201002,INVENTORY FINISHED PRODUCTS,7.0,253.05,36.15,3
10000291,KLR-SR,1201002,INVENTORY FINISHED PRODUCTS,98.0,3542.7,36.15,17
10000291,VIJW-FG,1201002,INVENTORY FINISHED PRODUCTS,38.0,1373.7,36.15,74
10000291,VIJW-GEN,1201002,INVENTORY FINISHED PRODUCTS,284.0,10266.6,36.15,2
10000292,BAN-FG,1201002,INVENTORY FINISHED PRODUCTS,100.0,2408.0,24.08,4
10000292,KER-FG,1201002,INVENTORY FINISHED PRODUCTS,70.0,1685.6,24.08,53
10000292,KER-GEN,1201002,INVENTORY FINISHED PRODUCTS,28.0,674.24,24.08,1
10000292,KER-SR,1201002,INVENTORY FINISHED PRODUCTS,96.0,2311.68,24.08,4
10000292,KLR-FG,1201002,INVENTORY FINISHED PRODUCTS,1089.0,26223.12,24.08,320
10000292,KLR-SR,1201002,INVENTORY FINISHED PRODUCTS,57.0,1372.56,24.08,21
10000292,VIJW-FG,1201002,INVENTORY FINISHED PRODUCTS,150.0,3612.0,24.08,69
10000292,VIJW-GEN,1201002,INVENTORY FINISHED PRODUCTS,138.0,3323.04,24.08,1
10000293,BAN-FG,1201002,INVENTORY FINISHED PRODUCTS,100.0,3672.0,36.72,4
10000293,KER-FG,1201002,INVENTORY FINISHED PRODUCTS,82.0,3011.04,36.72,50
10000293,KER-GEN,1201002,INVENTORY FINISHED PRODUCTS,2.0,73.44,36.72,1
10000293,KER-SR,1201002,INVENTORY FINISHED PRODUCTS,88.0,3231.36,36.72,4
10000293,KLR-FG,1201002,INVENTORY FINISHED PRODUCTS,3242.0,119046.24,36.72,278
10000293,KLR-QC,1201002,INVENTORY FINISHED PRODUCTS,701.0,25740.72,36.72,1
10000293,KLR-SER,1201002,INVENTORY FINISHED PRODUCTS,2.0,73.44,36.72,1
10000293,KLR-SR,1201002,INVENTORY FINISHED PRODUCTS,413.0,15165.36,36.72,22
10000293,VIJW-GEN,1201002,INVENTORY FINISHED PRODUCTS,184.0,6756.48,36.72,1
10000294,BAN-FG,1201002,INVENTORY FINISHED PRODUCTS,100.0,3001.0,30.01,4
10000294,KER-FG,1201002,INVENTORY FINISHED PRODUCTS,88.0,2640.88,30.01,53
10000294,KER-GEN,1201002,INVENTORY FINISHED PRODUCTS,28.0,840.28,30.01,1
10000294,KER-SR,1201002,INVENTORY FINISHED PRODUCTS,117.0,3511.17,30.01,5
10000294,KLR-FG,1201002,INVENTORY FINISHED PRODUCTS,2096.0,62900.96,30.01,325
10000294,KLR-SR,1201002,INVENTORY FINISHED PRODUCTS,165.0,4951.65,30.01,16
10000294,VIJW-GEN,1201002,INVENTORY FINISHED PRODUCTS,108.0,3241.08,30.01,1
10000295,BAN-FG,1201002,INVENTORY FINISHED PRODUCTS,90.0,1978.2,21.98,7
10000295,KER-GEN,1201002,INVENTORY FINISHED PRODUCTS,286.0,6286.28,21.98,1
10000295,KER-SR,1201002,INVENTORY FINISHED PRODUCTS,485.0,10660.3,21.98,4
10000295,KLR-EXS,1201002,INVENTORY FINISHED PRODUCTS,269.0,5912.62,21.98,5
10000295,KLR-FG,1201002,INVENTORY FINISHED PRODUCTS,2569.0,56466.62,21.98,514
10000295,KLR-QC,1201002,INVENTORY FINISHED PRODUCTS,8.0,175.84,21.98,8
10000295,KLR-SER,1201002,INVENTORY FINISHED PRODUCTS,20.0,439.6,21.98,7
10000295,KLR-SR,1201002,INVENTORY FINISHED PRODUCTS,334.0,7341.32,21.98,32
10000295,VIJW-FG,1201002,INVENTORY FINISHED PRODUCTS,1000.0,21980.0,21.98,116
10000295,VIJW-GEN,1201002,INVENTORY FINISHED PRODUCTS,28.0,615.44,21.98,1
10000296,BAN-FG,1201002,INVENTORY FINISHED PRODUCTS,180.0,4915.8,27.31,9
10000296,KER-FG,1201002,INVENTORY FINISHED PRODUCTS,288.0,7865.28,27.31,64
10000296,KER-GEN,1201002,INVENTORY FINISHED PRODUCTS,80.0,2184.8,27.31,1
10000296,KER-SR,1201002,INVENTORY FINISHED PRODUCTS,320.0,8739.2,27.31,4
10000296,KLR-FG,1201002,INVENTORY FINISHED PRODUCTS,4476.0,122239.56,27.31,447
10000296,KLR-SR,1201002,INVENTORY FINISHED PRODUCTS,166.0,4533.46,27.31,29
10000296,VIJW-FG,1201002,INVENTORY FINISHED PRODUCTS,750.0,20482.5,27.31,85
10000296,VIJW-GEN,1201002,INVENTORY FINISHED PRODUCTS,31.0,846.61,27.31,1
10000297,KER-FG,1201002,INVENTORY FINISHED PRODUCTS,194.0,7013.1,36.15,69
10000297,KER-GEN,1201002,INVENTORY FINISHED PRODUCTS,76.0,2747.4,36.15,1
10000297,KER-SR,1201002,INVENTORY FINISHED PRODUCTS,149.0,5386.35,36.15,4
10000297,KLR-EXS,1201002,INVENTORY FINISHED PRODUCTS,2745.0,99231.75,36.15,1
10000297,KLR-FG,1201002,INVENTORY FINISHED PRODUCTS,1273.0,46018.95,36.15,409
10000297,KLR-SR,1201002,INVENTORY FINISHED PRODUCTS,112.0,4048.8,36.15,24
10000297,VIJW-FG,1201002,INVENTORY FINISHED PRODUCTS,250.0,11794.5,47.178,78
10000297,VIJW-GEN,1201002,INVENTORY FINISHED PRODUCTS,52.0,1879.8,36.15,1
10000298,KER-FG,1201002,INVENTORY FINISHED PRODUCTS,30.0,2692.8,89.76,42
10000298,KER-GEN,1201002,INVENTORY FINISHED PRODUCTS,30.0,2692.8,89.76,1
10000298,KER-SR,1201002,INVENTORY FINISHED PRODUCTS,51.0,4577.76,89.76,3
10000298,KLR-FG,1201002,INVENTORY FINISHED PRODUCTS,293.0,26299.68,89.76,291
10000298,KLR-SR,1201002,INVENTORY FINISHED PRODUCTS,86.0,7719.36,89.76,31
10000298,VIJW-GEN,1201002,INVENTORY FINISHED PRODUCTS,3.0,269.28,89.76,1
10000299,BAN-FG,1201002,INVENTORY FINISHED PRODUCTS,54.0,8883.0,164.5,2
10000299,KER-GEN,1201002,INVENTORY FINISHED PRODUCTS,78.0,12831.0,164.5,1
10000299,KLR-EXS,1201002,INVENTORY FINISHED PRODUCTS,10.0,1645.0,164.5,9
10000299,KLR-SR,1201002,INVENTORY FINISHED PRODUCTS,1.0,164.5,164.5,28
10000300,KER-FG,1201002,INVENTORY FINISHED PRODUCTS,30.0,3551.7,118.39,47
10000300,KER-GEN,1201002,INVENTORY FINISHED PRODUCTS,30.0,3551.7,118.39,1
10000300,KER-SR,1201002,INVENTORY FINISHED PRODUCTS,2.0,236.78,118.39,3
10000300,KLR-FG,1201002,INVENTORY FINISHED PRODUCTS,7.0,828.73,118.39,383
10000300,KLR-SER,1201002,INVENTORY FINISHED PRODUCTS,1.0,118.39,118.39,4
10000300,KLR-SR,1201002,INVENTORY FINISHED PRODUCTS,2.0,236.78,118.39,28
10000301,BAN-FG,1201002,INVENTORY FINISHED PRODUCTS,96.0,43062.72,448.57,4
10000301,KER-FG,1201002,INVENTORY FINISHED PRODUCTS,12.0,5382.84,448.57,107
10000301,KER-GEN,1201002,INVENTORY FINISHED PRODUCTS,6.0,2691.42,448.57,1
10000301,KER-SR,1201002,INVENTORY FINISHED PRODUCTS,29.0,13008.53,448.57,5
10000301,KLR-FG,1201002,INVENTORY FINISHED PRODUCTS,2.0,897.14,448.57,535
10000301,KLR-SER,1201002,INVENTORY FINISHED PRODUCTS,1.0,1345.71,1345.71,14
10000301,KLR-SR,1201002,INVENTORY FINISHED PRODUCTS,16.0,7177.12,448.57,41
10000301,VIJW-FG,1201002,INVENTORY FINISHED PRODUCTS,60.0,26914.2,448.57,196
10000301,VIJW-GEN,1201002,INVENTORY FINISHED PRODUCTS,7.0,3139.99,448.57,1
10000302,KER-GEN,1201002,INVENTORY FINISHED PRODUCTS,9.0,5928.57,658.73,1
10000302,KER-SR,1201002,INVENTORY FINISHED PRODUCTS,49.0,32277.77,658.73,5
10000302,KLR-EXS,1201002,INVENTORY FINISHED PRODUCTS,43.0,28325.39,658.73,5
10000302,KLR-FG,1201002,INVENTORY FINISHED PRODUCTS,1.0,658.73,658.73,733
10000302,KLR-SER,1201002,INVENTORY FINISHED PRODUCTS,1.0,5269.84,5269.84,30
10000302,KLR-SR,1201002,INVENTORY FINISHED PRODUCTS,12.0,7904.76,658.73,53
10000302,PKD-GEN,1201002,INVENTORY FINISHED PRODUCTS,2.0,1317.46,658.73,2
10000302,VIJW-FG,1201002,INVENTORY FINISHED PRODUCTS,-16.0,-10539.68,658.73,280
10000302,VIJW-GEN,1201002,INVENTORY FINISHED PRODUCTS,4.0,2634.92,658.73,1
10000303,KER-GEN,1201002,INVENTORY FINISHED PRODUCTS,20.0,1029.0,51.45,1
10000303,KLR-EXS,1201002,INVENTORY FINISHED PRODUCTS,376.0,19345.2,51.45,3
10000303,VIJW-GEN,1201002,INVENTORY FINISHED PRODUCTS,60.0,3087.0,51.45,1
10000304,BAN-FG,1201002,INVENTORY FINISHED PRODUCTS,100.0,3778.0,37.78,4
10000304,KER-FG,1201002,INVENTORY FINISHED PRODUCTS,38.0,1435.64,37.78,54
10000304,KER-GEN,1201002,INVENTORY FINISHED PRODUCTS,202.0,7631.56,37.78,1
10000304,KER-SR,1201002,INVENTORY FINISHED PRODUCTS,151.0,5704.78,37.78,4
10000304,KLR-FG,1201002,INVENTORY FINISHED PRODUCTS,11935.0,450904.3,37.78,453
10000304,KLR-SR,1201002,INVENTORY FINISHED PRODUCTS,112.0,4231.36,37.78,28
10000304,VIJW-GEN,1201002,INVENTORY FINISHED PRODUCTS,125.0,4722.5,37.78,1
10000305,BAN-FG,1201002,INVENTORY FINISHED PRODUCTS,90.0,46450.8,516.12,13
10000305,KER-FG,1201002,INVENTORY FINISHED PRODUCTS,9.0,4645.08,516.12,101
10000305,KER-GEN,1201002,INVENTORY FINISHED PRODUCTS,6.0,3096.72,516.12,1
10000305,KER-SR,1201002,INVENTORY FINISHED PRODUCTS,37.0,19096.44,516.12,6
10000305,KLR-EXS,1201002,INVENTORY FINISHED PRODUCTS,441.0,227608.92,516.12,8
10000305,KLR-FG,1201002,INVENTORY FINISHED PRODUCTS,55.0,28386.6,516.12,685
10000305,KLR-SER,1201002,INVENTORY FINISHED PRODUCTS,-1.0,3096.72,-3096.72,26
10000305,KLR-SR,1201002,INVENTORY FINISHED PRODUCTS,43.0,22193.16,516.12,56
10000305,PKD-GEN,1201002,INVENTORY FINISHED PRODUCTS,1.0,516.12,516.12,2
10000305,VIJW-FG,1201002,INVENTORY FINISHED PRODUCTS,-8.0,-4128.96,516.12,303
10000305,VIJW-GEN,1201002,INVENTORY FINISHED PRODUCTS,1.0,516.12,516.12,1
10000309,KLR-FG,1201002,INVENTORY FINISHED PRODUCTS,1858.0,47917.82,25.79,2
10000310,KLR-EXS,1201002,INVENTORY FINISHED PRODUCTS,281.0,104582.58,372.18,1
10000311,KLR-FG,1201002,INVENTORY FINISHED PRODUCTS,78.0,22529.52,288.84,3
10000311,KLR-GEN,1201002,INVENTORY FINISHED PRODUCTS,86.0,36738.34,427.19,2
10000311,KLR-SR,1201002,INVENTORY FINISHED PRODUCTS,37.0,10687.08,288.84,5
10000312,KLR-EXS,1201002,INVENTORY FINISHED PRODUCTS,333.0,28201.77,84.69,1
10000312,KLR-FG,1201002,INVENTORY FINISHED PRODUCTS,816.0,69107.04,84.69,6
10000312,KLR-SR,1201002,INVENTORY FINISHED PRODUCTS,17.0,1439.73,84.69,2
10000313,KLR-EXS,1201002,INVENTORY FINISHED PRODUCTS,537.0,39780.96,74.08,1
10000313,KLR-FG,1201002,INVENTORY FINISHED PRODUCTS,892.0,66079.36,74.08,7
10000313,KLR-SER,1201002,INVENTORY FINISHED PRODUCTS,1.0,74.08,74.08,1
10000313,KLR-SR,1201002,INVENTORY FINISHED PRODUCTS,8.0,592.64,74.08,2
10000313,PKD-GEN,1201002,INVENTORY FINISHED PRODUCTS,2.0,148.16,74.08,2
10000314,KLR-EXS,1201002,INVENTORY FINISHED PRODUCTS,104.0,12312.56,118.39,2
10000314,KLR-FG,1201002,INVENTORY FINISHED PRODUCTS,2.0,236.78,118.39,5
10000315,KLR-EXS,1201002,INVENTORY FINISHED PRODUCTS,25.0,3386.25,135.45,1
10000315,KLR-FG,1201002,INVENTORY FINISHED PRODUCTS,19.0,2573.55,135.45,3
10000315,KLR-SR,1201002,INVENTORY FINISHED PRODUCTS,8.0,1083.6,135.45,1
10000317,KLR-FG,1201002,INVENTORY FINISHED PRODUCTS,494.0,36961.08,74.82,3
10000317,KLR-SER,1201002,INVENTORY FINISHED PRODUCTS,4.0,299.28,74.82,1
10000317,KLR-SR,1201002,INVENTORY FINISHED PRODUCTS,4.0,299.28,74.82,3
10000318,KLR-EXS,1201002,INVENTORY FINISHED PRODUCTS,256.0,23073.28,90.13,5
10000319,KLR-FG,1201002,INVENTORY FINISHED PRODUCTS,299.0,40266.33,134.67,3
10000319,KLR-GEN,1201002,INVENTORY FINISHED PRODUCTS,3.0,583.59,194.53,1
10000320,KLR-FG,1201002,INVENTORY FINISHED PRODUCTS,56.0,8168.72,145.87,3
10000320,KLR-GEN,1201002,INVENTORY FINISHED PRODUCTS,17.0,3749.18,220.54,1
10000320,KLR-SR,1201002,INVENTORY FINISHED PRODUCTS,6.0,875.22,145.87,3
10000321,KLR-EXS,1201002,INVENTORY FINISHED PRODUCTS,195.0,30618.9,157.02,3
10000322,KLR-EXS,1201002,INVENTORY FINISHED PRODUCTS,44.0,4677.64,106.31,5
10000323,KLR-FG,1201002,INVENTORY FINISHED PRODUCTS,119.0,32018.14,269.06,2
10000323,KLR-SR,1201002,INVENTORY FINISHED PRODUCTS,1.0,269.06,269.06,1
10000324,KLR-EXS,1201002,INVENTORY FINISHED PRODUCTS,88.0,26981.68,306.61,2
10000326,BAN-FG,1201002,INVENTORY FINISHED PRODUCTS,324.0,17907.48,55.27,10
10000326,KER-FG,1201002,INVENTORY FINISHED PRODUCTS,8.0,442.16,55.27,82
10000326,KER-GEN,1201002,INVENTORY FINISHED PRODUCTS,20.0,1105.4,55.27,1
10000326,KER-SR,1201002,INVENTORY FINISHED PRODUCTS,76.0,4200.52,55.27,4
10000326,KLR-EXS,1201002,INVENTORY FINISHED PRODUCTS,19.0,1050.13,55.27,3
10000326,KLR-FG,1201002,INVENTORY FINISHED PRODUCTS,3.0,165.81,55.27,461
10000326,KLR-SR,1201002,INVENTORY FINISHED PRODUCTS,95.0,5250.65,55.27,36
10000326,VIJW-FG,1201002,INVENTORY FINISHED PRODUCTS,388.0,21444.76,55.27,105
10000326,VIJW-GEN,1201002,INVENTORY FINISHED PRODUCTS,7.0,386.89,55.27,1
10000327,KER-FG,1201002,INVENTORY FINISHED PRODUCTS,82.0,3294.76,40.18,37
10000327,KER-GEN,1201002,INVENTORY FINISHED PRODUCTS,2.0,80.36,40.18,1
10000327,KLR-FG,1201002,INVENTORY FINISHED PRODUCTS,1023.0,41104.14,40.18,180
10000327,KLR-SR,1201002,INVENTORY FINISHED PRODUCTS,614.0,24670.52,40.18,12
10000327,VIJW-FG,1201002,INVENTORY FINISHED PRODUCTS,100.0,4018.0,40.18,21
10000327,VIJW-GEN,1201002,INVENTORY FINISHED PRODUCTS,104.0,4178.72,40.18,1
10000328,BAN-FG,1201002,INVENTORY FINISHED PRODUCTS,52.0,3721.64,71.57,7
10000328,KER-FG,1201002,INVENTORY FINISHED PRODUCTS,38.0,2719.66,71.57,73
10000328,KER-GEN,1201002,INVENTORY FINISHED PRODUCTS,84.0,6011.88,71.57,1
10000328,KER-SR,1201002,INVENTORY FINISHED PRODUCTS,25.0,1789.25,71.57,4
10000328,KLR-FG,1201002,INVENTORY FINISHED PRODUCTS,720.0,51530.4,71.57,296
10000328,KLR-SER,1201002,INVENTORY FINISHED PRODUCTS,3.0,357.85,119.283333,8
10000328,KLR-SR,1201002,INVENTORY FINISHED PRODUCTS,130.0,9304.1,71.57,29
10000328,VIJW-GEN,1201002,INVENTORY FINISHED PRODUCTS,90.0,6441.3,71.57,1
10000329,KLR-EXS,1201002,INVENTORY FINISHED PRODUCTS,81.0,40681.44,502.24,5
10000329,KLR-FG,1201002,INVENTORY FINISHED PRODUCTS,460.0,231030.4,502.24,128
10000329,KLR-SER,1201002,INVENTORY FINISHED PRODUCTS,-4.0,0.0,0.0,6
10000329,KLR-SR,1201002,INVENTORY FINISHED PRODUCTS,114.0,57255.36,502.24,15
10000329,VIJW-FG,1201002,INVENTORY FINISHED PRODUCTS,24.0,12053.76,502.24,52
10000329,VIJW-GEN,1201002,INVENTORY FINISHED PRODUCTS,41.0,20591.84,502.24,1
10000330,KLR-EXS,1201002,INVENTORY FINISHED PRODUCTS,605.0,47643.75,78.75,5
10000330,KLR-FG,1201002,INVENTORY FINISHED PRODUCTS,8.0,630.0,78.75,6
10000331,BAN-FG,1201002,INVENTORY FINISHED PRODUCTS,68.0,72482.56,1065.92,11
10000331,KER-FG,1201002,INVENTORY FINISHED PRODUCTS,6.0,6395.52,1065.92,154
10000331,KER-GEN,1201002,INVENTORY FINISHED PRODUCTS,34.0,36241.28,1065.92,1
10000331,KER-SR,1201002,INVENTORY FINISHED PRODUCTS,27.0,28779.84,1065.92,2
10000331,KLR-FG,1201002,INVENTORY FINISHED PRODUCTS,87.0,92735.04,1065.92,163
10000331,KLR-SER,1201002,INVENTORY FINISHED PRODUCTS,-5.0,5329.6,-1065.92,14
10000331,KLR-SR,1201002,INVENTORY FINISHED PRODUCTS,11.0,11725.12,1065.92,21
10000332,KER-FG,1201002,INVENTORY FINISHED PRODUCTS,4.0,1677.92,419.48,32
10000332,KER-GEN,1201002,INVENTORY FINISHED PRODUCTS,48.0,20135.04,419.48,1
10000332,KER-SR,1201002,INVENTORY FINISHED PRODUCTS,5.0,2097.4,419.48,2
10000332,KLR-EXS,1201002,INVENTORY FINISHED PRODUCTS,103.0,43206.44,419.48,1
10000332,KLR-FG,1201002,INVENTORY FINISHED PRODUCTS,41.0,17198.68,419.48,105
10000332,KLR-QC,1201002,INVENTORY FINISHED PRODUCTS,26.0,10906.48,419.48,7
10000332,KLR-SER,1201002,INVENTORY FINISHED PRODUCTS,7.0,2936.36,419.48,6
10000332,KLR-SR,1201002,INVENTORY FINISHED PRODUCTS,61.0,25588.28,419.48,15
10000332,VIJW-FG,1201002,INVENTORY FINISHED PRODUCTS,8.0,3355.84,419.48,20
10000333,KER-FG,1201002,INVENTORY FINISHED PRODUCTS,34.0,11178.52,328.78,50
10000333,KER-SR,1201002,INVENTORY FINISHED PRODUCTS,22.0,7233.16,328.78,4
10000333,KLR-FG,1201002,INVENTORY FINISHED PRODUCTS,323.0,106195.94,328.78,100
10000333,KLR-QC,1201002,INVENTORY FINISHED PRODUCTS,8.0,2630.24,328.78,6
10000333,KLR-SER,1201002,INVENTORY FINISHED PRODUCTS,2.0,657.56,328.78,2
10000333,KLR-SR,1201002,INVENTORY FINISHED PRODUCTS,43.0,14137.54,328.78,16
10000333,VIJW-FG,1201002,INVENTORY FINISHED PRODUCTS,8.0,2630.24,328.78,24
10000334,KER-FG,1201002,INVENTORY FINISHED PRODUCTS,4.0,1821.64,455.41,42
10000334,KER-GEN,1201002,INVENTORY FINISHED PRODUCTS,24.0,10929.84,455.41,1
10000334,KER-SR,1201002,INVENTORY FINISHED PRODUCTS,27.0,12296.07,455.41,4
10000334,KLR-FG,1201002,INVENTORY FINISHED PRODUCTS,23.0,10474.43,455.41,154
10000334,KLR-SER,1201002,INVENTORY FINISHED PRODUCTS,1.0,455.41,455.41,3
10000334,KLR-SR,1201002,INVENTORY FINISHED PRODUCTS,11.0,5009.51,455.41,18
10000335,KER-FG,1201002,INVENTORY FINISHED PRODUCTS,4.0,1158.36,289.59,35
10000335,KER-GEN,1201002,INVENTORY FINISHED PRODUCTS,8.0,2316.72,289.59,1
10000335,KER-SR,1201002,INVENTORY FINISHED PRODUCTS,53.0,15348.27,289.59,4
10000335,KLR-EXS,1201002,INVENTORY FINISHED PRODUCTS,9.0,2606.31,289.59,3
10000335,KLR-FG,1201002,INVENTORY FINISHED PRODUCTS,50.0,14479.5,289.59,113
10000335,KLR-SER,1201002,INVENTORY FINISHED PRODUCTS,14.0,4054.26,289.59,6
10000335,KLR-SR,1201002,INVENTORY FINISHED PRODUCTS,7.0,2027.13,289.59,13
10000336,KER-FG,1201002,INVENTORY FINISHED PRODUCTS,8.0,4392.56,549.07,29
10000336,KER-GEN,1201002,INVENTORY FINISHED PRODUCTS,32.0,17570.24,549.07,1
10000336,KER-SR,1201002,INVENTORY FINISHED PRODUCTS,32.0,17570.24,549.07,4
10000336,KLR-EXS,1201002,INVENTORY FINISHED PRODUCTS,22.0,12079.54,549.07,4
10000336,KLR-SER,1201002,INVENTORY FINISHED PRODUCTS,-1.0,0.0,0.0,10
10000336,VIJW-FG,1201002,INVENTORY FINISHED PRODUCTS,16.0,8785.12,549.07,53
10000337,KLR-EXS,1201002,INVENTORY FINISHED PRODUCTS,11.0,6059.57,550.87,6
10000337,KLR-SER,1201002,INVENTORY FINISHED PRODUCTS,-2.0,0.0,0.0,14
10000337,VIJW-GEN,1201002,INVENTORY FINISHED PRODUCTS,16.0,8813.92,550.87,1
10000338,KER-FG,1201002,INVENTORY FINISHED PRODUCTS,9.0,3582.81,398.09,53
10000338,KER-GEN,1201002,INVENTORY FINISHED PRODUCTS,32.0,12738.88,398.09,1
10000338,KER-SR,1201002,INVENTORY FINISHED PRODUCTS,21.0,8359.89,398.09,6
10000338,KLR-FG,1201002,INVENTORY FINISHED PRODUCTS,534.0,212580.06,398.09,144
10000338,KLR-SR,1201002,INVENTORY FINISHED PRODUCTS,9.0,3582.81,398.09,10
10000338,VIJW-FG,1201002,INVENTORY FINISHED PRODUCTS,16.0,6369.44,398.09,39
10000338,VIJW-GEN,1201002,INVENTORY FINISHED PRODUCTS,11.0,4378.99,398.09,1
10000339,KER-FG,1201002,INVENTORY FINISHED PRODUCTS,20.0,7585.6,379.28,50
10000339,KER-GEN,1201002,INVENTORY FINISHED PRODUCTS,12.0,4551.36,379.28,1
10000339,KER-SR,1201002,INVENTORY FINISHED PRODUCTS,14.0,5309.92,379.28,4
10000339,KLR-FG,1201002,INVENTORY FINISHED PRODUCTS,130.0,49306.4,379.28,103
10000339,KLR-QC,1201002,INVENTORY FINISHED PRODUCTS,1.0,379.28,379.28,6
10000339,KLR-SER,1201002,INVENTORY FINISHED PRODUCTS,16.0,6068.48,379.28,6
10000339,KLR-SR,1201002,INVENTORY FINISHED PRODUCTS,48.0,18205.44,379.28,16
10000339,VIJW-FG,1201002,INVENTORY FINISHED PRODUCTS,8.0,3034.24,379.28,29
10000340,KER-GEN,1201002,INVENTORY FINISHED PRODUCTS,11.0,4450.49,404.59,1
10000340,KER-SR,1201002,INVENTORY FINISHED PRODUCTS,30.0,12137.7,404.59,3
10000340,KLR-EXS,1201002,INVENTORY FINISHED PRODUCTS,113.0,45718.67,404.59,2
10000340,KLR-FG,1201002,INVENTORY FINISHED PRODUCTS,11.0,4450.49,404.59,55
10000340,KLR-SER,1201002,INVENTORY FINISHED PRODUCTS,49.0,23061.63,470.64551,14
10000340,PKD-GEN,1201002,INVENTORY FINISHED PRODUCTS,1.0,404.59,404.59,2
10000341,KER-GEN,1201002,INVENTORY FINISHED PRODUCTS,105.0,18403.35,175.27,1
10000341,KER-SR,1201002,INVENTORY FINISHED PRODUCTS,30.0,5258.1,175.27,4
10000341,KLR-EXS,1201002,INVENTORY FINISHED PRODUCTS,31.0,5433.37,175.27,6
10000341,KLR-FG,1201002,INVENTORY FINISHED PRODUCTS,409.0,71685.43,175.27,203
10000341,KLR-SER,1201002,INVENTORY FINISHED PRODUCTS,-1.0,0.0,0.0,8
10000341,KLR-SR,1201002,INVENTORY FINISHED PRODUCTS,1.0,175.27,175.27,19
10000341,VIJW-FG,1201002,INVENTORY FINISHED PRODUCTS,30.0,5258.1,175.27,35
10000341,VIJW-GEN,1201002,INVENTORY FINISHED PRODUCTS,3.0,525.81,175.27,1
10000342,KER-FG,1201002,INVENTORY FINISHED PRODUCTS,24.0,11330.4,472.1,53
10000342,KER-GEN,1201002,INVENTORY FINISHED PRODUCTS,5.0,2360.5,472.1,1
10000342,KER-SR,1201002,INVENTORY FINISHED PRODUCTS,22.0,10386.2,472.1,1
10000342,KLR-FG,1201002,INVENTORY FINISHED PRODUCTS,385.0,181758.5,472.1,74
10000342,KLR-SER,1201002,INVENTORY FINISHED PRODUCTS,1.0,472.1,472.1,5
10000342,KLR-SR,1201002,INVENTORY FINISHED PRODUCTS,5.0,2360.5,472.1,13
10000342,VIJW-GEN,1201002,INVENTORY FINISHED PRODUCTS,21.0,9914.1,472.1,1
10000343,KLR-EXS,1201002,INVENTORY FINISHED PRODUCTS,6.0,2652.0,442.0,1
10000344,KLR-EXS,1201002,INVENTORY FINISHED PRODUCTS,3.0,1179.12,393.04,4
10000344,KLR-FG,1201002,INVENTORY FINISHED PRODUCTS,6.0,2358.24,393.04,82
10000344,KLR-SER,1201002,INVENTORY FINISHED PRODUCTS,2.0,1965.2,982.6,9
10000344,KLR-SR,1201002,INVENTORY FINISHED PRODUCTS,13.0,5109.52,393.04,19
10000344,VIJW-FG,1201002,INVENTORY FINISHED PRODUCTS,-6.0,-2358.24,393.04,22
10000347,KER-GEN,1201002,INVENTORY FINISHED PRODUCTS,16.0,3785.92,236.62,1
10000347,KER-SR,1201002,INVENTORY FINISHED PRODUCTS,50.0,11831.0,236.62,5
10000347,KLR-FG,1201002,INVENTORY FINISHED PRODUCTS,629.0,148833.98,236.62,47
10000347,KLR-QC,1201002,INVENTORY FINISHED PRODUCTS,19.0,4495.78,236.62,2
10000347,KLR-SER,1201002,INVENTORY FINISHED PRODUCTS,1.0,236.62,236.62,5
10000347,KLR-SR,1201002,INVENTORY FINISHED PRODUCTS,90.0,21295.8,236.62,15
10000347,VIJW-GEN,1201002,INVENTORY FINISHED PRODUCTS,9.0,2129.58,236.62,1
10000348,BAN-FG,1201002,INVENTORY FINISHED PRODUCTS,110.0,8452.4,76.84,10
10000348,KER-FG,1201002,INVENTORY FINISHED PRODUCTS,26.0,1997.84,76.84,68
10000348,KER-GEN,1201002,INVENTORY FINISHED PRODUCTS,106.0,8145.04,76.84,1
10000348,KER-SR,1201002,INVENTORY FINISHED PRODUCTS,37.0,2843.08,76.84,3
10000348,KLR-EXS,1201002,INVENTORY FINISHED PRODUCTS,21.0,1613.64,76.84,1
10000348,KLR-FG,1201002,INVENTORY FINISHED PRODUCTS,1655.0,127170.2,76.84,262
10000348,KLR-SER,1201002,INVENTORY FINISHED PRODUCTS,10.0,768.4,76.84,4
10000348,KLR-SR,1201002,INVENTORY FINISHED PRODUCTS,300.0,23052.0,76.84,23
10000348,VIJW-FG,1201002,INVENTORY FINISHED PRODUCTS,50.0,3842.0,76.84,58
10000348,VIJW-GEN,1201002,INVENTORY FINISHED PRODUCTS,143.0,10988.12,76.84,1
10000349,KLR-EXS,1201002,INVENTORY FINISHED PRODUCTS,11.0,6067.49,551.59,6
10000349,KLR-SER,1201002,INVENTORY FINISHED PRODUCTS,14.0,9928.62,709.187143,12
10000349,KLR-SR,1201002,INVENTORY FINISHED PRODUCTS,8.0,4412.72,551.59,18
10000350,KER-FG,1201002,INVENTORY FINISHED PRODUCTS,44.0,27221.92,618.68,69
10000350,KER-SR,1201002,INVENTORY FINISHED PRODUCTS,34.0,21035.12,618.68,4
10000350,KLR-EXS,1201002,INVENTORY FINISHED PRODUCTS,14.0,8661.52,618.68,5
10000350,VIJW-GEN,1201002,INVENTORY FINISHED PRODUCTS,2.0,1237.36,618.68,1
10000351,BAN-FG,1201002,INVENTORY FINISHED PRODUCTS,150.0,6985.5,46.57,3
10000351,KER-GEN,1201002,INVENTORY FINISHED PRODUCTS,75.0,3492.75,46.57,1
10000351,KER-SR,1201002,INVENTORY FINISHED PRODUCTS,15.0,698.55,46.57,3
10000351,KLR-EXS,1201002,INVENTORY FINISHED PRODUCTS,430.0,20025.1,46.57,2
10000351,KLR-FG,1201002,INVENTORY FINISHED PRODUCTS,200.0,9314.0,46.57,255
10000351,KLR-SER,1201002,INVENTORY FINISHED PRODUCTS,-6.0,0.0,0.0,12
10000351,VIJW-FG,1201002,INVENTORY FINISHED PRODUCTS,8.0,372.56,46.57,71
10000351,VIJW-GEN,1201002,INVENTORY FINISHED PRODUCTS,140.0,6519.8,46.57,1
10000352,KER-FG,1201002,INVENTORY FINISHED PRODUCTS,4.0,1226.92,306.73,85
10000352,KER-SR,1201002,INVENTORY FINISHED PRODUCTS,14.0,4294.22,306.73,5
10000352,KLR-EXS,1201002,INVENTORY FINISHED PRODUCTS,11.0,3374.03,306.73,2
10000352,VIJW-GEN,1201002,INVENTORY FINISHED PRODUCTS,39.0,11962.47,306.73,1
10000353,KER-GEN,1201002,INVENTORY FINISHED PRODUCTS,2.0,229.14,114.57,1
10000353,KER-SR,1201002,INVENTORY FINISHED PRODUCTS,51.0,5843.07,114.57,4
10000353,KLR-EXS,1201002,INVENTORY FINISHED PRODUCTS,13.0,1409.46,108.42,1
10000353,KLR-SR,1201002,INVENTORY FINISHED PRODUCTS,270.0,30933.9,114.57,18
10000353,VIJW-GEN,1201002,INVENTORY FINISHED PRODUCTS,10.0,1145.7,114.57,1
10000354,BAN-FG,1201002,INVENTORY FINISHED PRODUCTS,132.0,5973.0,45.25,6
10000354,KER-GEN,1201002,INVENTORY FINISHED PRODUCTS,75.0,3393.75,45.25,1
10000354,KER-SR,1201002,INVENTORY FINISHED PRODUCTS,50.0,2262.5,45.25,3
10000354,KLR-FG,1201002,INVENTORY FINISHED PRODUCTS,123.0,5565.75,45.25,235
10000354,KLR-SER,1201002,INVENTORY FINISHED PRODUCTS,-1.0,0.0,0.0,7
10000354,KLR-SR,1201002,INVENTORY FINISHED PRODUCTS,193.0,8733.25,45.25,29
10000354,VIJW-FG,1201002,INVENTORY FINISHED PRODUCTS,150.0,6787.5,45.25,45
10000354,VIJW-GEN,1201002,INVENTORY FINISHED PRODUCTS,59.0,2669.75,45.25,1
10000355,KLR-FG,1201002,INVENTORY FINISHED PRODUCTS,15.0,3895.35,259.69,46
10000355,KLR-SR,1201002,INVENTORY FINISHED PRODUCTS,7.0,1817.83,259.69,10
10000356,KER-GEN,1201002,INVENTORY FINISHED PRODUCTS,150.0,6703.5,44.69,1
10000356,KLR-EXS,1201002,INVENTORY FINISHED PRODUCTS,536.0,23953.84,44.69,3
10000356,KLR-FG,1201002,INVENTORY FINISHED PRODUCTS,450.0,20110.5,44.69,71
10000356,KLR-SER,1201002,INVENTORY FINISHED PRODUCTS,-6.0,0.0,0.0,5
10000356,VIJW-GEN,1201002,INVENTORY FINISHED PRODUCTS,110.0,4915.9,44.69,1
10000357,KLR-FG,1201002,INVENTORY FINISHED PRODUCTS,323.0,13905.15,43.05,81
10000357,KLR-SR,1201002,INVENTORY FINISHED PRODUCTS,46.0,1980.3,43.05,23
10000357,VIJW-GEN,1201002,INVENTORY FINISHED PRODUCTS,3.0,129.15,43.05,1
10000358,BAN-FG,1201002,INVENTORY FINISHED PRODUCTS,84.0,5565.0,66.25,10
10000358,KER-FG,1201002,INVENTORY FINISHED PRODUCTS,82.0,5432.5,66.25,62
10000358,KER-GEN,1201002,INVENTORY FINISHED PRODUCTS,77.0,5101.25,66.25,1
10000358,KER-SR,1201002,INVENTORY FINISHED PRODUCTS,31.0,2053.75,66.25,3
10000358,KLR-EXS,1201002,INVENTORY FINISHED PRODUCTS,147.0,9738.75,66.25,1
10000358,KLR-FG,1201002,INVENTORY FINISHED PRODUCTS,955.0,63268.75,66.25,327
10000358,KLR-SER,1201002,INVENTORY FINISHED PRODUCTS,4.0,265.0,66.25,9
10000358,KLR-SR,1201002,INVENTORY FINISHED PRODUCTS,204.0,13515.0,66.25,24
10000358,VIJW-FG,1201002,INVENTORY FINISHED PRODUCTS,-50.0,-3312.5,66.25,62
10000358,VIJW-GEN,1201002,INVENTORY FINISHED PRODUCTS,153.0,10136.25,66.25,1
10000359,KER-GEN,1201002,INVENTORY FINISHED PRODUCTS,16.0,1730.4,108.15,1
10000359,KER-SR,1201002,INVENTORY FINISHED PRODUCTS,78.0,8435.7,108.15,4
10000359,KLR-FG,1201002,INVENTORY FINISHED PRODUCTS,833.0,90088.95,108.15,33
10000359,KLR-SR,1201002,INVENTORY FINISHED PRODUCTS,1.0,108.15,108.15,14
10000360,BAN-FG,1201002,INVENTORY FINISHED PRODUCTS,178.0,9838.06,55.27,8
10000360,KER-FG,1201002,INVENTORY FINISHED PRODUCTS,26.0,1437.02,55.27,51
10000360,KER-GEN,1201002,INVENTORY FINISHED PRODUCTS,3.0,165.81,55.27,1
10000360,KER-SR,1201002,INVENTORY FINISHED PRODUCTS,38.0,2100.26,55.27,4
10000360,KLR-EXS,1201002,INVENTORY FINISHED PRODUCTS,389.0,21500.03,55.27,6
10000360,KLR-FG,1201002,INVENTORY FINISHED PRODUCTS,192.0,10611.84,55.27,248
10000360,KLR-SER,1201002,INVENTORY FINISHED PRODUCTS,8.0,442.16,55.27,2
10000360,KLR-SR,1201002,INVENTORY FINISHED PRODUCTS,23.0,1271.21,55.27,25
10000361,KER-SR,1201002,INVENTORY FINISHED PRODUCTS,9.0,3676.05,408.45,3
10000361,KLR-FG,1201002,INVENTORY FINISHED PRODUCTS,100.0,40845.0,408.45,179
10000361,KLR-SER,1201002,INVENTORY FINISHED PRODUCTS,5.0,2042.25,408.45,3
10000361,KLR-SR,1201002,INVENTORY FINISHED PRODUCTS,41.0,16746.45,408.45,18
10000361,VIJW-FG,1201002,INVENTORY FINISHED PRODUCTS,28.0,11436.6,408.45,49
10000362,KER-FG,1201002,INVENTORY FINISHED PRODUCTS,35.0,13829.9,395.14,36
10000362,KER-SR,1201002,INVENTORY FINISHED PRODUCTS,27.0,12417.3,459.9,5
10000362,KLR-EXS,1201002,INVENTORY FINISHED PRODUCTS,12.0,4741.68,395.14,3
10000362,KLR-GEN,1201002,INVENTORY FINISHED PRODUCTS,2.0,1243.62,621.81,3
10000362,KLR-SER,1201002,INVENTORY FINISHED PRODUCTS,1.0,395.14,395.14,11
10000362,KLR-SR,1201002,INVENTORY FINISHED PRODUCTS,6.0,2370.84,395.14,37
10000362,VIJW-GEN,1201002,INVENTORY FINISHED PRODUCTS,5.0,1975.7,395.14,1
10000363,KER-FG,1201002,INVENTORY FINISHED PRODUCTS,29.0,9989.63,344.47,67
10000363,KER-SR,1201002,INVENTORY FINISHED PRODUCTS,53.0,18256.91,344.47,6
10000363,KLR-EXS,1201002,INVENTORY FINISHED PRODUCTS,15.0,5167.05,344.47,1
10000363,KLR-FG,1201002,INVENTORY FINISHED PRODUCTS,40.0,13778.8,344.47,107
10000363,KLR-SER,1201002,INVENTORY FINISHED PRODUCTS,1.0,344.47,344.47,6
10000363,KLR-SR,1201002,INVENTORY FINISHED PRODUCTS,11.0,3789.17,344.47,21
10000363,VIJW-GEN,1201002,INVENTORY FINISHED PRODUCTS,47.0,16190.09,344.47,1
10000364,KER-FG,1201002,INVENTORY FINISHED PRODUCTS,3.0,137.67,45.89,34
10000364,KER-GEN,1201002,INVENTORY FINISHED PRODUCTS,118.0,5415.02,45.89,1
10000364,KER-SR,1201002,INVENTORY FINISHED PRODUCTS,42.0,1927.38,45.89,3
10000364,KLR-FG,1201002,INVENTORY FINISHED PRODUCTS,4752.0,218069.28,45.89,171
10000364,KLR-SER,1201002,INVENTORY FINISHED PRODUCTS,20.0,917.8,45.89,2
10000364,KLR-SR,1201002,INVENTORY FINISHED PRODUCTS,720.0,33040.8,45.89,32
10000364,VIJW-FG,1201002,INVENTORY FINISHED PRODUCTS,200.0,9178.0,45.89,47
10000364,VIJW-GEN,1201002,INVENTORY FINISHED PRODUCTS,1.0,45.89,45.89,1
10000365,BAN-FG,1201002,INVENTORY FINISHED PRODUCTS,144.0,6880.32,47.78,3
10000365,KER-GEN,1201002,INVENTORY FINISHED PRODUCTS,77.0,3679.06,47.78,1
10000365,KER-SR,1201002,INVENTORY FINISHED PRODUCTS,113.0,5399.14,47.78,4
10000365,KLR-EXS,1201002,INVENTORY FINISHED PRODUCTS,353.0,16866.34,47.78,1
10000365,KLR-FG,1201002,INVENTORY FINISHED PRODUCTS,465.0,22217.7,47.78,225
10000365,KLR-SR,1201002,INVENTORY FINISHED PRODUCTS,291.0,13903.98,47.78,27
10000365,VIJW-FG,1201002,INVENTORY FINISHED PRODUCTS,150.0,7167.0,47.78,57
10000365,VIJW-GEN,1201002,INVENTORY FINISHED PRODUCTS,40.0,1911.2,47.78,1
10000366,KER-GEN,1201002,INVENTORY FINISHED PRODUCTS,1.0,32.89,32.89,1
10000366,KER-SR,1201002,INVENTORY FINISHED PRODUCTS,78.0,2565.42,32.89,4
10000366,KLR-FG,1201002,INVENTORY FINISHED PRODUCTS,2817.0,92651.13,32.89,104
10000366,KLR-SER,1201002,INVENTORY FINISHED PRODUCTS,9.0,296.01,32.89,13
10000366,PKD-GEN,1201002,INVENTORY FINISHED PRODUCTS,2.0,65.78,32.89,2
10000366,VIJW-GEN,1201002,INVENTORY FINISHED PRODUCTS,15.0,493.35,32.89,1
10000367,KER-GEN,1201002,INVENTORY FINISHED PRODUCTS,10.0,1891.1,189.11,1
10000367,KER-SR,1201002,INVENTORY FINISHED PRODUCTS,92.0,17398.12,189.11,6
10000367,KLR-FG,1201002,INVENTORY FINISHED PRODUCTS,221.0,41793.31,189.11,49
10000367,KLR-SER,1201002,INVENTORY FINISHED PRODUCTS,1.0,189.11,189.11,4
10000367,KLR-SR,1201002,INVENTORY FINISHED PRODUCTS,10.0,1891.1,189.11,12
10000367,VIJW-GEN,1201002,INVENTORY FINISHED PRODUCTS,10.0,1891.1,189.11,1
10000368,BAN-FG,1201002,INVENTORY FINISHED PRODUCTS,30.0,4334.1,144.47,4
10000368,KER-GEN,1201002,INVENTORY FINISHED PRODUCTS,98.0,14158.06,144.47,1
10000368,KER-SR,1201002,INVENTORY FINISHED PRODUCTS,21.0,3038.07,144.67,3
10000368,KLR-EXS,1201002,INVENTORY FINISHED PRODUCTS,100.0,14447.0,144.47,4
10000368,KLR-SR,1201002,INVENTORY FINISHED PRODUCTS,23.0,3322.81,144.47,29
10000368,VIJW-FG,1201002,INVENTORY FINISHED PRODUCTS,18.0,2600.46,144.47,55
10000369,KLR-FG,1201002,INVENTORY FINISHED PRODUCTS,144.0,12672.0,88.0,187
10000369,KLR-SR,1201002,INVENTORY FINISHED PRODUCTS,1.0,88.0,88.0,11
10000370,KER-SR,1201002,INVENTORY FINISHED PRODUCTS,21.0,18450.18,878.58,4
10000370,KLR-EXS,1201002,INVENTORY FINISHED PRODUCTS,57.0,34552.83,606.19,6
10000370,VIJW-GEN,1201002,INVENTORY FINISHED PRODUCTS,25.0,15154.75,606.19,1
10000371,BAN-FG,1201002,INVENTORY FINISHED PRODUCTS,29.0,892.33,30.77,9
10000371,KER-FG,1201002,INVENTORY FINISHED PRODUCTS,94.0,2892.38,30.77,53
10000371,KER-GEN,1201002,INVENTORY FINISHED PRODUCTS,13.0,400.01,30.77,1
10000371,KER-SR,1201002,INVENTORY FINISHED PRODUCTS,87.0,2676.99,30.77,4
10000371,KLR-EXS,1201002,INVENTORY FINISHED PRODUCTS,301.0,9261.77,30.77,1
10000371,KLR-FG,1201002,INVENTORY FINISHED PRODUCTS,1053.0,32400.81,30.77,260
10000371,KLR-SER,1201002,INVENTORY FINISHED PRODUCTS,53.0,1630.81,30.77,5
10000371,KLR-SR,1201002,INVENTORY FINISHED PRODUCTS,399.0,12277.23,30.77,22
10000371,VIJW-GEN,1201002,INVENTORY FINISHED PRODUCTS,157.0,4830.89,30.77,1
10000372,KER-FG,1201002,INVENTORY FINISHED PRODUCTS,-11.0,0.0,0.0,8
10000372,KER-SR,1201002,INVENTORY FINISHED PRODUCTS,57.0,4823.91,84.63,5
10000372,KLR-FG,1201002,INVENTORY FINISHED PRODUCTS,442.0,37406.46,84.63,11
10000372,KLR-SER,1201002,INVENTORY FINISHED PRODUCTS,27.0,2285.01,84.63,3
10000372,KLR-SR,1201002,INVENTORY FINISHED PRODUCTS,111.0,9393.93,84.63,9
10000373,KER-SR,1201002,INVENTORY FINISHED PRODUCTS,11.0,5717.25,519.75,3
10000373,KLR-EXS,1201002,INVENTORY FINISHED PRODUCTS,1.0,519.75,519.75,4
10000373,KLR-FG,1201002,INVENTORY FINISHED PRODUCTS,13.0,6756.75,519.75,143
10000373,KLR-SR,1201002,INVENTORY FINISHED PRODUCTS,32.0,16632.0,519.75,18
10000373,VIJW-FG,1201002,INVENTORY FINISHED PRODUCTS,28.0,14553.0,519.75,41
10000373,VIJW-GEN,1201002,INVENTORY FINISHED PRODUCTS,9.0,4677.75,519.75,1
10000374,KER-SR,1201002,INVENTORY FINISHED PRODUCTS,24.0,4947.36,206.14,3
10000374,KLR-FG,1201002,INVENTORY FINISHED PRODUCTS,169.0,34837.66,206.14,121
10000374,KLR-SER,1201002,INVENTORY FINISHED PRODUCTS,28.0,5978.06,213.502143,12
10000374,KLR-SR,1201002,INVENTORY FINISHED PRODUCTS,24.0,4947.36,206.14,31
10000375,KLR-EXS,1201002,INVENTORY FINISHED PRODUCTS,30.0,1584.6,52.82,1
10000375,KLR-SER,1201002,INVENTORY FINISHED PRODUCTS,53.0,2799.46,52.82,1
10000375,KLR-SR,1201002,INVENTORY FINISHED PRODUCTS,107.0,5651.74,52.82,7
10000375,VIJW-GEN,1201002,INVENTORY FINISHED PRODUCTS,4.0,211.28,52.82,1
10000376,KER-SR,1201002,INVENTORY FINISHED PRODUCTS,22.0,3333.88,151.54,3
10000376,KLR-FG,1201002,INVENTORY FINISHED PRODUCTS,61.0,9243.94,151.54,128
10000376,KLR-SR,1201002,INVENTORY FINISHED PRODUCTS,15.0,2273.1,151.54,26
10000376,PKD-GEN,1201002,INVENTORY FINISHED PRODUCTS,1.0,151.54,151.54,2
10000376,VIJW-GEN,1201002,INVENTORY FINISHED PRODUCTS,22.0,3333.88,151.54,1
10000377,KLR-EXS,1201002,INVENTORY FINISHED PRODUCTS,20.0,36262.4,1813.12,2
10000378,KER-GEN,1201002,INVENTORY FINISHED PRODUCTS,20.0,10622.8,531.14,1
10000378,KER-SR,1201002,INVENTORY FINISHED PRODUCTS,43.0,22839.02,531.14,4
10000378,KLR-EXS,1201002,INVENTORY FINISHED PRODUCTS,30.0,15934.2,531.14,1
10000378,KLR-FG,1201002,INVENTORY FINISHED PRODUCTS,330.0,175276.2,531.14,44
10000378,KLR-QC,1201002,INVENTORY FINISHED PRODUCTS,58.0,30806.12,531.14,2
10000378,KLR-SER,1201002,INVENTORY FINISHED PRODUCTS,1.0,531.14,531.14,4
10000378,KLR-SR,1201002,INVENTORY FINISHED PRODUCTS,3.0,1593.42,531.14,7
10000378,VIJW-GEN,1201002,INVENTORY FINISHED PRODUCTS,12.0,6373.68,531.14,1
10000379,BAN-FG,1201002,INVENTORY FINISHED PRODUCTS,74.0,3369.96,45.54,6
10000379,KER-GEN,1201002,INVENTORY FINISHED PRODUCTS,191.0,8698.14,45.54,1
10000379,KER-SR,1201002,INVENTORY FINISHED PRODUCTS,104.0,4736.16,45.54,4
10000379,KLR-EXS,1201002,INVENTORY FINISHED PRODUCTS,3.0,136.62,45.54,3
10000379,KLR-FG,1201002,INVENTORY FINISHED PRODUCTS,1055.0,48044.7,45.54,217
10000379,KLR-SER,1201002,INVENTORY FINISHED PRODUCTS,-7.0,45.54,-6.505714,15
10000379,KLR-SR,1201002,INVENTORY FINISHED PRODUCTS,188.0,8561.52,45.54,31
10000379,VIJW-FG,1201002,INVENTORY FINISHED PRODUCTS,250.0,11385.0,45.54,69
10000379,VIJW-GEN,1201002,INVENTORY FINISHED PRODUCTS,8.0,364.32,45.54,1
10000380,KLR-FG,1201002,INVENTORY FINISHED PRODUCTS,93.0,12183.0,131.0,164
10000380,KLR-SR,1201002,INVENTORY FINISHED PRODUCTS,1.0,131.0,131.0,11
10000381,KLR-FG,1201002,INVENTORY FINISHED PRODUCTS,270.0,67788.9,251.07,2
10000382,KER-GEN,1201002,INVENTORY FINISHED PRODUCTS,255.0,37966.95,148.89,1
10000382,KER-SR,1201002,INVENTORY FINISHED PRODUCTS,51.0,7593.39,148.89,4
10000382,KLR-EXS,1201002,INVENTORY FINISHED PRODUCTS,4273.0,636206.97,148.89,1
10000382,KLR-FG,1201002,INVENTORY FINISHED PRODUCTS,137.0,20397.93,148.89,436
10000382,KLR-SR,1201002,INVENTORY FINISHED PRODUCTS,48.0,7146.72,148.89,19
10000382,VIJW-GEN,1201002,INVENTORY FINISHED PRODUCTS,13.0,1935.57,148.89,1
10000383,KLR-EXS,1201002,INVENTORY FINISHED PRODUCTS,2.0,723.72,361.86,1
10000384,KER-GEN,1201002,INVENTORY FINISHED PRODUCTS,36.0,14099.4,391.65,1
10000384,KER-SR,1201002,INVENTORY FINISHED PRODUCTS,27.0,10574.55,391.65,4
10000384,KLR-EXS,1201002,INVENTORY FINISHED PRODUCTS,23.0,9007.95,391.65,1
10000384,KLR-FG,1201002,INVENTORY FINISHED PRODUCTS,2.0,783.3,391.65,507
10000384,KLR-SER,1201002,INVENTORY FINISHED PRODUCTS,-9.0,391.65,-43.516667,15
10000384,KLR-SR,1201002,INVENTORY FINISHED PRODUCTS,54.0,21149.1,391.65,42
10000384,VIJW-FG,1201002,INVENTORY FINISHED PRODUCTS,132.0,51697.8,391.65,105
10000384,VIJW-GEN,1201002,INVENTORY FINISHED PRODUCTS,26.0,10182.9,391.65,1
10000385,KLR-FG,1201002,INVENTORY FINISHED PRODUCTS,42.0,2142.0,51.0,253
10000386,KLR-FG,1201002,INVENTORY FINISHED PRODUCTS,404.0,46460.0,115.0,170
10000387,VIJW-GEN,1201002,INVENTORY FINISHED PRODUCTS,18.0,3092.58,171.81,1
10000388,KER-SR,1201002,INVENTORY FINISHED PRODUCTS,12.0,4552.68,379.39,2
10000388,KLR-EXS,1201002,INVENTORY FINISHED PRODUCTS,61.0,23142.79,379.39,4
10000388,KLR-FG,1201002,INVENTORY FINISHED PRODUCTS,10.0,3793.9,379.39,157
10000388,VIJW-GEN,1201002,INVENTORY FINISHED PRODUCTS,40.0,15175.6,379.39,1
10000389,KER-GEN,1201002,INVENTORY FINISHED PRODUCTS,1.0,269.14,269.14,1
10000389,KER-SR,1201002,INVENTORY FINISHED PRODUCTS,37.0,9958.18,269.14,5
10000389,KLR-FG,1201002,INVENTORY FINISHED PRODUCTS,59.0,15879.26,269.14,65
10000389,KLR-QC,1201002,INVENTORY FINISHED PRODUCTS,18.0,4844.52,269.14,2
10000389,KLR-SER,1201002,INVENTORY FINISHED PRODUCTS,51.0,13726.14,269.14,14
10000389,KLR-SR,1201002,INVENTORY FINISHED PRODUCTS,64.0,17224.96,269.14,29
10000389,VIJW-GEN,1201002,INVENTORY FINISHED PRODUCTS,24.0,6459.36,269.14,1
10000390,BAN-FG,1201002,INVENTORY FINISHED PRODUCTS,44.0,1645.6,37.4,6
10000390,KER-FG,1201002,INVENTORY FINISHED PRODUCTS,44.0,1645.6,37.4,52
10000390,KER-GEN,1201002,INVENTORY FINISHED PRODUCTS,58.0,2169.2,37.4,1
10000390,KER-SR,1201002,INVENTORY FINISHED PRODUCTS,160.0,5984.0,37.4,4
10000390,KLR-EXS,1201002,INVENTORY FINISHED PRODUCTS,109.0,4076.6,37.4,1
10000390,KLR-FG,1201002,INVENTORY FINISHED PRODUCTS,1502.0,56174.8,37.4,209
10000390,KLR-SER,1201002,INVENTORY FINISHED PRODUCTS,4.0,149.6,37.4,3
10000390,KLR-SR,1201002,INVENTORY FINISHED PRODUCTS,200.0,7480.0,37.4,24
10000390,VIJW-FG,1201002,INVENTORY FINISHED PRODUCTS,150.0,5610.0,37.4,38
10000390,VIJW-GEN,1201002,INVENTORY FINISHED PRODUCTS,192.0,7180.8,37.4,1
10000391,KLR-FG,1201002,INVENTORY FINISHED PRODUCTS,185.0,18500.0,100.0,173
10000391,KLR-SR,1201002,INVENTORY FINISHED PRODUCTS,1.0,100.0,100.0,8
10000393,KLR-EXS,1201002,INVENTORY FINISHED PRODUCTS,38.0,18885.62,496.99,8
10000393,KLR-SER,1201002,INVENTORY FINISHED PRODUCTS,4.0,3478.93,869.7325,10
10000393,VIJW-FG,1201002,INVENTORY FINISHED PRODUCTS,6.0,2981.94,496.99,58
10000394,KER-FG,1201002,INVENTORY FINISHED PRODUCTS,76.0,2438.08,32.08,39
10000394,KER-GEN,1201002,INVENTORY FINISHED PRODUCTS,29.0,930.32,32.08,1
10000394,KLR-FG,1201002,INVENTORY FINISHED PRODUCTS,794.0,25471.52,32.08,188
10000394,KLR-SR,1201002,INVENTORY FINISHED PRODUCTS,299.0,9591.92,32.08,9
10000394,VIJW-GEN,1201002,INVENTORY FINISHED PRODUCTS,78.0,2502.24,32.08,1
10000395,KER-SR,1201002,INVENTORY FINISHED PRODUCTS,20.0,2960.2,148.01,1
10000395,VIJW-GEN,1201002,INVENTORY FINISHED PRODUCTS,46.0,6808.46,148.01,1
10000396,BAN-FG,1201002,INVENTORY FINISHED PRODUCTS,32.0,1096.32,34.26,6
10000396,KER-FG,1201002,INVENTORY FINISHED PRODUCTS,2.0,68.52,34.26,65
10000396,KER-GEN,1201002,INVENTORY FINISHED PRODUCTS,66.0,2261.16,34.26,1
10000396,KER-SR,1201002,INVENTORY FINISHED PRODUCTS,138.0,4726.5,34.25,2
10000396,KLR-EXS,1201002,INVENTORY FINISHED PRODUCTS,111.0,3802.86,34.26,1
10000396,KLR-FG,1201002,INVENTORY FINISHED PRODUCTS,503.0,17232.78,34.26,388
10000396,KLR-SR,1201002,INVENTORY FINISHED PRODUCTS,49.0,1678.74,34.26,40
10000396,VIJW-FG,1201002,INVENTORY FINISHED PRODUCTS,538.0,18431.88,34.26,75
10000396,VIJW-GEN,1201002,INVENTORY FINISHED PRODUCTS,3.0,102.78,34.26,1
10000397,KER-SR,1201002,INVENTORY FINISHED PRODUCTS,20.0,2527.0,126.35,1
10000397,VIJW-GEN,1201002,INVENTORY FINISHED PRODUCTS,40.0,5054.0,126.35,1
10000398,KER-FG,1201002,INVENTORY FINISHED PRODUCTS,-20.0,0.0,0.0,4
10000398,KER-SR,1201002,INVENTORY FINISHED PRODUCTS,20.0,3160.2,158.01,3
10000398,KLR-EXS,1201002,INVENTORY FINISHED PRODUCTS,2.0,316.02,158.01,1
10000398,KLR-FG,1201002,INVENTORY FINISHED PRODUCTS,42.0,6636.42,158.01,207
10000398,VIJW-GEN,1201002,INVENTORY FINISHED PRODUCTS,24.0,3792.24,158.01,1
10000399,KLR-FG,1201002,INVENTORY FINISHED PRODUCTS,52.0,2132.0,41.0,2
10000399,KLR-SER,1201002,INVENTORY FINISHED PRODUCTS,24.0,1025.0,42.708333,3
10000399,KLR-SR,1201002,INVENTORY FINISHED PRODUCTS,2.0,82.0,41.0,2
10000400,KER-GEN,1201002,INVENTORY FINISHED PRODUCTS,6.0,1073.04,178.84,1
10000400,KER-SR,1201002,INVENTORY FINISHED PRODUCTS,22.0,3934.48,178.84,3
10000400,KLR-EXS,1201002,INVENTORY FINISHED PRODUCTS,61.0,10909.24,178.84,4
10000400,KLR-QC,1201002,INVENTORY FINISHED PRODUCTS,55.0,9836.2,178.84,6
10000400,KLR-SER,1201002,INVENTORY FINISHED PRODUCTS,12.0,2324.92,193.743333,9
10000400,KLR-SR,1201002,INVENTORY FINISHED PRODUCTS,17.0,3040.28,178.84,24
10000401,KER-GEN,1201002,INVENTORY FINISHED PRODUCTS,14.0,2922.36,208.74,1
10000401,KER-SR,1201002,INVENTORY FINISHED PRODUCTS,64.0,13359.36,208.74,5
10000401,KLR-FG,1201002,INVENTORY FINISHED PRODUCTS,278.0,58029.72,208.74,47
10000401,KLR-SER,1201002,INVENTORY FINISHED PRODUCTS,4.0,834.96,208.74,5
10000401,KLR-SR,1201002,INVENTORY FINISHED PRODUCTS,22.0,4592.28,208.74,13
10000401,VIJW-GEN,1201002,INVENTORY FINISHED PRODUCTS,8.0,1669.92,208.74,1
10000402,BAN-FG,1201002,INVENTORY FINISHED PRODUCTS,200.0,5154.0,25.77,1
10000402,KER-FG,1201002,INVENTORY FINISHED PRODUCTS,120.0,3092.4,25.77,42
10000402,KER-GEN,1201002,INVENTORY FINISHED PRODUCTS,73.0,1881.21,25.77,1
10000402,KER-SR,1201002,INVENTORY FINISHED PRODUCTS,106.0,2731.62,25.77,3
10000402,KLR-FG,1201002,INVENTORY FINISHED PRODUCTS,252.0,6494.04,25.77,165
10000402,KLR-SR,1201002,INVENTORY FINISHED PRODUCTS,480.0,12369.6,25.77,31
10000402,VIJW-GEN,1201002,INVENTORY FINISHED PRODUCTS,94.0,2422.38,25.77,1
10000403,BAN-FG,1201002,INVENTORY FINISHED PRODUCTS,176.0,4947.36,28.11,6
10000403,KER-FG,1201002,INVENTORY FINISHED PRODUCTS,126.0,3541.86,28.11,47
10000403,KER-GEN,1201002,INVENTORY FINISHED PRODUCTS,225.0,6324.75,28.11,1
10000403,KER-SR,1201002,INVENTORY FINISHED PRODUCTS,175.0,4919.25,28.11,4
10000403,KLR-FG,1201002,INVENTORY FINISHED PRODUCTS,1070.0,30077.7,28.11,206
10000403,KLR-SR,1201002,INVENTORY FINISHED PRODUCTS,58.0,1630.38,28.11,31
10000403,VIJW-GEN,1201002,INVENTORY FINISHED PRODUCTS,97.0,2726.67,28.11,1
10000404,BAN-FG,1201002,INVENTORY FINISHED PRODUCTS,176.0,5591.52,31.77,5
10000404,KER-FG,1201002,INVENTORY FINISHED PRODUCTS,88.0,2795.76,31.77,42
10000404,KER-SR,1201002,INVENTORY FINISHED PRODUCTS,326.0,10357.02,31.77,4
10000404,KLR-EXS,1201002,INVENTORY FINISHED PRODUCTS,236.0,7497.72,31.77,1
10000404,KLR-SR,1201002,INVENTORY FINISHED PRODUCTS,98.0,3113.46,31.77,29
10000404,VIJW-GEN,1201002,INVENTORY FINISHED PRODUCTS,50.0,1588.5,31.77,1
10000405,BAN-FG,1201002,INVENTORY FINISHED PRODUCTS,88.0,1354.32,15.39,3
10000405,KER-FG,1201002,INVENTORY FINISHED PRODUCTS,82.0,1261.98,15.39,39
10000405,KER-GEN,1201002,INVENTORY FINISHED PRODUCTS,1.0,15.39,15.39,1
10000405,KER-SR,1201002,INVENTORY FINISHED PRODUCTS,70.0,1077.3,15.39,1
10000405,KLR-FG,1201002,INVENTORY FINISHED PRODUCTS,149.0,2293.11,15.39,256
10000405,KLR-SR,1201002,INVENTORY FINISHED PRODUCTS,335.0,5155.65,15.39,27
10000405,VIJW-GEN,1201002,INVENTORY FINISHED PRODUCTS,112.0,1723.68,15.39,1
10000406,KER-GEN,1201002,INVENTORY FINISHED PRODUCTS,51.0,874.14,17.14,1
10000406,KER-SR,1201002,INVENTORY FINISHED PRODUCTS,41.0,702.74,17.14,5
10000406,KLR-EXS,1201002,INVENTORY FINISHED PRODUCTS,607.0,10403.98,17.14,2
10000406,KLR-FG,1201002,INVENTORY FINISHED PRODUCTS,-88.0,-1508.32,17.14,224
10000406,VIJW-GEN,1201002,INVENTORY FINISHED PRODUCTS,162.0,2776.68,17.14,1
10000407,BAN-FG,1201002,INVENTORY FINISHED PRODUCTS,76.0,1792.84,23.59,7
10000407,KER-FG,1201002,INVENTORY FINISHED PRODUCTS,88.0,2075.92,23.59,52
10000407,KER-GEN,1201002,INVENTORY FINISHED PRODUCTS,6.0,141.54,23.59,1
10000407,KER-SR,1201002,INVENTORY FINISHED PRODUCTS,154.0,3632.86,23.59,2
10000407,KLR-EXS,1201002,INVENTORY FINISHED PRODUCTS,946.0,22316.14,23.59,3
10000407,KLR-FG,1201002,INVENTORY FINISHED PRODUCTS,625.0,14743.75,23.59,247
10000407,KLR-SER,1201002,INVENTORY FINISHED PRODUCTS,-1.0,0.0,0.0,2
10000407,KLR-SR,1201002,INVENTORY FINISHED PRODUCTS,49.0,1155.91,23.59,38
10000407,VIJW-FG,1201002,INVENTORY FINISHED PRODUCTS,100.0,2359.0,23.59,45
10000407,VIJW-GEN,1201002,INVENTORY FINISHED PRODUCTS,174.0,4104.66,23.59,1
10000408,KER-GEN,1201002,INVENTORY FINISHED PRODUCTS,100.0,2593.0,25.93,1
10000408,KER-SR,1201002,INVENTORY FINISHED PRODUCTS,194.0,5030.42,25.93,5
10000408,KLR-EXS,1201002,INVENTORY FINISHED PRODUCTS,451.0,11694.43,25.93,1
10000408,KLR-SR,1201002,INVENTORY FINISHED PRODUCTS,161.0,4174.73,25.93,27
10000408,VIJW-GEN,1201002,INVENTORY FINISHED PRODUCTS,138.0,3578.34,25.93,1
10000409,BAN-FG,1201002,INVENTORY FINISHED PRODUCTS,76.0,2325.6,30.6,5
10000409,KER-FG,1201002,INVENTORY FINISHED PRODUCTS,38.0,1162.8,30.6,57
10000409,KER-GEN,1201002,INVENTORY FINISHED PRODUCTS,107.0,3274.2,30.6,1
10000409,KER-SR,1201002,INVENTORY FINISHED PRODUCTS,358.0,10954.8,30.6,5
10000409,KLR-EXS,1201002,INVENTORY FINISHED PRODUCTS,77.0,2356.2,30.6,1
10000409,KLR-FG,1201002,INVENTORY FINISHED PRODUCTS,44.0,1346.4,30.6,211
10000409,KLR-SR,1201002,INVENTORY FINISHED PRODUCTS,651.0,19920.6,30.6,34
10000409,VIJW-FG,1201002,INVENTORY FINISHED PRODUCTS,100.0,3060.0,30.6,33
10000409,VIJW-GEN,1201002,INVENTORY FINISHED PRODUCTS,147.0,4498.2,30.6,1
10000410,KER-FG,1201002,INVENTORY FINISHED PRODUCTS,82.0,1211.14,14.77,44
10000410,KER-GEN,1201002,INVENTORY FINISHED PRODUCTS,63.0,930.51,14.77,1
10000410,KER-SR,1201002,INVENTORY FINISHED PRODUCTS,18.0,265.86,14.77,3
10000410,KLR-FG,1201002,INVENTORY FINISHED PRODUCTS,1650.0,24370.5,14.77,158
10000410,KLR-SR,1201002,INVENTORY FINISHED PRODUCTS,427.0,6306.79,14.77,32
10000410,VIJW-FG,1201002,INVENTORY FINISHED PRODUCTS,200.0,2954.0,14.77,49
10000410,VIJW-GEN,1201002,INVENTORY FINISHED PRODUCTS,57.0,841.89,14.77,1
10000411,KER-FG,1201002,INVENTORY FINISHED PRODUCTS,82.0,1213.6,14.8,46
10000411,KER-GEN,1201002,INVENTORY FINISHED PRODUCTS,38.0,562.4,14.8,1
10000411,KER-SR,1201002,INVENTORY FINISHED PRODUCTS,12.0,177.6,14.8,4
10000411,KLR-FG,1201002,INVENTORY FINISHED PRODUCTS,4008.0,59318.4,14.8,178
10000411,KLR-SR,1201002,INVENTORY FINISHED PRODUCTS,361.0,5342.8,14.8,29
10000411,VIJW-FG,1201002,INVENTORY FINISHED PRODUCTS,100.0,1480.0,14.8,47
10000411,VIJW-GEN,1201002,INVENTORY FINISHED PRODUCTS,119.0,1761.2,14.8,1
10000412,BAN-FG,1201002,INVENTORY FINISHED PRODUCTS,76.0,1604.36,21.11,6
10000412,KER-FG,1201002,INVENTORY FINISHED PRODUCTS,88.0,1857.68,21.11,48
10000412,KER-GEN,1201002,INVENTORY FINISHED PRODUCTS,3.0,63.33,21.11,1
10000412,KER-SR,1201002,INVENTORY FINISHED PRODUCTS,196.0,4137.56,21.11,4
10000412,KLR-EXS,1201002,INVENTORY FINISHED PRODUCTS,586.0,12370.46,21.11,3
10000412,KLR-FG,1201002,INVENTORY FINISHED PRODUCTS,6.0,126.66,21.11,237
10000412,KLR-SR,1201002,INVENTORY FINISHED PRODUCTS,400.0,8444.0,21.11,37
10000412,VIJW-FG,1201002,INVENTORY FINISHED PRODUCTS,200.0,4222.0,21.11,44
10000412,VIJW-GEN,1201002,INVENTORY FINISHED PRODUCTS,26.0,548.86,21.11,1
10000413,BAN-FG,1201002,INVENTORY FINISHED PRODUCTS,88.0,2165.68,24.61,4
10000413,KER-FG,1201002,INVENTORY FINISHED PRODUCTS,88.0,2165.68,24.61,45
10000413,KER-SR,1201002,INVENTORY FINISHED PRODUCTS,87.0,2141.07,24.61,3
10000413,KLR-FG,1201002,INVENTORY FINISHED PRODUCTS,2860.0,70384.6,24.61,218
10000413,KLR-SR,1201002,INVENTORY FINISHED PRODUCTS,830.0,20426.3,24.61,30
10000413,VIJW-FG,1201002,INVENTORY FINISHED PRODUCTS,100.0,2461.0,24.61,47
10000413,VIJW-GEN,1201002,INVENTORY FINISHED PRODUCTS,104.0,2559.44,24.61,1
10000415,BAN-FG,1201002,INVENTORY FINISHED PRODUCTS,100.0,2343.0,23.43,1
10000415,KER-GEN,1201002,INVENTORY FINISHED PRODUCTS,202.0,4732.86,23.43,1
10000415,KER-SR,1201002,INVENTORY FINISHED PRODUCTS,34.0,796.62,23.43,4
10000415,KLR-FG,1201002,INVENTORY FINISHED PRODUCTS,2421.0,56724.03,23.43,218
10000415,KLR-SR,1201002,INVENTORY FINISHED PRODUCTS,63.0,1476.09,23.43,21
10000415,VIJW-GEN,1201002,INVENTORY FINISHED PRODUCTS,114.0,2671.02,23.43,1
10000416,BAN-FG,1201002,INVENTORY FINISHED PRODUCTS,190.0,4898.2,25.78,3
10000416,KER-GEN,1201002,INVENTORY FINISHED PRODUCTS,141.0,3634.98,25.78,1
10000416,KER-SR,1201002,INVENTORY FINISHED PRODUCTS,67.0,1727.26,25.78,1
10000416,KLR-FG,1201002,INVENTORY FINISHED PRODUCTS,2653.0,68394.34,25.78,236
10000416,KLR-SR,1201002,INVENTORY FINISHED PRODUCTS,142.0,3660.76,25.78,27
10000416,VIJW-GEN,1201002,INVENTORY FINISHED PRODUCTS,137.0,3531.86,25.78,1
10000417,BAN-FG,1201002,INVENTORY FINISHED PRODUCTS,184.0,5630.4,30.6,7
10000417,KER-FG,1201002,INVENTORY FINISHED PRODUCTS,76.0,2325.6,30.6,32
10000417,KER-GEN,1201002,INVENTORY FINISHED PRODUCTS,214.0,6548.4,30.6,1
10000417,KER-SR,1201002,INVENTORY FINISHED PRODUCTS,63.0,1927.8,30.6,5
10000417,KLR-FG,1201002,INVENTORY FINISHED PRODUCTS,2679.0,81977.4,30.6,199
10000417,KLR-SER,1201002,INVENTORY FINISHED PRODUCTS,1.0,30.6,30.6,1
10000417,KLR-SR,1201002,INVENTORY FINISHED PRODUCTS,242.0,7405.2,30.6,27
10000417,VIJW-FG,1201002,INVENTORY FINISHED PRODUCTS,50.0,1530.0,30.6,44
10000417,VIJW-GEN,1201002,INVENTORY FINISHED PRODUCTS,120.0,3672.0,30.6,1
10000418,BAN-FG,1201002,INVENTORY FINISHED PRODUCTS,200.0,7050.0,35.25,3
10000418,KER-FG,1201002,INVENTORY FINISHED PRODUCTS,20.0,705.0,35.25,30
10000418,KER-GEN,1201002,INVENTORY FINISHED PRODUCTS,200.0,7050.0,35.25,1
10000418,KER-SR,1201002,INVENTORY FINISHED PRODUCTS,110.0,3877.5,35.25,5
10000418,KLR-FG,1201002,INVENTORY FINISHED PRODUCTS,2422.0,85375.5,35.25,235
10000418,KLR-SR,1201002,INVENTORY FINISHED PRODUCTS,178.0,6274.5,35.25,20
10000418,VIJW-FG,1201002,INVENTORY FINISHED PRODUCTS,150.0,5287.5,35.25,43
10000420,BAN-FG,1201002,INVENTORY FINISHED PRODUCTS,200.0,4454.0,22.27,3
10000420,KER-GEN,1201002,INVENTORY FINISHED PRODUCTS,150.0,3340.5,22.27,1
10000420,KER-SR,1201002,INVENTORY FINISHED PRODUCTS,121.0,2694.67,22.27,4
10000420,KLR-FG,1201002,INVENTORY FINISHED PRODUCTS,6741.0,150122.07,22.27,150
10000420,KLR-SER,1201002,INVENTORY FINISHED PRODUCTS,8.0,178.16,22.27,2
10000420,KLR-SR,1201002,INVENTORY FINISHED PRODUCTS,518.0,11535.86,22.27,26
10000420,VIJW-GEN,1201002,INVENTORY FINISHED PRODUCTS,123.0,2739.21,22.27,1
10000421,BAN-FG,1201002,INVENTORY FINISHED PRODUCTS,200.0,4922.0,24.61,3
10000421,KER-GEN,1201002,INVENTORY FINISHED PRODUCTS,155.0,3814.55,24.61,1
10000421,KER-SR,1201002,INVENTORY FINISHED PRODUCTS,162.0,3986.82,24.61,2
10000421,KLR-EXS,1201002,INVENTORY FINISHED PRODUCTS,304.0,7481.44,24.61,1
10000421,KLR-FG,1201002,INVENTORY FINISHED PRODUCTS,25.0,615.25,24.61,158
10000421,KLR-SER,1201002,INVENTORY FINISHED PRODUCTS,27.0,664.47,24.61,4
10000421,KLR-SR,1201002,INVENTORY FINISHED PRODUCTS,387.0,9524.07,24.61,34
10000421,VIJW-GEN,1201002,INVENTORY FINISHED PRODUCTS,102.0,2510.22,24.61,1
10000422,BAN-FG,1201002,INVENTORY FINISHED PRODUCTS,184.0,5415.12,29.43,5
10000422,KER-GEN,1201002,INVENTORY FINISHED PRODUCTS,223.0,6562.89,29.43,1
10000422,KER-SR,1201002,INVENTORY FINISHED PRODUCTS,97.0,2854.71,29.43,4
10000422,KLR-EXS,1201002,INVENTORY FINISHED PRODUCTS,1449.0,42644.07,29.43,3
10000422,KLR-FG,1201002,INVENTORY FINISHED PRODUCTS,286.0,8416.98,29.43,212
10000422,VIJW-GEN,1201002,INVENTORY FINISHED PRODUCTS,121.0,3561.03,29.43,1
10000423,BAN-FG,1201002,INVENTORY FINISHED PRODUCTS,200.0,6818.0,34.09,3
10000423,KER-GEN,1201002,INVENTORY FINISHED PRODUCTS,156.0,5318.04,34.09,1
10000423,KER-SR,1201002,INVENTORY FINISHED PRODUCTS,63.0,2147.67,34.09,4
10000423,KLR-EXS,1201002,INVENTORY FINISHED PRODUCTS,92.0,3136.28,34.09,3
10000423,KLR-FG,1201002,INVENTORY FINISHED PRODUCTS,262.0,8931.58,34.09,164
10000423,KLR-SER,1201002,INVENTORY FINISHED PRODUCTS,39.0,1329.51,34.09,3
10000423,KLR-SR,1201002,INVENTORY FINISHED PRODUCTS,802.0,27340.18,34.09,22
10000423,VIJW-FG,1201002,INVENTORY FINISHED PRODUCTS,100.0,3409.0,34.09,35
10000423,VIJW-GEN,1201002,INVENTORY FINISHED PRODUCTS,130.0,4431.7,34.09,1
10000424,KLR-EXS,1201002,INVENTORY FINISHED PRODUCTS,25.0,2759.5,110.38,1
10000425,KER-GEN,1201002,INVENTORY FINISHED PRODUCTS,245.0,5456.15,22.27,1
10000425,KLR-FG,1201002,INVENTORY FINISHED PRODUCTS,7591.0,169051.57,22.27,131
10000425,KLR-SER,1201002,INVENTORY FINISHED PRODUCTS,1.0,22.27,22.27,1
10000425,KLR-SR,1201002,INVENTORY FINISHED PRODUCTS,696.0,15499.92,22.27,23
10000425,VIJW-GEN,1201002,INVENTORY FINISHED PRODUCTS,64.0,1425.28,22.27,1
10000426,KER-GEN,1201002,INVENTORY FINISHED PRODUCTS,280.0,6890.8,24.61,1
10000426,KER-SR,1201002,INVENTORY FINISHED PRODUCTS,186.0,4577.46,24.61,4
10000426,KLR-FG,1201002,INVENTORY FINISHED PRODUCTS,2674.0,65807.14,24.61,144
10000426,KLR-SR,1201002,INVENTORY FINISHED PRODUCTS,401.0,9868.61,24.61,29
10000426,VIJW-GEN,1201002,INVENTORY FINISHED PRODUCTS,111.0,2731.71,24.61,1
10000427,BAN-FG,1201002,INVENTORY FINISHED PRODUCTS,92.0,2707.56,29.43,4
10000427,KER-GEN,1201002,INVENTORY FINISHED PRODUCTS,206.0,6062.58,29.43,1
10000427,KER-SR,1201002,INVENTORY FINISHED PRODUCTS,130.0,3825.9,29.43,4
10000427,KLR-FG,1201002,INVENTORY FINISHED PRODUCTS,368.0,10830.24,29.43,167
10000427,KLR-SR,1201002,INVENTORY FINISHED PRODUCTS,621.0,18276.03,29.43,23
10000427,VIJW-FG,1201002,INVENTORY FINISHED PRODUCTS,100.0,2943.0,29.43,35
10000427,VIJW-GEN,1201002,INVENTORY FINISHED PRODUCTS,112.0,3296.16,29.43,1
10000428,KER-GEN,1201002,INVENTORY FINISHED PRODUCTS,139.0,4738.51,34.09,1
10000428,KER-SR,1201002,INVENTORY FINISHED PRODUCTS,96.0,3272.64,34.09,1
10000428,KLR-FG,1201002,INVENTORY FINISHED PRODUCTS,2134.0,72748.06,34.09,121
10000428,KLR-SR,1201002,INVENTORY FINISHED PRODUCTS,968.0,32999.12,34.09,25
10000428,VIJW-FG,1201002,INVENTORY FINISHED PRODUCTS,100.0,3409.0,34.09,32
10000428,VIJW-GEN,1201002,INVENTORY FINISHED PRODUCTS,102.0,3477.18,34.09,1
10000429,KLR-EXS,1201002,INVENTORY FINISHED PRODUCTS,30.0,3311.4,110.38,1
10000430,KER-FG,1201002,INVENTORY FINISHED PRODUCTS,138.0,9128.7,66.15,53
10000430,KER-GEN,1201002,INVENTORY FINISHED PRODUCTS,3.0,198.45,66.15,1
10000430,KER-SR,1201002,INVENTORY FINISHED PRODUCTS,41.0,2712.15,66.15,4
10000430,KLR-EXS,1201002,INVENTORY FINISHED PRODUCTS,1494.0,98828.1,66.15,12
10000430,KLR-FG,1201002,INVENTORY FINISHED PRODUCTS,494.0,32678.1,66.15,213
10000430,VIJW-FG,1201002,INVENTORY FINISHED PRODUCTS,200.0,13230.0,66.15,51
10000430,VIJW-GEN,1201002,INVENTORY FINISHED PRODUCTS,3.0,198.45,66.15,1
10000431,BAN-FG,1201002,INVENTORY FINISHED PRODUCTS,190.0,12543.8,66.02,3
10000431,KER-FG,1201002,INVENTORY FINISHED PRODUCTS,38.0,2508.76,66.02,68
10000431,KER-GEN,1201002,INVENTORY FINISHED PRODUCTS,1.0,66.02,66.02,1
10000431,KER-SR,1201002,INVENTORY FINISHED PRODUCTS,161.0,10629.22,66.02,5
10000431,KLR-FG,1201002,INVENTORY FINISHED PRODUCTS,1852.0,122269.04,66.02,221
10000431,KLR-SER,1201002,INVENTORY FINISHED PRODUCTS,3.0,198.06,66.02,2
10000431,KLR-SR,1201002,INVENTORY FINISHED PRODUCTS,354.0,23371.08,66.02,22
10000431,VIJW-FG,1201002,INVENTORY FINISHED PRODUCTS,150.0,9903.0,66.02,47
10000431,VIJW-GEN,1201002,INVENTORY FINISHED PRODUCTS,3.0,198.06,66.02,1
10000432,BAN-FG,1201002,INVENTORY FINISHED PRODUCTS,100.0,6615.0,66.15,2
10000432,KER-FG,1201002,INVENTORY FINISHED PRODUCTS,1.0,66.15,66.15,64
10000432,KER-GEN,1201002,INVENTORY FINISHED PRODUCTS,2.0,132.3,66.15,1
10000432,KER-SR,1201002,INVENTORY FINISHED PRODUCTS,78.0,5159.7,66.15,4
10000432,KLR-FG,1201002,INVENTORY FINISHED PRODUCTS,1155.0,76403.25,66.15,323
10000432,KLR-SER,1201002,INVENTORY FINISHED PRODUCTS,2.0,132.3,66.15,5
10000432,KLR-SR,1201002,INVENTORY FINISHED PRODUCTS,171.0,11311.65,66.15,33
10000432,VIJW-FG,1201002,INVENTORY FINISHED PRODUCTS,200.0,13230.0,66.15,70
10000433,KER-FG,1201002,INVENTORY FINISHED PRODUCTS,76.0,1781.44,23.44,28
10000433,KER-GEN,1201002,INVENTORY FINISHED PRODUCTS,1.0,23.44,23.44,1
10000433,KLR-EXS,1201002,INVENTORY FINISHED PRODUCTS,334.0,7828.96,23.44,1
10000433,KLR-FG,1201002,INVENTORY FINISHED PRODUCTS,475.0,11134.0,23.44,203
10000433,KLR-SER,1201002,INVENTORY FINISHED PRODUCTS,2.0,46.88,23.44,1
10000433,KLR-SR,1201002,INVENTORY FINISHED PRODUCTS,479.0,11227.76,23.44,17
10000433,VIJW-GEN,1201002,INVENTORY FINISHED PRODUCTS,66.0,1547.04,23.44,1
10000434,KER-FG,1201002,INVENTORY FINISHED PRODUCTS,82.0,2127.9,25.95,31
10000434,KER-GEN,1201002,INVENTORY FINISHED PRODUCTS,3.0,77.85,25.95,1
10000434,KLR-FG,1201002,INVENTORY FINISHED PRODUCTS,577.0,14973.15,25.95,170
10000434,KLR-SER,1201002,INVENTORY FINISHED PRODUCTS,1.0,25.95,25.95,1
10000434,KLR-SR,1201002,INVENTORY FINISHED PRODUCTS,385.0,9990.75,25.95,13
10000434,VIJW-GEN,1201002,INVENTORY FINISHED PRODUCTS,116.0,3010.2,25.95,1
10000435,KER-FG,1201002,INVENTORY FINISHED PRODUCTS,70.0,3241.0,46.3,48
10000435,KER-GEN,1201002,INVENTORY FINISHED PRODUCTS,50.0,2315.0,46.3,1
10000435,KLR-FG,1201002,INVENTORY FINISHED PRODUCTS,72.0,3333.6,46.3,175
10000435,KLR-SER,1201002,INVENTORY FINISHED PRODUCTS,2.0,92.6,46.3,2
10000435,KLR-SR,1201002,INVENTORY FINISHED PRODUCTS,290.0,13427.0,46.3,14
10000435,VIJW-FG,1201002,INVENTORY FINISHED PRODUCTS,100.0,4630.0,46.3,18
10000435,VIJW-GEN,1201002,INVENTORY FINISHED PRODUCTS,104.0,4815.2,46.3,1
10000436,KER-FG,1201002,INVENTORY FINISHED PRODUCTS,70.0,3520.3,50.29,45
10000436,KER-GEN,1201002,INVENTORY FINISHED PRODUCTS,50.0,2514.5,50.29,1
10000436,KLR-EXS,1201002,INVENTORY FINISHED PRODUCTS,149.0,7493.21,50.29,1
10000436,KLR-FG,1201002,INVENTORY FINISHED PRODUCTS,1910.0,96053.9,50.29,149
10000436,KLR-SER,1201002,INVENTORY FINISHED PRODUCTS,1.0,50.29,50.29,1
10000436,KLR-SR,1201002,INVENTORY FINISHED PRODUCTS,452.0,22731.08,50.29,12
10000436,VIJW-FG,1201002,INVENTORY FINISHED PRODUCTS,100.0,5029.0,50.29,15
10000436,VIJW-GEN,1201002,INVENTORY FINISHED PRODUCTS,154.0,7744.66,50.29,1
10000437,KER-FG,1201002,INVENTORY FINISHED PRODUCTS,-50.0,0.0,0.0,4
10000437,KER-SR,1201002,INVENTORY FINISHED PRODUCTS,50.0,2763.5,55.27,3
10000437,KLR-EXS,1201002,INVENTORY FINISHED PRODUCTS,196.0,10832.92,55.27,4
10000437,VIJW-GEN,1201002,INVENTORY FINISHED PRODUCTS,138.0,7627.26,55.27,1
10000438,KLR-FG,1201002,INVENTORY FINISHED PRODUCTS,168.0,9285.36,55.27,146
10000438,KLR-SER,1201002,INVENTORY FINISHED PRODUCTS,5.0,276.35,55.27,1
10000438,KLR-SR,1201002,INVENTORY FINISHED PRODUCTS,144.0,7958.88,55.27,12
10000438,VIJW-GEN,1201002,INVENTORY FINISHED PRODUCTS,130.0,7185.1,55.27,1
10000439,KER-FG,1201002,INVENTORY FINISHED PRODUCTS,-40.0,0.0,0.0,4
10000439,KER-SR,1201002,INVENTORY FINISHED PRODUCTS,40.0,1370.4,34.26,1
10000439,KLR-EXS,1201002,INVENTORY FINISHED PRODUCTS,111.0,3802.86,34.26,3
10000439,KLR-FG,1201002,INVENTORY FINISHED PRODUCTS,117.0,4008.42,34.26,133
10000439,KLR-SR,1201002,INVENTORY FINISHED PRODUCTS,398.0,13635.48,34.26,11
10000439,VIJW-GEN,1201002,INVENTORY FINISHED PRODUCTS,90.0,3083.4,34.26,1
10000440,KER-FG,1201002,INVENTORY FINISHED PRODUCTS,-37.0,0.0,0.0,4
10000440,KER-SR,1201002,INVENTORY FINISHED PRODUCTS,37.0,2447.55,66.15,1
10000440,KLR-EXS,1201002,INVENTORY FINISHED PRODUCTS,58.0,3836.7,66.15,1
10000440,KLR-FG,1201002,INVENTORY FINISHED PRODUCTS,4171.0,275911.65,66.15,53
10000440,KLR-SER,1201002,INVENTORY FINISHED PRODUCTS,6.0,396.9,66.15,1
10000440,KLR-SR,1201002,INVENTORY FINISHED PRODUCTS,117.0,7739.55,66.15,10
10000440,VIJW-GEN,1201002,INVENTORY FINISHED PRODUCTS,91.0,6019.65,66.15,1
10000441,KER-SR,1201002,INVENTORY FINISHED PRODUCTS,66.0,4357.32,66.02,1
10000441,KLR-EXS,1201002,INVENTORY FINISHED PRODUCTS,57.0,3763.14,66.02,3
10000441,KLR-FG,1201002,INVENTORY FINISHED PRODUCTS,26.0,1716.52,66.02,60
10000441,KLR-SER,1201002,INVENTORY FINISHED PRODUCTS,8.0,528.16,66.02,2
10000441,KLR-SR,1201002,INVENTORY FINISHED PRODUCTS,215.0,14194.3,66.02,11
10000441,VIJW-GEN,1201002,INVENTORY FINISHED PRODUCTS,138.0,9110.76,66.02,1
10000442,KER-SR,1201002,INVENTORY FINISHED PRODUCTS,94.0,6218.1,66.15,4
10000442,KLR-EXS,1201002,INVENTORY FINISHED PRODUCTS,21.0,1389.15,66.15,3
10000442,KLR-FG,1201002,INVENTORY FINISHED PRODUCTS,365.0,24144.75,66.15,128
10000442,KLR-SER,1201002,INVENTORY FINISHED PRODUCTS,3.0,198.45,66.15,1
10000442,KLR-SR,1201002,INVENTORY FINISHED PRODUCTS,174.0,11510.1,66.15,8
10000442,VIJW-GEN,1201002,INVENTORY FINISHED PRODUCTS,188.0,12436.2,66.15,1
10000443,KER-FG,1201002,INVENTORY FINISHED PRODUCTS,-50.0,0.0,0.0,4
10000443,KER-SR,1201002,INVENTORY FINISHED PRODUCTS,50.0,2294.5,45.89,3
10000443,KLR-FG,1201002,INVENTORY FINISHED PRODUCTS,2945.0,135146.05,45.89,42
10000443,KLR-SER,1201002,INVENTORY FINISHED PRODUCTS,1.0,45.89,45.89,1
10000443,KLR-SR,1201002,INVENTORY FINISHED PRODUCTS,418.0,19182.02,45.89,12
10000443,VIJW-GEN,1201002,INVENTORY FINISHED PRODUCTS,188.0,8627.32,45.89,1
10000444,KER-FG,1201002,INVENTORY FINISHED PRODUCTS,-7.0,0.0,0.0,4
10000444,KER-SR,1201002,INVENTORY FINISHED PRODUCTS,7.0,315.63,45.09,1
10000444,KLR-FG,1201002,INVENTORY FINISHED PRODUCTS,384.0,17314.56,45.09,96
10000444,KLR-SER,1201002,INVENTORY FINISHED PRODUCTS,98.0,4418.82,45.09,2
10000444,KLR-SR,1201002,INVENTORY FINISHED PRODUCTS,68.0,3066.12,45.09,6
10000444,VIJW-GEN,1201002,INVENTORY FINISHED PRODUCTS,170.0,7665.3,45.09,1
10000445,KER-FG,1201002,INVENTORY FINISHED PRODUCTS,-54.0,0.0,0.0,4
10000445,KER-SR,1201002,INVENTORY FINISHED PRODUCTS,54.0,3572.1,66.15,1
10000445,KLR-FG,1201002,INVENTORY FINISHED PRODUCTS,2699.0,178538.85,66.15,79
10000445,KLR-SER,1201002,INVENTORY FINISHED PRODUCTS,145.0,9591.75,66.15,2
10000445,KLR-SR,1201002,INVENTORY FINISHED PRODUCTS,271.0,17926.65,66.15,13
10000445,VIJW-GEN,1201002,INVENTORY FINISHED PRODUCTS,100.0,6615.0,66.15,1
10000446,KER-FG,1201002,INVENTORY FINISHED PRODUCTS,-52.0,0.0,0.0,4
10000446,KER-SR,1201002,INVENTORY FINISHED PRODUCTS,52.0,2344.68,45.09,1
10000446,KLR-EXS,1201002,INVENTORY FINISHED PRODUCTS,160.0,7214.4,45.09,5
10000446,VIJW-GEN,1201002,INVENTORY FINISHED PRODUCTS,126.0,5681.34,45.09,1
10000447,KLR-EXS,1201002,INVENTORY FINISHED PRODUCTS,1093.0,277731.3,254.1,1
10000448,BAN-FG,1201002,INVENTORY FINISHED PRODUCTS,33.0,5555.22,168.34,4
10000448,KER-FG,1201002,INVENTORY FINISHED PRODUCTS,24.0,4040.16,168.34,29
10000448,KER-SR,1201002,INVENTORY FINISHED PRODUCTS,19.0,3198.46,168.34,3
10000448,KLR-EXS,1201002,INVENTORY FINISHED PRODUCTS,18.0,3030.12,168.34,7
10000448,KLR-FG,1201002,INVENTORY FINISHED PRODUCTS,-18.0,-3030.12,168.34,191
10000448,KLR-QC,1201002,INVENTORY FINISHED PRODUCTS,37.0,6228.58,168.34,5
10000448,KLR-SER,1201002,INVENTORY FINISHED PRODUCTS,6.0,1010.04,168.34,4
10000448,KLR-SR,1201002,INVENTORY FINISHED PRODUCTS,25.0,4208.5,168.34,16
10000449,KER-GEN,1201002,INVENTORY FINISHED PRODUCTS,205.0,5043.0,24.6,1
10000449,KLR-EXS,1201002,INVENTORY FINISHED PRODUCTS,904.0,22238.4,24.6,1
10000449,KLR-FG,1201002,INVENTORY FINISHED PRODUCTS,2923.0,71905.8,24.6,126
10000449,KLR-SR,1201002,INVENTORY FINISHED PRODUCTS,363.0,8929.8,24.6,21
10000449,VIJW-GEN,1201002,INVENTORY FINISHED PRODUCTS,5.0,123.0,24.6,1
10000450,KER-FG,1201002,INVENTORY FINISHED PRODUCTS,182.0,4904.9,26.95,35
10000450,KER-GEN,1201002,INVENTORY FINISHED PRODUCTS,1.0,26.95,26.95,1
10000450,KER-SR,1201002,INVENTORY FINISHED PRODUCTS,163.0,4392.85,26.95,4
10000450,KLR-FG,1201002,INVENTORY FINISHED PRODUCTS,3919.0,105617.05,26.95,166
10000450,KLR-SR,1201002,INVENTORY FINISHED PRODUCTS,429.0,11561.55,26.95,19
10000451,KER-FG,1201002,INVENTORY FINISHED PRODUCTS,182.0,5569.2,30.6,32
10000451,KER-GEN,1201002,INVENTORY FINISHED PRODUCTS,15.0,459.0,30.6,1
10000451,KER-SR,1201002,INVENTORY FINISHED PRODUCTS,1.0,30.6,30.6,3
10000451,KLR-FG,1201002,INVENTORY FINISHED PRODUCTS,3846.0,117687.6,30.6,170
10000451,KLR-SR,1201002,INVENTORY FINISHED PRODUCTS,480.0,14688.0,30.6,23
10000451,VIJW-GEN,1201002,INVENTORY FINISHED PRODUCTS,6.0,183.6,30.6,1
10000452,BAN-FG,1201002,INVENTORY FINISHED PRODUCTS,100.0,6615.0,66.15,1
10000452,KER-FG,1201002,INVENTORY FINISHED PRODUCTS,2.0,132.3,66.15,58
10000452,KER-GEN,1201002,INVENTORY FINISHED PRODUCTS,4.0,264.6,66.15,1
10000452,KER-SR,1201002,INVENTORY FINISHED PRODUCTS,85.0,5622.75,66.15,2
10000452,KLR-FG,1201002,INVENTORY FINISHED PRODUCTS,221.0,14619.15,66.15,207
10000452,KLR-SR,1201002,INVENTORY FINISHED PRODUCTS,75.0,4961.25,66.15,37
10000452,VIJW-GEN,1201002,INVENTORY FINISHED PRODUCTS,272.0,17992.8,66.15,1
10000453,BAN-FG,1201002,INVENTORY FINISHED PRODUCTS,50.0,1889.0,37.78,2
10000453,KER-FG,1201002,INVENTORY FINISHED PRODUCTS,100.0,3778.0,37.78,69
10000453,KER-GEN,1201002,INVENTORY FINISHED PRODUCTS,26.0,982.28,37.78,1
10000453,KER-SR,1201002,INVENTORY FINISHED PRODUCTS,44.0,1662.32,37.78,2
10000453,KLR-FG,1201002,INVENTORY FINISHED PRODUCTS,141.0,5326.98,37.78,297
10000453,KLR-SER,1201002,INVENTORY FINISHED PRODUCTS,1.0,37.78,37.78,14
10000453,KLR-SR,1201002,INVENTORY FINISHED PRODUCTS,199.0,7518.22,37.78,36
10000453,VIJW-FG,1201002,INVENTORY FINISHED PRODUCTS,-22.0,-831.16,37.78,72
10000453,VIJW-GEN,1201002,INVENTORY FINISHED PRODUCTS,194.0,7329.32,37.78,1
10000454,KER-SR,1201002,INVENTORY FINISHED PRODUCTS,20.0,1274.8,63.74,1
10000454,KLR-EXS,1201002,INVENTORY FINISHED PRODUCTS,2.0,127.48,63.74,2
10000454,KLR-FG,1201002,INVENTORY FINISHED PRODUCTS,36.0,2294.64,63.74,244
10000454,VIJW-GEN,1201002,INVENTORY FINISHED PRODUCTS,24.0,1529.76,63.74,1
10000455,KER-FG,1201002,INVENTORY FINISHED PRODUCTS,20.0,7459.6,372.98,37
10000455,KER-GEN,1201002,INVENTORY FINISHED PRODUCTS,7.0,2610.86,372.98,1
10000455,KER-SR,1201002,INVENTORY FINISHED PRODUCTS,22.0,8205.56,372.98,4
10000455,KLR-FG,1201002,INVENTORY FINISHED PRODUCTS,177.0,66017.46,372.98,109
10000455,KLR-SER,1201002,INVENTORY FINISHED PRODUCTS,1.0,372.98,372.98,3
10000455,KLR-SR,1201002,INVENTORY FINISHED PRODUCTS,27.0,10070.46,372.98,8
10000455,VIJW-FG,1201002,INVENTORY FINISHED PRODUCTS,16.0,5967.68,372.98,34
10000455,VIJW-GEN,1201002,INVENTORY FINISHED PRODUCTS,12.0,4475.76,372.98,1
10000456,BAN-FG,1201002,INVENTORY FINISHED PRODUCTS,76.0,2166.76,28.51,10
10000456,KER-GEN,1201002,INVENTORY FINISHED PRODUCTS,13.0,370.63,28.51,1
10000456,KER-SR,1201002,INVENTORY FINISHED PRODUCTS,88.0,2508.88,28.51,4
10000456,KLR-FG,1201002,INVENTORY FINISHED PRODUCTS,182.0,5188.82,28.51,265
10000456,KLR-SER,1201002,INVENTORY FINISHED PRODUCTS,5.0,142.55,28.51,7
10000456,KLR-SR,1201002,INVENTORY FINISHED PRODUCTS,13.0,370.63,28.51,24
10000456,VIJW-FG,1201002,INVENTORY FINISHED PRODUCTS,250.0,7127.5,28.51,56
10000456,VIJW-GEN,1201002,INVENTORY FINISHED PRODUCTS,63.0,1796.13,28.51,1
10000457,KER-SR,1201002,INVENTORY FINISHED PRODUCTS,22.0,6791.4,308.7,3
10000457,KLR-FG,1201002,INVENTORY FINISHED PRODUCTS,136.0,41983.2,308.7,151
10000457,KLR-SR,1201002,INVENTORY FINISHED PRODUCTS,19.0,5865.3,308.7,24
10000457,VIJW-FG,1201002,INVENTORY FINISHED PRODUCTS,-4.0,-1234.8,308.7,53
10000458,KER-FG,1201002,INVENTORY FINISHED PRODUCTS,-3.0,0.0,0.0,4
10000458,KER-SR,1201002,INVENTORY FINISHED PRODUCTS,3.0,681.42,227.14,1
10000458,KLR-EXS,1201002,INVENTORY FINISHED PRODUCTS,7.0,1589.98,227.14,1
10000458,KLR-FG,1201002,INVENTORY FINISHED PRODUCTS,688.0,156272.32,227.14,12
10000458,KLR-SER,1201002,INVENTORY FINISHED PRODUCTS,61.0,15899.8,260.652459,10
10000458,KLR-SR,1201002,INVENTORY FINISHED PRODUCTS,41.0,9312.74,227.14,11
10000458,VIJW-GEN,1201002,INVENTORY FINISHED PRODUCTS,32.0,7268.48,227.14,1
10000459,KER-GEN,1201002,INVENTORY FINISHED PRODUCTS,30.0,5239.2,174.64,1
10000459,KER-SR,1201002,INVENTORY FINISHED PRODUCTS,11.0,1921.04,174.64,3
10000459,KLR-EXS,1201002,INVENTORY FINISHED PRODUCTS,80.0,13971.2,174.64,1
10000459,KLR-FG,1201002,INVENTORY FINISHED PRODUCTS,106.0,18511.84,174.64,39
10000459,KLR-SER,1201002,INVENTORY FINISHED PRODUCTS,3.0,523.92,174.64,1
10000459,KLR-SR,1201002,INVENTORY FINISHED PRODUCTS,167.0,29164.88,174.64,17
10000459,VIJW-GEN,1201002,INVENTORY FINISHED PRODUCTS,21.0,3667.44,174.64,1
10000460,KER-GEN,1201002,INVENTORY FINISHED PRODUCTS,30.0,4325.7,144.19,1
10000460,KER-SR,1201002,INVENTORY FINISHED PRODUCTS,56.0,8074.64,144.19,4
10000460,KLR-EXS,1201002,INVENTORY FINISHED PRODUCTS,33.0,4758.27,144.19,1
10000460,KLR-FG,1201002,INVENTORY FINISHED PRODUCTS,216.0,31145.04,144.19,31
10000460,KLR-SER,1201002,INVENTORY FINISHED PRODUCTS,5.0,720.95,144.19,2
10000460,KLR-SR,1201002,INVENTORY FINISHED PRODUCTS,115.0,16581.85,144.19,17
10000460,VIJW-GEN,1201002,INVENTORY FINISHED PRODUCTS,32.0,4614.08,144.19,1
10000461,KER-GEN,1201002,INVENTORY FINISHED PRODUCTS,130.0,10262.2,78.94,1
10000461,KER-SR,1201002,INVENTORY FINISHED PRODUCTS,66.0,5210.04,78.94,6
10000461,KLR-EXS,1201002,INVENTORY FINISHED PRODUCTS,67.0,5288.98,78.94,1
10000461,KLR-FG,1201002,INVENTORY FINISHED PRODUCTS,63.0,4973.22,78.94,235
10000461,KLR-SER,1201002,INVENTORY FINISHED PRODUCTS,1.0,78.94,78.94,8
10000461,KLR-SR,1201002,INVENTORY FINISHED PRODUCTS,36.0,2841.84,78.94,27
10000462,KER-GEN,1201002,INVENTORY FINISHED PRODUCTS,30.0,6184.2,206.14,1
10000462,KER-SR,1201002,INVENTORY FINISHED PRODUCTS,15.0,3092.1,206.14,1
10000462,KLR-EXS,1201002,INVENTORY FINISHED PRODUCTS,145.0,29890.3,206.14,1
10000462,KLR-FG,1201002,INVENTORY FINISHED PRODUCTS,63.0,12986.82,206.14,33
10000462,KLR-SER,1201002,INVENTORY FINISHED PRODUCTS,39.0,8039.46,206.14,3
10000462,KLR-SR,1201002,INVENTORY FINISHED PRODUCTS,116.0,23912.24,206.14,12
10000462,VIJW-GEN,1201002,INVENTORY FINISHED PRODUCTS,21.0,4328.94,206.14,1
10000463,KER-GEN,1201002,INVENTORY FINISHED PRODUCTS,12.0,2776.08,231.34,1
10000463,KER-SR,1201002,INVENTORY FINISHED PRODUCTS,43.0,9947.62,231.34,4
10000463,KLR-EXS,1201002,INVENTORY FINISHED PRODUCTS,60.0,13880.4,231.34,5
10000464,KER-SR,1201002,INVENTORY FINISHED PRODUCTS,9.0,3735.81,415.09,3
10000464,KLR-FG,1201002,INVENTORY FINISHED PRODUCTS,46.0,19094.14,415.09,105
10000464,KLR-SER,1201002,INVENTORY FINISHED PRODUCTS,-3.0,415.09,-138.363333,15
10000464,KLR-SR,1201002,INVENTORY FINISHED PRODUCTS,12.0,4981.08,415.09,17
10000464,VIJW-FG,1201002,INVENTORY FINISHED PRODUCTS,-6.0,-2490.54,415.09,52
10000464,VIJW-GEN,1201002,INVENTORY FINISHED PRODUCTS,15.0,6226.35,415.09,1
10000465,KER-GEN,1201002,INVENTORY FINISHED PRODUCTS,24.0,2981.76,124.24,1
10000465,KLR-EXS,1201002,INVENTORY FINISHED PRODUCTS,9.0,1118.16,124.24,1
10000465,KLR-FG,1201002,INVENTORY FINISHED PRODUCTS,66.0,8199.84,124.24,96
10000465,KLR-SER,1201002,INVENTORY FINISHED PRODUCTS,1.0,124.24,124.24,6
10000465,VIJW-GEN,1201002,INVENTORY FINISHED PRODUCTS,12.0,1490.88,124.24,1
10000466,KER-GEN,1201002,INVENTORY FINISHED PRODUCTS,4.0,382.2,95.55,1
10000466,KER-SR,1201002,INVENTORY FINISHED PRODUCTS,60.0,5733.0,95.55,4
10000466,KLR-EXS,1201002,INVENTORY FINISHED PRODUCTS,6.0,573.3,95.55,6
10000466,KLR-SR,1201002,INVENTORY FINISHED PRODUCTS,101.0,9650.55,95.55,22
10000466,VIJW-GEN,1201002,INVENTORY FINISHED PRODUCTS,1.0,95.55,95.55,1
10000467,KLR-FG,1201002,INVENTORY FINISHED PRODUCTS,17.0,3266.55,192.15,91
10000467,KLR-SER,1201002,INVENTORY FINISHED PRODUCTS,-18.0,0.0,0.0,5
10000467,KLR-SR,1201002,INVENTORY FINISHED PRODUCTS,27.0,5188.05,192.15,23
10000467,VIJW-GEN,1201002,INVENTORY FINISHED PRODUCTS,34.0,6533.1,192.15,1
10000468,KER-GEN,1201002,INVENTORY FINISHED PRODUCTS,22.0,7154.84,325.22,1
10000468,KER-SR,1201002,INVENTORY FINISHED PRODUCTS,34.0,11057.48,325.22,4
10000468,KLR-EXS,1201002,INVENTORY FINISHED PRODUCTS,6.0,1951.32,325.22,1
10000468,KLR-FG,1201002,INVENTORY FINISHED PRODUCTS,628.0,204238.16,325.22,44
10000468,KLR-SER,1201002,INVENTORY FINISHED PRODUCTS,1.0,325.22,325.22,4
10000468,KLR-SR,1201002,INVENTORY FINISHED PRODUCTS,9.0,2926.98,325.22,8
10000468,VIJW-GEN,1201002,INVENTORY FINISHED PRODUCTS,8.0,2601.76,325.22,1
10000469,BAN-FG,1201002,INVENTORY FINISHED PRODUCTS,63.0,7634.97,121.19,1
10000469,KER-GEN,1201002,INVENTORY FINISHED PRODUCTS,222.0,26904.18,121.19,1
10000469,KER-SR,1201002,INVENTORY FINISHED PRODUCTS,53.0,6423.07,121.19,2
10000469,KLR-EXS,1201002,INVENTORY FINISHED PRODUCTS,72.0,8725.68,121.19,1
10000469,KLR-FG,1201002,INVENTORY FINISHED PRODUCTS,135.0,16360.65,121.19,259
10000469,KLR-SER,1201002,INVENTORY FINISHED PRODUCTS,-2.0,242.38,-121.19,11
10000469,KLR-SR,1201002,INVENTORY FINISHED PRODUCTS,61.0,7392.59,121.19,28
10000470,KLR-EXS,1201002,INVENTORY FINISHED PRODUCTS,112.0,3909.92,34.91,2
10000470,KLR-SER,1201002,INVENTORY FINISHED PRODUCTS,-1.0,0.0,0.0,3
10000471,KER-SR,1201002,INVENTORY FINISHED PRODUCTS,25.0,10347.25,413.89,5
10000471,KLR-EXS,1201002,INVENTORY FINISHED PRODUCTS,67.0,27730.63,413.89,10
10000472,BAN-FG,1201002,INVENTORY FINISHED PRODUCTS,32.0,978.24,30.57,5
10000472,KER-FG,1201002,INVENTORY FINISHED PRODUCTS,150.0,4585.5,30.57,70
10000472,KER-GEN,1201002,INVENTORY FINISHED PRODUCTS,5.0,152.85,30.57,1
10000472,KER-SR,1201002,INVENTORY FINISHED PRODUCTS,100.0,3057.0,30.57,4
10000472,KLR-EXS,1201002,INVENTORY FINISHED PRODUCTS,218.0,6664.26,30.57,1
10000472,KLR-FG,1201002,INVENTORY FINISHED PRODUCTS,10.0,305.7,30.57,270
10000472,KLR-SER,1201002,INVENTORY FINISHED PRODUCTS,-1.0,0.0,0.0,7
10000472,VIJW-FG,1201002,INVENTORY FINISHED PRODUCTS,150.0,4585.5,30.57,74
10000472,VIJW-GEN,1201002,INVENTORY FINISHED PRODUCTS,83.0,2537.31,30.57,1
10000473,BAN-FG,1201002,INVENTORY FINISHED PRODUCTS,100.0,3761.0,37.61,1
10000473,KER-GEN,1201002,INVENTORY FINISHED PRODUCTS,51.0,1918.11,37.61,1
10000473,KER-SR,1201002,INVENTORY FINISHED PRODUCTS,50.0,1880.5,37.61,3
10000473,KLR-FG,1201002,INVENTORY FINISHED PRODUCTS,639.0,24032.79,37.61,273
10000473,KLR-SR,1201002,INVENTORY FINISHED PRODUCTS,16.0,601.76,37.61,34
10000473,VIJW-FG,1201002,INVENTORY FINISHED PRODUCTS,38.0,1429.18,37.61,36
10000473,VIJW-GEN,1201002,INVENTORY FINISHED PRODUCTS,52.0,1955.72,37.61,1
10000474,KER-SR,1201002,INVENTORY FINISHED PRODUCTS,23.0,8339.57,362.59,4
10000474,KLR-EXS,1201002,INVENTORY FINISHED PRODUCTS,181.0,65628.79,362.59,5
10000475,KER-GEN,1201002,INVENTORY FINISHED PRODUCTS,30.0,7129.2,237.64,1
10000475,KER-SR,1201002,INVENTORY FINISHED PRODUCTS,14.0,3326.96,237.64,1
10000475,KLR-EXS,1201002,INVENTORY FINISHED PRODUCTS,58.0,13783.12,237.64,1
10000475,KLR-FG,1201002,INVENTORY FINISHED PRODUCTS,93.0,22100.52,237.64,29
10000475,KLR-SER,1201002,INVENTORY FINISHED PRODUCTS,1.0,237.64,237.64,1
10000475,KLR-SR,1201002,INVENTORY FINISHED PRODUCTS,112.0,26615.68,237.64,19
10000475,VIJW-GEN,1201002,INVENTORY FINISHED PRODUCTS,25.0,5941.0,237.64,1
10000476,KER-FG,1201002,INVENTORY FINISHED PRODUCTS,8.0,1909.52,238.69,94
10000476,KER-SR,1201002,INVENTORY FINISHED PRODUCTS,40.0,9547.6,238.69,4
10000476,KLR-EXS,1201002,INVENTORY FINISHED PRODUCTS,7.0,1670.83,238.69,1
10000476,KLR-FG,1201002,INVENTORY FINISHED PRODUCTS,43.0,10263.67,238.69,132
10000476,KLR-SER,1201002,INVENTORY FINISHED PRODUCTS,1.0,238.69,238.69,4
10000476,KLR-SR,1201002,INVENTORY FINISHED PRODUCTS,7.0,1670.83,238.69,11
10000476,VIJW-GEN,1201002,INVENTORY FINISHED PRODUCTS,29.0,6922.01,238.69,1
10000477,BAN-FG,1201002,INVENTORY FINISHED PRODUCTS,50.0,2254.5,45.09,2
10000477,KER-GEN,1201002,INVENTORY FINISHED PRODUCTS,279.0,12580.11,45.09,1
10000477,KER-SR,1201002,INVENTORY FINISHED PRODUCTS,158.0,7124.22,45.09,2
10000477,KLR-FG,1201002,INVENTORY FINISHED PRODUCTS,1408.24052,63497.57,45.090004,261
10000477,KLR-SER,1201002,INVENTORY FINISHED PRODUCTS,396.75948,17889.88,45.089988,3
10000477,KLR-SR,1201002,INVENTORY FINISHED PRODUCTS,109.0,4914.81,45.09,27
10000477,VIJW-FG,1201002,INVENTORY FINISHED PRODUCTS,200.0,9018.0,45.09,64
10000477,VIJW-GEN,1201002,INVENTORY FINISHED PRODUCTS,25.0,1127.25,45.09,1
10000478,BAN-FG,1201002,INVENTORY FINISHED PRODUCTS,28.0,6221.88,222.21,3
10000478,KER-SR,1201002,INVENTORY FINISHED PRODUCTS,13.0,2888.73,222.21,1
10000478,KLR-EXS,1201002,INVENTORY FINISHED PRODUCTS,70.0,15554.7,222.21,3
10000478,KLR-QC,1201002,INVENTORY FINISHED PRODUCTS,11.0,2444.31,222.21,10
10000478,KLR-SER,1201002,INVENTORY FINISHED PRODUCTS,-1.0,0.0,0.0,15
10000478,VIJW-GEN,1201002,INVENTORY FINISHED PRODUCTS,11.0,2444.31,222.21,1
10000479,BAN-FG,1201002,INVENTORY FINISHED PRODUCTS,129.0,7418.79,57.51,7
10000479,KER-FG,1201002,INVENTORY FINISHED PRODUCTS,44.0,2530.44,57.51,60
10000479,KER-SR,1201002,INVENTORY FINISHED PRODUCTS,53.0,3048.03,57.51,4
10000479,KLR-EXS,1201002,INVENTORY FINISHED PRODUCTS,17.0,977.67,57.51,3
10000479,KLR-FG,1201002,INVENTORY FINISHED PRODUCTS,4.0,230.04,57.51,232
10000479,KLR-SER,1201002,INVENTORY FINISHED PRODUCTS,4.0,230.04,57.51,3
10000479,KLR-SR,1201002,INVENTORY FINISHED PRODUCTS,56.0,3220.56,57.51,25
10000479,VIJW-FG,1201002,INVENTORY FINISHED PRODUCTS,200.0,11502.0,57.51,44
10000479,VIJW-GEN,1201002,INVENTORY FINISHED PRODUCTS,52.0,2990.52,57.51,1
10000480,KER-GEN,1201002,INVENTORY FINISHED PRODUCTS,24.0,10075.44,419.81,1
10000480,KLR-FG,1201002,INVENTORY FINISHED PRODUCTS,67.0,28127.27,419.81,98
10000480,KLR-QC,1201002,INVENTORY FINISHED PRODUCTS,596.0,250206.76,419.81,8
10000480,KLR-SER,1201002,INVENTORY FINISHED PRODUCTS,3.0,1259.43,419.81,7
10000480,KLR-SR,1201002,INVENTORY FINISHED PRODUCTS,180.0,75565.8,419.81,21
10000480,VIJW-GEN,1201002,INVENTORY FINISHED PRODUCTS,18.0,7556.58,419.81,1
10000481,KER-SR,1201002,INVENTORY FINISHED PRODUCTS,42.0,17742.48,422.44,4
10000481,KLR-EXS,1201002,INVENTORY FINISHED PRODUCTS,26.0,10983.44,422.44,4
10000482,KER-SR,1201002,INVENTORY FINISHED PRODUCTS,20.0,13358.4,667.92,2
10000482,KLR-EXS,1201002,INVENTORY FINISHED PRODUCTS,27.0,18033.84,667.92,8
10000482,KLR-FG,1201002,INVENTORY FINISHED PRODUCTS,-7.0,-4675.44,667.92,207
10000483,KER-GEN,1201002,INVENTORY FINISHED PRODUCTS,18.0,4485.42,249.19,1
10000483,KLR-EXS,1201002,INVENTORY FINISHED PRODUCTS,79.0,19686.01,249.19,3
10000483,KLR-SER,1201002,INVENTORY FINISHED PRODUCTS,-10.0,0.0,0.0,8
10000483,VIJW-GEN,1201002,INVENTORY FINISHED PRODUCTS,31.0,7724.89,249.19,1
10000484,BAN-FG,1201002,INVENTORY FINISHED PRODUCTS,6.0,1701.0,283.5,9
10000484,KER-GEN,1201002,INVENTORY FINISHED PRODUCTS,12.0,3402.0,283.5,1
10000484,KER-SR,1201002,INVENTORY FINISHED PRODUCTS,30.0,8505.0,283.5,5
10000484,KLR-EXS,1201002,INVENTORY FINISHED PRODUCTS,11.0,3118.5,283.5,1
10000484,KLR-FG,1201002,INVENTORY FINISHED PRODUCTS,8.0,2268.0,283.5,414
10000484,KLR-SER,1201002,INVENTORY FINISHED PRODUCTS,1.0,283.5,283.5,19
10000484,KLR-SR,1201002,INVENTORY FINISHED PRODUCTS,43.0,12190.5,283.5,31
10000484,VIJW-FG,1201002,INVENTORY FINISHED PRODUCTS,48.0,13608.0,283.5,86
10000486,KER-FG,1201002,INVENTORY FINISHED PRODUCTS,50.0,1592.0,31.84,44
10000486,KER-GEN,1201002,INVENTORY FINISHED PRODUCTS,15.0,477.6,31.84,1
10000486,KER-SR,1201002,INVENTORY FINISHED PRODUCTS,81.0,2579.04,31.84,4
10000486,KLR-FG,1201002,INVENTORY FINISHED PRODUCTS,266.0,8469.44,31.84,315
10000486,KLR-SR,1201002,INVENTORY FINISHED PRODUCTS,104.0,3311.36,31.84,32
10000486,VIJW-FG,1201002,INVENTORY FINISHED PRODUCTS,38.0,1209.92,31.84,43
10000486,VIJW-GEN,1201002,INVENTORY FINISHED PRODUCTS,8.0,254.72,31.84,1
10000487,KER-SR,1201002,INVENTORY FINISHED PRODUCTS,13.0,3239.47,249.19,4
10000487,KLR-EXS,1201002,INVENTORY FINISHED PRODUCTS,1.0,249.19,249.19,4
10000487,VIJW-FG,1201002,INVENTORY FINISHED PRODUCTS,30.0,7475.7,249.19,25
10000487,VIJW-GEN,1201002,INVENTORY FINISHED PRODUCTS,2.0,498.38,249.19,1
10000488,KER-SR,1201002,INVENTORY FINISHED PRODUCTS,24.0,28696.08,1195.67,2
10000488,KLR-EXS,1201002,INVENTORY FINISHED PRODUCTS,42.0,50218.14,1195.67,2
10000488,KLR-SER,1201002,INVENTORY FINISHED PRODUCTS,-13.0,0.0,0.0,14
10000489,KLR-EXS,1201002,INVENTORY FINISHED PRODUCTS,249.0,51328.86,206.14,2
10000489,KLR-FG,1201002,INVENTORY FINISHED PRODUCTS,110.0,22675.4,206.14,26
10000489,KLR-SER,1201002,INVENTORY FINISHED PRODUCTS,-7.0,0.0,0.0,7
10000489,KLR-SR,1201002,INVENTORY FINISHED PRODUCTS,70.0,14429.8,206.14,9
10000489,VIJW-GEN,1201002,INVENTORY FINISHED PRODUCTS,30.0,6184.2,206.14,1
10000490,BAN-FG,1201002,INVENTORY FINISHED PRODUCTS,144.0,7525.44,52.26,3
10000490,KER-GEN,1201002,INVENTORY FINISHED PRODUCTS,153.0,7995.78,52.26,1
10000490,KER-SR,1201002,INVENTORY FINISHED PRODUCTS,99.0,5173.74,52.26,4
10000490,KLR-EXS,1201002,INVENTORY FINISHED PRODUCTS,362.0,18918.12,52.26,4
10000490,KLR-FG,1201002,INVENTORY FINISHED PRODUCTS,150.0,7839.0,52.26,257
10000490,KLR-SER,1201002,INVENTORY FINISHED PRODUCTS,23.0,1254.24,54.532174,8
10000490,KLR-SR,1201002,INVENTORY FINISHED PRODUCTS,31.0,1620.06,52.26,26
10000490,VIJW-FG,1201002,INVENTORY FINISHED PRODUCTS,150.0,7839.0,52.26,59
10000490,VIJW-GEN,1201002,INVENTORY FINISHED PRODUCTS,50.0,2613.0,52.26,1
10000491,KER-SR,1201002,INVENTORY FINISHED PRODUCTS,13.0,2347.8,180.6,1
10000491,KLR-FG,1201002,INVENTORY FINISHED PRODUCTS,32.0,5779.2,180.6,130
10000491,KLR-SER,1201002,INVENTORY FINISHED PRODUCTS,-5.0,0.0,0.0,8
10000491,KLR-SR,1201002,INVENTORY FINISHED PRODUCTS,41.0,7404.6,180.6,18
10000491,VIJW-GEN,1201002,INVENTORY FINISHED PRODUCTS,40.0,7224.0,180.6,1
10000492,KLR-FG,1201002,INVENTORY FINISHED PRODUCTS,822.0,49459.74,60.17,3
10000492,KLR-SER,1201002,INVENTORY FINISHED PRODUCTS,2.0,180.51,90.255,2
10000492,KLR-SR,1201002,INVENTORY FINISHED PRODUCTS,295.0,17750.15,60.17,4
10000493,KER-GEN,1201002,INVENTORY FINISHED PRODUCTS,12.0,4467.96,372.33,1
10000493,KER-SR,1201002,INVENTORY FINISHED PRODUCTS,43.0,16010.19,372.33,4
10000493,KLR-EXS,1201002,INVENTORY FINISHED PRODUCTS,61.0,22712.13,372.33,3
10000493,KLR-FG,1201002,INVENTORY FINISHED PRODUCTS,257.0,95688.81,372.33,54
10000493,KLR-QC,1201002,INVENTORY FINISHED PRODUCTS,69.0,25690.77,372.33,3
10000493,KLR-SR,1201002,INVENTORY FINISHED PRODUCTS,11.0,4095.63,372.33,7
10000493,VIJW-GEN,1201002,INVENTORY FINISHED PRODUCTS,7.0,2606.31,372.33,1
10000494,KLR-FG,1201002,INVENTORY FINISHED PRODUCTS,28.0,11681.32,417.19,42
10000494,KLR-SR,1201002,INVENTORY FINISHED PRODUCTS,1.0,417.19,417.19,13
10000494,VIJW-GEN,1201002,INVENTORY FINISHED PRODUCTS,18.0,7509.42,417.19,1
10000495,KER-SR,1201002,INVENTORY FINISHED PRODUCTS,22.0,4766.08,216.64,3
10000495,KLR-FG,1201002,INVENTORY FINISHED PRODUCTS,54.0,11698.56,216.64,108
10000495,KLR-SR,1201002,INVENTORY FINISHED PRODUCTS,1.0,216.64,216.64,30
10000495,VIJW-FG,1201002,INVENTORY FINISHED PRODUCTS,60.0,12998.4,216.64,20
10000495,VIJW-GEN,1201002,INVENTORY FINISHED PRODUCTS,2.0,433.28,216.64,1
10000496,KER-SR,1201002,INVENTORY FINISHED PRODUCTS,31.0,8115.49,261.79,5
10000496,KLR-EXS,1201002,INVENTORY FINISHED PRODUCTS,13.0,3403.27,261.79,4
10000496,KLR-SR,1201002,INVENTORY FINISHED PRODUCTS,2.0,523.58,261.79,26
10000497,KER-SR,1201002,INVENTORY FINISHED PRODUCTS,31.0,23133.44,746.24,5
10000497,KLR-EXS,1201002,INVENTORY FINISHED PRODUCTS,35.0,17431.4,498.04,3
10000497,VIJW-GEN,1201002,INVENTORY FINISHED PRODUCTS,6.0,2988.24,498.04,1
10000498,KER-FG,1201002,INVENTORY FINISHED PRODUCTS,44.0,18820.56,427.74,63
10000498,KER-SR,1201002,INVENTORY FINISHED PRODUCTS,27.0,11548.98,427.74,4
10000498,KLR-EXS,1201002,INVENTORY FINISHED PRODUCTS,15.0,6416.1,427.74,1
10000498,KLR-FG,1201002,INVENTORY FINISHED PRODUCTS,105.0,44912.7,427.74,86
10000498,KLR-SER,1201002,INVENTORY FINISHED PRODUCTS,2.0,855.48,427.74,2
10000498,KLR-SR,1201002,INVENTORY FINISHED PRODUCTS,49.0,20959.26,427.74,14
10000498,VIJW-GEN,1201002,INVENTORY FINISHED PRODUCTS,16.0,6843.84,427.74,1
10000499,KER-SR,1201002,INVENTORY FINISHED PRODUCTS,46.0,5989.2,130.2,1
10000499,KLR-FG,1201002,INVENTORY FINISHED PRODUCTS,1134.0,147646.8,130.2,64
10000499,KLR-SR,1201002,INVENTORY FINISHED PRODUCTS,270.0,35154.0,130.2,22
10000500,KER-SR,1201002,INVENTORY FINISHED PRODUCTS,34.0,13149.16,386.74,5
10000500,KLR-EXS,1201002,INVENTORY FINISHED PRODUCTS,131.0,50662.94,386.74,1
10000500,KLR-FG,1201002,INVENTORY FINISHED PRODUCTS,36.0,13922.64,386.74,138
10000500,KLR-QC,1201002,INVENTORY FINISHED PRODUCTS,5.0,1933.7,386.74,3
10000500,KLR-SER,1201002,INVENTORY FINISHED PRODUCTS,15.0,5801.1,386.74,13
10000500,KLR-SR,1201002,INVENTORY FINISHED PRODUCTS,119.0,46022.06,386.74,29
10000500,VIJW-FG,1201002,INVENTORY FINISHED PRODUCTS,18.0,6961.32,386.74,35
10000501,KER-FG,1201002,INVENTORY FINISHED PRODUCTS,4.0,1587.6,396.9,79
10000501,KER-SR,1201002,INVENTORY FINISHED PRODUCTS,19.0,7541.1,396.9,6
10000501,KLR-EXS,1201002,INVENTORY FINISHED PRODUCTS,30.0,11907.0,396.9,4
10000501,KLR-FG,1201002,INVENTORY FINISHED PRODUCTS,-30.0,-11907.0,396.9,449
10000501,KLR-QC,1201002,INVENTORY FINISHED PRODUCTS,49.0,19448.1,396.9,4
10000501,KLR-SER,1201002,INVENTORY FINISHED PRODUCTS,3.0,1984.5,661.5,15
10000501,KLR-SR,1201002,INVENTORY FINISHED PRODUCTS,55.0,21829.5,396.9,35
10000502,KER-SR,1201002,INVENTORY FINISHED PRODUCTS,153.0,6898.77,45.09,4
10000502,KLR-EXS,1201002,INVENTORY FINISHED PRODUCTS,181.0,8161.29,45.09,10
10000502,VIJW-GEN,1201002,INVENTORY FINISHED PRODUCTS,4.0,180.36,45.09,1
10000503,BAN-FG,1201002,INVENTORY FINISHED PRODUCTS,60.0,34670.4,577.84,2
10000503,KER-GEN,1201002,INVENTORY FINISHED PRODUCTS,260.0,150238.4,577.84,1
10000503,KLR-EXS,1201002,INVENTORY FINISHED PRODUCTS,130.0,75119.2,577.84,8
10000503,KLR-FG,1201002,INVENTORY FINISHED PRODUCTS,6.0,3467.04,577.84,224
10000503,KLR-QC,1201002,INVENTORY FINISHED PRODUCTS,4.0,2311.36,577.84,5
10000503,KLR-SER,1201002,INVENTORY FINISHED PRODUCTS,51.0,29469.84,577.84,13
10000503,KLR-SR,1201002,INVENTORY FINISHED PRODUCTS,80.0,46227.2,577.84,26
10000503,VIJW-FG,1201002,INVENTORY FINISHED PRODUCTS,24.0,13868.16,577.84,60
10000503,VIJW-GEN,1201002,INVENTORY FINISHED PRODUCTS,48.0,27736.32,577.84,1
10000504,KER-SR,1201002,INVENTORY FINISHED PRODUCTS,13.0,1733.55,133.35,4
10000504,KLR-FG,1201002,INVENTORY FINISHED PRODUCTS,30.0,4000.5,133.35,150
10000504,KLR-SER,1201002,INVENTORY FINISHED PRODUCTS,-17.0,0.0,0.0,9
10000504,KLR-SR,1201002,INVENTORY FINISHED PRODUCTS,14.0,1866.9,133.35,15
10000504,VIJW-GEN,1201002,INVENTORY FINISHED PRODUCTS,56.0,7467.6,133.35,1
10000505,KLR-FG,1201002,INVENTORY FINISHED PRODUCTS,790.0,335118.0,424.2,84
10000505,KLR-QC,1201002,INVENTORY FINISHED PRODUCTS,612.0,259610.4,424.2,2
10000505,KLR-SER,1201002,INVENTORY FINISHED PRODUCTS,2.0,848.4,424.2,1
10000505,KLR-SR,1201002,INVENTORY FINISHED PRODUCTS,22.0,9332.4,424.2,2
10000505,VIJW-GEN,1201002,INVENTORY FINISHED PRODUCTS,192.0,81446.4,424.2,1
10000506,KLR-EXS,1201002,INVENTORY FINISHED PRODUCTS,217.0,125317.5,577.5,2
10000507,BAN-FG,1201002,INVENTORY FINISHED PRODUCTS,6.0,10199.88,1699.98,9
10000507,KER-FG,1201002,INVENTORY FINISHED PRODUCTS,13.0,22099.74,1699.98,130
10000507,KER-GEN,1201002,INVENTORY FINISHED PRODUCTS,18.0,30599.64,1699.98,1
10000507,KER-SR,1201002,INVENTORY FINISHED PRODUCTS,31.0,52699.38,1699.98,6
10000507,KLR-EXS,1201002,INVENTORY FINISHED PRODUCTS,42.0,71399.16,1699.98,1
10000507,KLR-SER,1201002,INVENTORY FINISHED PRODUCTS,6.0,40799.52,6799.92,18
10000507,KLR-SR,1201002,INVENTORY FINISHED PRODUCTS,17.0,28899.66,1699.98,18
10000507,VIJW-GEN,1201002,INVENTORY FINISHED PRODUCTS,1.0,1699.98,1699.98,1
10000508,KER-GEN,1201002,INVENTORY FINISHED PRODUCTS,40.0,8128.0,203.2,1
10000508,KER-SR,1201002,INVENTORY FINISHED PRODUCTS,28.0,5689.6,203.2,3
10000508,KLR-EXS,1201002,INVENTORY FINISHED PRODUCTS,331.0,67259.2,203.2,3
10000508,KLR-FG,1201002,INVENTORY FINISHED PRODUCTS,341.0,69291.2,203.2,235
10000508,KLR-SR,1201002,INVENTORY FINISHED PRODUCTS,20.0,4064.0,203.2,21
10000509,KER-GEN,1201002,INVENTORY FINISHED PRODUCTS,2.0,1337.16,668.58,1
10000509,KER-SR,1201002,INVENTORY FINISHED PRODUCTS,28.0,18720.24,668.58,5
10000509,KLR-EXS,1201002,INVENTORY FINISHED PRODUCTS,20.0,13371.6,668.58,7
10000509,KLR-SR,1201002,INVENTORY FINISHED PRODUCTS,2.0,1337.16,668.58,16
10000509,VIJW-GEN,1201002,INVENTORY FINISHED PRODUCTS,22.0,14708.76,668.58,1
10000510,KLR-FG,1201002,INVENTORY FINISHED PRODUCTS,145.0,44152.5,304.5,39
10000511,KER-GEN,1201002,INVENTORY FINISHED PRODUCTS,148.0,27516.16,185.92,1
10000511,KER-SR,1201002,INVENTORY FINISHED PRODUCTS,59.0,10969.28,185.92,4
10000511,KLR-EXS,1201002,INVENTORY FINISHED PRODUCTS,1298.0,241324.16,185.92,5
10000511,KLR-FG,1201002,INVENTORY FINISHED PRODUCTS,30.0,5577.6,185.92,430
10000511,VIJW-FG,1201002,INVENTORY FINISHED PRODUCTS,60.0,11155.2,185.92,32
10000512,KLR-EXS,1201002,INVENTORY FINISHED PRODUCTS,8.0,10169.52,1271.19,1
10000513,KLR-EXS,1201002,INVENTORY FINISHED PRODUCTS,6.0,7627.14,1271.19,1
10000513,KLR-SR,1201002,INVENTORY FINISHED PRODUCTS,4.0,5084.76,1271.19,2
10000514,KLR-EXS,1201002,INVENTORY FINISHED PRODUCTS,4.0,5084.76,1271.19,1
10000514,KLR-SR,1201002,INVENTORY FINISHED PRODUCTS,5.0,6355.95,1271.19,2
10000515,KLR-EXS,1201002,INVENTORY FINISHED PRODUCTS,121.0,180090.35,1488.35,1
10000515,KLR-FG,1201002,INVENTORY FINISHED PRODUCTS,4.0,5953.4,1488.35,6
10000516,KLR-EXS,1201002,INVENTORY FINISHED PRODUCTS,3.0,3930.48,1310.16,1
10000516,KLR-SR,1201002,INVENTORY FINISHED PRODUCTS,5.0,6550.8,1310.16,2
10000517,KLR-EXS,1201002,INVENTORY FINISHED PRODUCTS,2.0,2976.7,1488.35,1
10000517,KLR-FG,1201002,INVENTORY FINISHED PRODUCTS,1.0,1488.35,1488.35,11
10000518,KLR-EXS,1201002,INVENTORY FINISHED PRODUCTS,2.0,2976.7,1488.35,1
10000518,KLR-SR,1201002,INVENTORY FINISHED PRODUCTS,3.0,4465.05,1488.35,1
10000519,KLR-EXS,1201002,INVENTORY FINISHED PRODUCTS,8.0,12442.4,1555.3,1
10000520,KLR-EXS,1201002,INVENTORY FINISHED PRODUCTS,7.0,13424.53,1917.79,1
10000520,KLR-SR,1201002,INVENTORY FINISHED PRODUCTS,1.0,1917.79,1917.79,2
10000521,KLR-EXS,1201002,INVENTORY FINISHED PRODUCTS,6.0,11506.74,1917.79,1
10000521,KLR-SR,1201002,INVENTORY FINISHED PRODUCTS,4.0,7671.16,1917.79,2
10000522,KLR-EXS,1201002,INVENTORY FINISHED PRODUCTS,4.0,7671.16,1917.79,1
10000522,KLR-SR,1201002,INVENTORY FINISHED PRODUCTS,3.0,5753.37,1917.79,4
10000523,KLR-FG,1201002,INVENTORY FINISHED PRODUCTS,11.0,19442.28,1767.48,10
10000524,KLR-EXS,1201002,INVENTORY FINISHED PRODUCTS,12.0,21209.76,1767.48,2
10000524,KLR-FG,1201002,INVENTORY FINISHED PRODUCTS,1.0,1767.48,1767.48,14
10000525,KLR-EXS,1201002,INVENTORY FINISHED PRODUCTS,2.0,3534.96,1767.48,1
10000525,KLR-FG,1201002,INVENTORY FINISHED PRODUCTS,1.0,1767.48,1767.48,14
10000525,KLR-SR,1201002,INVENTORY FINISHED PRODUCTS,3.0,5302.44,1767.48,1
10000526,KLR-EXS,1201002,INVENTORY FINISHED PRODUCTS,10.0,18004.4,1800.44,1
10000526,KLR-SR,1201002,INVENTORY FINISHED PRODUCTS,2.0,3600.88,1800.44,3
10000527,KLR-EXS,1201002,INVENTORY FINISHED PRODUCTS,5.0,11122.85,2224.57,1
10000527,KLR-SR,1201002,INVENTORY FINISHED PRODUCTS,4.0,8898.28,2224.57,2
10000529,KLR-EXS,1201002,INVENTORY FINISHED PRODUCTS,4.0,8194.68,2048.67,2
10000529,KLR-FG,1201002,INVENTORY FINISHED PRODUCTS,1.0,2048.67,2048.67,13
10000530,KLR-EXS,1201002,INVENTORY FINISHED PRODUCTS,1.0,2048.67,2048.67,1
10000530,KLR-SR,1201002,INVENTORY FINISHED PRODUCTS,2.0,4097.34,2048.67,2
10000531,KLR-FG,1201002,INVENTORY FINISHED PRODUCTS,8.0,4227.12,528.39,5
10000532,KLR-FG,1201002,INVENTORY FINISHED PRODUCTS,5.0,2641.95,528.39,13
10000534,KLR-EXS,1201002,INVENTORY FINISHED PRODUCTS,11.0,5812.29,528.39,1
10000534,KLR-FG,1201002,INVENTORY FINISHED PRODUCTS,11.0,5812.29,528.39,3
10000535,KLR-FG,1201002,INVENTORY FINISHED PRODUCTS,12.0,6340.68,528.39,6
10000536,KLR-FG,1201002,INVENTORY FINISHED PRODUCTS,1.0,554.14,554.14,5
10000538,KLR-FG,1201002,INVENTORY FINISHED PRODUCTS,10.0,5541.4,554.14,6
10000539,KLR-EXS,1201002,INVENTORY FINISHED PRODUCTS,10.0,5541.4,554.14,1
10000539,KLR-FG,1201002,INVENTORY FINISHED PRODUCTS,6.0,3324.84,554.14,5
10000540,KLR-EXS,1201002,INVENTORY FINISHED PRODUCTS,1.0,513.97,513.97,1
10000540,KLR-SR,1201002,INVENTORY FINISHED PRODUCTS,1.0,513.97,513.97,2
10000541,KLR-EXS,1201002,INVENTORY FINISHED PRODUCTS,15.0,7709.55,513.97,1
10000542,KLR-EXS,1201002,INVENTORY FINISHED PRODUCTS,6.0,3083.82,513.97,1
10000542,KLR-FG,1201002,INVENTORY FINISHED PRODUCTS,5.0,2569.85,513.97,3
10000543,KLR-FG,1201002,INVENTORY FINISHED PRODUCTS,12.0,6167.64,513.97,8
10000544,KLR-EXS,1201002,INVENTORY FINISHED PRODUCTS,12.0,6180.0,515.0,1
10000544,KLR-FG,1201002,INVENTORY FINISHED PRODUCTS,2.0,1030.0,515.0,4
10000544,KLR-SR,1201002,INVENTORY FINISHED PRODUCTS,3.0,1545.0,515.0,2
10000545,KLR-FG,1201002,INVENTORY FINISHED PRODUCTS,2.0,1030.0,515.0,6
10000545,KLR-SR,1201002,INVENTORY FINISHED PRODUCTS,2.0,1030.0,515.0,1
10000546,KLR-EXS,1201002,INVENTORY FINISHED PRODUCTS,2.0,1030.0,515.0,1
10000546,KLR-FG,1201002,INVENTORY FINISHED PRODUCTS,1.0,515.0,515.0,3
10000546,KLR-SR,1201002,INVENTORY FINISHED PRODUCTS,1.0,515.0,515.0,1
10000547,KLR-EXS,1201002,INVENTORY FINISHED PRODUCTS,5.0,2575.0,515.0,1
10000548,KLR-EXS,1201002,INVENTORY FINISHED PRODUCTS,9.0,6479.73,719.97,1
10000548,KLR-FG,1201002,INVENTORY FINISHED PRODUCTS,2.0,1439.94,719.97,5
10000549,KLR-EXS,1201002,INVENTORY FINISHED PRODUCTS,8.0,6822.72,852.84,1
10000549,KLR-FG,1201002,INVENTORY FINISHED PRODUCTS,11.0,9381.24,852.84,6
10000549,KLR-QC,1201002,INVENTORY FINISHED PRODUCTS,4.0,3411.36,852.84,1
10000550,KLR-EXS,1201002,INVENTORY FINISHED PRODUCTS,1.0,381.1,381.1,1
10000551,KLR-FG,1201002,INVENTORY FINISHED PRODUCTS,8.0,3502.0,437.75,13
10000552,KLR-EXS,1201002,INVENTORY FINISHED PRODUCTS,1.0,381.1,381.1,1
10000553,KLR-FG,1201002,INVENTORY FINISHED PRODUCTS,5.0,2188.75,437.75,7
10000554,KLR-EXS,1201002,INVENTORY FINISHED PRODUCTS,8.0,2801.6,350.2,1
10000554,KLR-SR,1201002,INVENTORY FINISHED PRODUCTS,1.0,350.2,350.2,2
10000555,KLR-EXS,1201002,INVENTORY FINISHED PRODUCTS,8.0,2801.6,350.2,1
10000555,KLR-SR,1201002,INVENTORY FINISHED PRODUCTS,1.0,350.2,350.2,2
10000556,KLR-FG,1201002,INVENTORY FINISHED PRODUCTS,34.0,7865.56,231.34,13
10000556,KLR-SR,1201002,INVENTORY FINISHED PRODUCTS,13.0,3007.42,231.34,1
10000557,KLR-EXS,1201002,INVENTORY FINISHED PRODUCTS,22.0,7976.98,362.59,1
10000557,KLR-SER,1201002,INVENTORY FINISHED PRODUCTS,31.0,11240.29,362.59,5
10000559,KLR-EXS,1201002,INVENTORY FINISHED PRODUCTS,32.0,1576.32,49.26,1
10000561,KLR-EXS,1201002,INVENTORY FINISHED PRODUCTS,439.0,24145.0,55.0,1
10000563,KLR-FG,1201002,INVENTORY FINISHED PRODUCTS,15.0,795.0,53.0,5
10000564,KLR-EXS,1201002,INVENTORY FINISHED PRODUCTS,276.0,22632.0,82.0,1
10000564,KLR-FG,1201002,INVENTORY FINISHED PRODUCTS,23.0,1886.0,82.0,7
10000564,KLR-SER,1201002,INVENTORY FINISHED PRODUCTS,1.0,82.0,82.0,1
10000564,KLR-SR,1201002,INVENTORY FINISHED PRODUCTS,30.0,2460.0,82.0,1
10000565,KLR-EXS,1201002,INVENTORY FINISHED PRODUCTS,100.0,10800.0,108.0,2
10000565,KLR-FG,1201002,INVENTORY FINISHED PRODUCTS,2.0,216.0,108.0,5
10000566,KLR-EXS,1201002,INVENTORY FINISHED PRODUCTS,569.0,75677.0,133.0,2
10000566,KLR-SR,1201002,INVENTORY FINISHED PRODUCTS,9.0,1197.0,133.0,2
10000567,KLR-FG,1201002,INVENTORY FINISHED PRODUCTS,76.0,12540.0,165.0,14
10000568,KLR-EXS,1201002,INVENTORY FINISHED PRODUCTS,10.0,1940.0,194.0,2
10000569,KLR-EXS,1201002,INVENTORY FINISHED PRODUCTS,327.0,71613.0,219.0,2
10000569,KLR-SR,1201002,INVENTORY FINISHED PRODUCTS,5.0,1095.0,219.0,2
10000570,KLR-EXS,1201002,INVENTORY FINISHED PRODUCTS,100.0,7600.0,76.0,3
10000570,KLR-SR,1201002,INVENTORY FINISHED PRODUCTS,1.0,76.0,76.0,2
10000571,KLR-EXS,1201002,INVENTORY FINISHED PRODUCTS,185.0,17945.0,97.0,3
10000572,KLR-FG,1201002,INVENTORY FINISHED PRODUCTS,82.0,10004.0,122.0,15
10000573,KLR-EXS,1201002,INVENTORY FINISHED PRODUCTS,66.0,10098.0,153.0,1
10000573,KLR-FG,1201002,INVENTORY FINISHED PRODUCTS,2.0,306.0,153.0,15
10000574,KLR-EXS,1201002,INVENTORY FINISHED PRODUCTS,99.0,18909.0,191.0,3
10000574,KLR-FG,1201002,INVENTORY FINISHED PRODUCTS,3.0,573.0,191.0,12
10000575,KLR-EXS,1201002,INVENTORY FINISHED PRODUCTS,23.0,5175.0,225.0,1
10000575,KLR-FG,1201002,INVENTORY FINISHED PRODUCTS,1.0,225.0,225.0,13
10000576,KLR-EXS,1201002,INVENTORY FINISHED PRODUCTS,19.0,4788.0,252.0,1
10000576,KLR-FG,1201002,INVENTORY FINISHED PRODUCTS,1.0,252.0,252.0,21
10000577,KLR-EXS,1201002,INVENTORY FINISHED PRODUCTS,28.0,1876.0,67.0,2
10000577,KLR-FG,1201002,INVENTORY FINISHED PRODUCTS,9.0,603.0,67.0,13
10000578,KLR-EXS,1201002,INVENTORY FINISHED PRODUCTS,74.0,7030.0,95.0,1
10000578,KLR-FG,1201002,INVENTORY FINISHED PRODUCTS,1.0,95.0,95.0,19
10000579,KLR-EXS,1201002,INVENTORY FINISHED PRODUCTS,23.0,2737.0,119.0,1
10000579,KLR-SER,1201002,INVENTORY FINISHED PRODUCTS,5.0,595.0,119.0,3
10000580,KLR-EXS,1201002,INVENTORY FINISHED PRODUCTS,7.0,1113.0,159.0,1
10000580,KLR-SER,1201002,INVENTORY FINISHED PRODUCTS,1.0,159.0,159.0,1
10000580,KLR-SR,1201002,INVENTORY FINISHED PRODUCTS,1.0,159.0,159.0,4
10000581,KLR-FG,1201002,INVENTORY FINISHED PRODUCTS,2.0,360.0,180.0,16
10000581,KLR-SER,1201002,INVENTORY FINISHED PRODUCTS,2.0,360.0,180.0,2
10000581,KLR-SR,1201002,INVENTORY FINISHED PRODUCTS,8.0,1440.0,180.0,3
10000582,KLR-EXS,1201002,INVENTORY FINISHED PRODUCTS,82.0,17302.0,211.0,1
10000582,KLR-FG,1201002,INVENTORY FINISHED PRODUCTS,8.0,1688.0,211.0,12
10000582,KLR-SER,1201002,INVENTORY FINISHED PRODUCTS,2.0,422.0,211.0,1
10000582,KLR-SR,1201002,INVENTORY FINISHED PRODUCTS,8.0,1688.0,211.0,1
10000583,KLR-EXS,1201002,INVENTORY FINISHED PRODUCTS,73.0,17301.0,237.0,1
10000584,KLR-EXS,1201002,INVENTORY FINISHED PRODUCTS,10.0,890.0,89.0,1
10000585,KLR-EXS,1201002,INVENTORY FINISHED PRODUCTS,78.0,9438.0,121.0,1
10000585,KLR-FG,1201002,INVENTORY FINISHED PRODUCTS,13.0,1573.0,121.0,10
10000585,KLR-SER,1201002,INVENTORY FINISHED PRODUCTS,1.0,121.0,121.0,1
10000585,KLR-SR,1201002,INVENTORY FINISHED PRODUCTS,8.0,968.0,121.0,1
10000586,KLR-FG,1201002,INVENTORY FINISHED PRODUCTS,7.0,1036.0,148.0,12
10000586,KLR-SER,1201002,INVENTORY FINISHED PRODUCTS,1.0,148.0,148.0,1
10000586,KLR-SR,1201002,INVENTORY FINISHED PRODUCTS,7.0,1036.0,148.0,3
10000587,KLR-EXS,1201002,INVENTORY FINISHED PRODUCTS,7.0,1330.0,190.0,1
10000587,KLR-FG,1201002,INVENTORY FINISHED PRODUCTS,35.0,6650.0,190.0,19
10000588,KLR-FG,1201002,INVENTORY FINISHED PRODUCTS,27.0,5940.0,220.0,20
10000589,KLR-EXS,1201002,INVENTORY FINISHED PRODUCTS,207.0,54027.0,261.0,1
10000590,KLR-EXS,1201002,INVENTORY FINISHED PRODUCTS,74.0,21682.0,293.0,1
10000591,KLR-EXS,1201002,INVENTORY FINISHED PRODUCTS,4.0,508.0,127.0,1
10000591,KLR-FG,1201002,INVENTORY FINISHED PRODUCTS,2.0,254.0,127.0,11
10000592,KLR-FG,1201002,INVENTORY FINISHED PRODUCTS,2.0,316.0,158.0,8
10000593,KLR-FG,1201002,INVENTORY FINISHED PRODUCTS,8.0,1520.0,190.0,17
10000594,KLR-FG,1201002,INVENTORY FINISHED PRODUCTS,4.0,940.0,235.0,13
10000595,KLR-FG,1201002,INVENTORY FINISHED PRODUCTS,13.0,3601.0,277.0,7
10000596,KLR-EXS,1201002,INVENTORY FINISHED PRODUCTS,150.0,47850.0,319.0,1
10000596,KLR-FG,1201002,INVENTORY FINISHED PRODUCTS,4.0,1276.0,319.0,12
10000597,KLR-EXS,1201002,INVENTORY FINISHED PRODUCTS,47.0,19599.0,417.0,1
10000598,KLR-EXS,1201002,INVENTORY FINISHED PRODUCTS,62.0,6448.0,104.0,1
10000598,KLR-SR,1201002,INVENTORY FINISHED PRODUCTS,3.0,312.0,104.0,4
10000599,KLR-FG,1201002,INVENTORY FINISHED PRODUCTS,70.0,9520.0,136.0,9
10000599,KLR-SR,1201002,INVENTORY FINISHED PRODUCTS,53.0,7208.0,136.0,1
10000601,KLR-FG,1201002,INVENTORY FINISHED PRODUCTS,34.0,3808.0,112.0,12
10000602,KLR-FG,1201002,INVENTORY FINISHED PRODUCTS,14.0,2450.0,175.0,12
10000603,KLR-EXS,1201002,INVENTORY FINISHED PRODUCTS,107.0,3852.0,36.0,2
10000605,KLR-EXS,1201002,INVENTORY FINISHED PRODUCTS,33.0,2046.0,62.0,1
10000606,KLR-EXS,1201002,INVENTORY FINISHED PRODUCTS,41.0,2952.0,72.0,1
10000607,KLR-EXS,1201002,INVENTORY FINISHED PRODUCTS,15.0,540.0,36.0,1
10000607,KLR-FG,1201002,INVENTORY FINISHED PRODUCTS,3.0,108.0,36.0,4
10000607,KLR-SR,1201002,INVENTORY FINISHED PRODUCTS,1.0,36.0,36.0,2
10000608,KLR-FG,1201002,INVENTORY FINISHED PRODUCTS,2.0,90.0,45.0,6
10000609,KLR-FG,1201002,INVENTORY FINISHED PRODUCTS,3.0,0.03,0.01,9
10000610,KLR-FG,1201002,INVENTORY FINISHED PRODUCTS,2.0,156.0,78.0,7
10000611,KLR-FG,1201002,INVENTORY FINISHED PRODUCTS,11.0,554.4,50.4,6
10000611,KLR-SR,1201002,INVENTORY FINISHED PRODUCTS,11.0,554.4,50.4,2
10000612,KLR-FG,1201002,INVENTORY FINISHED PRODUCTS,1.0,62.0,62.0,13
10000613,KLR-EXS,1201002,INVENTORY FINISHED PRODUCTS,25.0,1500.0,60.0,1
10000613,KLR-FG,1201002,INVENTORY FINISHED PRODUCTS,2.0,120.0,60.0,8
10000614,KLR-FG,1201002,INVENTORY FINISHED PRODUCTS,8.0,475.2,59.4,7
10000615,KLR-FG,1201002,INVENTORY FINISHED PRODUCTS,7.0,516.6,73.8,7
10000616,KLR-FG,1201002,INVENTORY FINISHED PRODUCTS,9.0,486.0,54.0,7
10000617,KLR-FG,1201002,INVENTORY FINISHED PRODUCTS,28.0,1738.8,62.1,4
10000618,KLR-EXS,1201002,INVENTORY FINISHED PRODUCTS,106.0,9116.0,86.0,2
10000619,KLR-EXS,1201002,INVENTORY FINISHED PRODUCTS,158.0,12008.0,76.0,2
10000620,KLR-EXS,1201002,INVENTORY FINISHED PRODUCTS,163.0,15485.0,95.0,2
10000621,KLR-EXS,1201002,INVENTORY FINISHED PRODUCTS,123.0,13407.0,109.0,2
10000623,KLR-EXS,1201002,INVENTORY FINISHED PRODUCTS,2.0,182.0,91.0,1
10000625,KLR-EXS,1201002,INVENTORY FINISHED PRODUCTS,46.0,5014.0,109.0,1
10000625,KLR-FG,1201002,INVENTORY FINISHED PRODUCTS,21.0,2289.0,109.0,5
10000625,KLR-SR,1201002,INVENTORY FINISHED PRODUCTS,9.0,981.0,109.0,1
10000626,KLR-FG,1201002,INVENTORY FINISHED PRODUCTS,10.0,1430.0,143.0,10
10000627,KLR-EXS,1201002,INVENTORY FINISHED PRODUCTS,95.0,18715.0,197.0,2
10000627,KLR-FG,1201002,INVENTORY FINISHED PRODUCTS,13.0,2561.0,197.0,7
10000628,KLR-EXS,1201002,INVENTORY FINISHED PRODUCTS,68.0,15728.4,231.3,1
10000628,KLR-FG,1201002,INVENTORY FINISHED PRODUCTS,3.0,693.9,231.3,17
10000629,KLR-EXS,1201002,INVENTORY FINISHED PRODUCTS,700.0,93800.0,134.0,2
10000630,KLR-EXS,1201002,INVENTORY FINISHED PRODUCTS,287.0,49651.0,173.0,1
10000631,KLR-EXS,1201002,INVENTORY FINISHED PRODUCTS,1.0,222.0,222.0,1
10000632,KLR-EXS,1201002,INVENTORY FINISHED PRODUCTS,28.0,7812.0,279.0,2
10000633,KLR-EXS,1201002,INVENTORY FINISHED PRODUCTS,561.0,75174.0,134.0,2
10000634,KLR-EXS,1201002,INVENTORY FINISHED PRODUCTS,658.0,113834.0,173.0,1
10000634,KLR-FG,1201002,INVENTORY FINISHED PRODUCTS,1.0,173.0,173.0,10
10000635,KLR-EXS,1201002,INVENTORY FINISHED PRODUCTS,28.0,6216.0,222.0,2
10000635,KLR-FG,1201002,INVENTORY FINISHED PRODUCTS,11.0,2442.0,222.0,10
10000636,KLR-EXS,1201002,INVENTORY FINISHED PRODUCTS,10.0,2790.0,279.0,1
10000636,KLR-FG,1201002,INVENTORY FINISHED PRODUCTS,1.0,279.0,279.0,13
10000636,KLR-SR,1201002,INVENTORY FINISHED PRODUCTS,15.0,4185.0,279.0,2
10000637,KLR-EXS,1201002,INVENTORY FINISHED PRODUCTS,838.0,199108.8,237.6,2
10000638,KLR-EXS,1201002,INVENTORY FINISHED PRODUCTS,942.0,183690.0,195.0,3
10000638,KLR-FG,1201002,INVENTORY FINISHED PRODUCTS,1.0,195.0,195.0,10
10000639,KLR-EXS,1201002,INVENTORY FINISHED PRODUCTS,33.0,6699.0,203.0,1
10000640,KLR-EXS,1201002,INVENTORY FINISHED PRODUCTS,7.0,1694.0,242.0,1
10000640,KLR-SR,1201002,INVENTORY FINISHED PRODUCTS,1.0,242.0,242.0,5
10000641,KLR-FG,1201002,INVENTORY FINISHED PRODUCTS,20.0,3940.0,197.0,9
10000642,KLR-EXS,1201002,INVENTORY FINISHED PRODUCTS,4.0,316.0,79.0,1
10000642,KLR-FG,1201002,INVENTORY FINISHED PRODUCTS,40.0,3160.0,79.0,4
10000642,KLR-SR,1201002,INVENTORY FINISHED PRODUCTS,5.0,395.0,79.0,2
10000643,KLR-FG,1201002,INVENTORY FINISHED PRODUCTS,86.0,4902.0,57.0,4
10000643,KLR-SR,1201002,INVENTORY FINISHED PRODUCTS,3.0,171.0,57.0,2
10000644,KLR-EXS,1201002,INVENTORY FINISHED PRODUCTS,6.0,222.0,37.0,1
10000645,KLR-EXS,1201002,INVENTORY FINISHED PRODUCTS,44.0,12320.0,280.0,1
10000647,KLR-EXS,1201002,INVENTORY FINISHED PRODUCTS,16.0,2816.0,176.0,1
10000648,KLR-EXS,1201002,INVENTORY FINISHED PRODUCTS,13.0,2503.8,192.6,1
10000649,KLR-FG,1201002,INVENTORY FINISHED PRODUCTS,34.0,1462.0,43.0,5
10000650,KLR-EXS,1201002,INVENTORY FINISHED PRODUCTS,6.0,264.0,44.0,1
10000650,KLR-FG,1201002,INVENTORY FINISHED PRODUCTS,7.0,308.0,44.0,3
10000651,KLR-EXS,1201002,INVENTORY FINISHED PRODUCTS,32.0,1120.0,35.0,1
10000652,KLR-EXS,1201002,INVENTORY FINISHED PRODUCTS,16.0,512.0,32.0,1
10000652,KLR-FG,1201002,INVENTORY FINISHED PRODUCTS,3.0,96.0,32.0,3
10000653,KLR-FG,1201002,INVENTORY FINISHED PRODUCTS,2.0,164.0,82.0,8
10000655,KLR-EXS,1201002,INVENTORY FINISHED PRODUCTS,25.0,1975.0,79.0,3
10000657,KLR-EXS,1201002,INVENTORY FINISHED PRODUCTS,45.0,6660.0,148.0,2
10000659,KLR-EXS,1201002,INVENTORY FINISHED PRODUCTS,156.0,11544.0,74.0,2
10000660,KLR-EXS,1201002,INVENTORY FINISHED PRODUCTS,178.0,17266.0,97.0,1
10000661,KLR-EXS,1201002,INVENTORY FINISHED PRODUCTS,155.0,19375.0,125.0,1
10000662,KLR-EXS,1201002,INVENTORY FINISHED PRODUCTS,161.0,30751.0,191.0,2
10000663,KLR-EXS,1201002,INVENTORY FINISHED PRODUCTS,163.0,5868.0,36.0,2
10000664,KLR-EXS,1201002,INVENTORY FINISHED PRODUCTS,400.0,18400.0,46.0,1
10000665,KLR-EXS,1201002,INVENTORY FINISHED PRODUCTS,242.0,14520.0,60.0,2
10000666,KLR-EXS,1201002,INVENTORY FINISHED PRODUCTS,92.0,7728.0,84.0,1
10000667,KLR-EXS,1201002,INVENTORY FINISHED PRODUCTS,6.0,1248.0,208.0,1
10000668,KLR-EXS,1201002,INVENTORY FINISHED PRODUCTS,45.0,1890.0,42.0,2
10000669,KLR-EXS,1201002,INVENTORY FINISHED PRODUCTS,14.0,784.0,56.0,2
10000669,KLR-FG,1201002,INVENTORY FINISHED PRODUCTS,1.0,56.0,56.0,5
10000671,KLR-EXS,1201002,INVENTORY FINISHED PRODUCTS,2.0,58.0,29.0,2
10000672,KLR-EXS,1201002,INVENTORY FINISHED PRODUCTS,6.0,366.0,61.0,1
10000674,KLR-EXS,1201002,INVENTORY FINISHED PRODUCTS,75.0,5025.0,67.0,1
10000676,KLR-FG,1201002,INVENTORY FINISHED PRODUCTS,12.0,21924.0,1827.0,12
10000676,KLR-SER,1201002,INVENTORY FINISHED PRODUCTS,4.0,7308.0,1827.0,2
10000677,KLR-FG,1201002,INVENTORY FINISHED PRODUCTS,9.0,20547.0,2283.0,9
10000678,KLR-FG,1201002,INVENTORY FINISHED PRODUCTS,6.0,17004.0,2834.0,6
10000679,KLR-EXS,1201002,INVENTORY FINISHED PRODUCTS,50.0,4850.0,97.0,1
10000680,KLR-EXS,1201002,INVENTORY FINISHED PRODUCTS,82.0,11726.0,143.0,1
10000681,KLR-EXS,1201002,INVENTORY FINISHED PRODUCTS,9.0,1134.0,126.0,1
10000681,KLR-FG,1201002,INVENTORY FINISHED PRODUCTS,1.0,126.0,126.0,4
10000683,KLR-EXS,1201002,INVENTORY FINISHED PRODUCTS,40.0,25273.2,631.83,1
10000683,KLR-FG,1201002,INVENTORY FINISHED PRODUCTS,48.0,30327.84,631.83,3
10000683,KLR-SR,1201002,INVENTORY FINISHED PRODUCTS,14.0,8845.62,631.83,2
10000684,KLR-FG,1201002,INVENTORY FINISHED PRODUCTS,81.0,73923.84,912.64,3
10000684,KLR-SR,1201002,INVENTORY FINISHED PRODUCTS,16.0,14602.24,912.64,3
10000685,KLR-EXS,1201002,INVENTORY FINISHED PRODUCTS,89.0,47687.98,535.82,2
10000685,KLR-FG,1201002,INVENTORY FINISHED PRODUCTS,2.0,1071.64,535.82,3
10000686,KLR-EXS,1201002,INVENTORY FINISHED PRODUCTS,18.0,12636.9,702.05,1
10000687,KLR-EXS,1201002,INVENTORY FINISHED PRODUCTS,37.0,30719.25,830.25,2
10000688,KLR-EXS,1201002,INVENTORY FINISHED PRODUCTS,9.0,4748.4,527.6,2
10000689,KLR-EXS,1201002,INVENTORY FINISHED PRODUCTS,102.0,84930.3,832.65,2
10000689,KLR-FG,1201002,INVENTORY FINISHED PRODUCTS,8.0,6661.2,832.65,10
10000690,KLR-EXS,1201002,INVENTORY FINISHED PRODUCTS,71.0,0.71,0.01,1
10000691,KLR-EXS,1201002,INVENTORY FINISHED PRODUCTS,19.0,2568.61,135.19,1
10000691,KLR-FG,1201002,INVENTORY FINISHED PRODUCTS,48.0,6489.12,135.19,8
10000692,BAN-FG,1201002,INVENTORY FINISHED PRODUCTS,100.0,11802.0,118.02,14
10000692,BAN-GEN,1201002,INVENTORY FINISHED PRODUCTS,58.0,6845.16,118.02,1
10000692,KER-GEN,1201002,INVENTORY FINISHED PRODUCTS,100.0,11802.0,118.02,1
10000692,KLR-FG,1201002,INVENTORY FINISHED PRODUCTS,890.0,105037.8,118.02,116
10000692,KLR-SR,1201002,INVENTORY FINISHED PRODUCTS,60.0,7081.2,118.02,15
10000692,VIJW-GEN,1201002,INVENTORY FINISHED PRODUCTS,70.0,8261.4,118.02,1
10000693,BAN-GEN,1201002,INVENTORY FINISHED PRODUCTS,145.0,13603.9,93.82,1
10000693,KER-FG,1201002,INVENTORY FINISHED PRODUCTS,100.0,9382.0,93.82,27
10000693,KER-GEN,1201002,INVENTORY FINISHED PRODUCTS,100.0,9382.0,93.82,1
10000693,KLR-FG,1201002,INVENTORY FINISHED PRODUCTS,1707.0,160150.74,93.82,79
10000693,KLR-SER,1201002,INVENTORY FINISHED PRODUCTS,119.0,11164.58,93.82,3
10000693,KLR-SR,1201002,INVENTORY FINISHED PRODUCTS,221.0,20734.22,93.82,12
10000693,VIJW-GEN,1201002,INVENTORY FINISHED PRODUCTS,56.0,5253.92,93.82,1
10000694,KLR-FG,1201002,INVENTORY FINISHED PRODUCTS,246.0,16833.78,68.43,4
10000697,KLR-FG,1201002,INVENTORY FINISHED PRODUCTS,18.0,12474.0,693.0,13
10000697,KLR-QC,1201002,INVENTORY FINISHED PRODUCTS,80.0,55440.0,693.0,1
10000697,KLR-SER,1201002,INVENTORY FINISHED PRODUCTS,-91.0,0.0,0.0,4
10000697,KLR-SR,1201002,INVENTORY FINISHED PRODUCTS,4.0,2772.0,693.0,7
10000698,KER-FG,1201002,INVENTORY FINISHED PRODUCTS,-8.0,0.0,0.0,3
10000698,KLR-EXS,1201002,INVENTORY FINISHED PRODUCTS,18.0,10782.0,599.0,7
10000698,VIJW-FG,1201002,INVENTORY FINISHED PRODUCTS,-12.0,0.0,0.0,6
10000701,KLR-EXS,1201002,INVENTORY FINISHED PRODUCTS,10.0,716.8,71.68,1
10000702,KLR-FG,1201002,INVENTORY FINISHED PRODUCTS,12.0,5640.0,470.0,24
10000702,KLR-SR,1201002,INVENTORY FINISHED PRODUCTS,3.0,1410.0,470.0,16
10000703,KLR-FG,1201002,INVENTORY FINISHED PRODUCTS,72.0,18537.12,257.46,48
10000704,KLR-FG,1201002,INVENTORY FINISHED PRODUCTS,92.0,5704.0,62.0,246
10000704,KLR-SR,1201002,INVENTORY FINISHED PRODUCTS,1.0,62.0,62.0,7
10000705,KLR-FG,1201002,INVENTORY FINISHED PRODUCTS,54.0,3996.0,74.0,203
10000705,KLR-SR,1201002,INVENTORY FINISHED PRODUCTS,2.0,148.0,74.0,10
10000708,KLR-GEN,1201002,INVENTORY FINISHED PRODUCTS,2407.0,228520.58,94.94,2
10000709,KLR-EXS,1201002,INVENTORY FINISHED PRODUCTS,86.0,12463.12,144.92,1
10000709,KLR-GEN,1201002,INVENTORY FINISHED PRODUCTS,51.0,3672.0,72.0,2
10000709,KLR-SR,1201002,INVENTORY FINISHED PRODUCTS,1.0,72.0,72.0,1
10000710,KLR-EXS,1201002,INVENTORY FINISHED PRODUCTS,63.0,75600.0,1200.0,2
10000710,KLR-GEN,1201002,INVENTORY FINISHED PRODUCTS,2.0,784.24,392.12,2
10000711,KLR-EXS,1201002,INVENTORY FINISHED PRODUCTS,122.0,21960.0,180.0,1
10000711,KLR-GEN,1201002,INVENTORY FINISHED PRODUCTS,60.0,12757.8,212.63,3
10000711,KLR-SR,1201002,INVENTORY FINISHED PRODUCTS,20.0,5410.8,270.54,3
10000712,KLR-EXS,1201002,INVENTORY FINISHED PRODUCTS,109.0,23176.67,212.63,1
10000713,KLR-EXS,1201002,INVENTORY FINISHED PRODUCTS,48.0,26392.8,549.85,1
10000714,KLR-EXS,1201002,INVENTORY FINISHED PRODUCTS,20.0,7321.4,366.07,1
10000714,KLR-GEN,1201002,INVENTORY FINISHED PRODUCTS,6.0,2438.46,406.41,2
10000714,KLR-SER,1201002,INVENTORY FINISHED PRODUCTS,1.0,406.41,406.41,1
10000714,KLR-SR,1201002,INVENTORY FINISHED PRODUCTS,3.0,1219.23,406.41,2
10000715,KLR-EXS,1201002,INVENTORY FINISHED PRODUCTS,1.0,610.71,610.71,1
10000715,KLR-GEN,1201002,INVENTORY FINISHED PRODUCTS,10.0,5084.8,508.48,1
10000716,KLR-EXS,1201002,INVENTORY FINISHED PRODUCTS,29.0,12143.75,418.75,1
10000716,KLR-GEN,1201002,INVENTORY FINISHED PRODUCTS,9.0,5062.32,562.48,2
10000716,KLR-SR,1201002,INVENTORY FINISHED PRODUCTS,1.0,562.48,562.48,1
10000717,KLR-EXS,1201002,INVENTORY FINISHED PRODUCTS,96.0,58714.56,611.61,1
10000717,KLR-GEN,1201002,INVENTORY FINISHED PRODUCTS,20.0,12221.8,611.09,2
10000717,KLR-SER,1201002,INVENTORY FINISHED PRODUCTS,2.0,1222.18,611.09,2
10000717,KLR-SR,1201002,INVENTORY FINISHED PRODUCTS,1.0,611.09,611.09,3
10000718,KLR-EXS,1201002,INVENTORY FINISHED PRODUCTS,11.0,63938.93,5812.63,2
10000718,KLR-GEN,1201002,INVENTORY FINISHED PRODUCTS,6.0,34875.78,5812.63,3
10000718,PKD-GEN,1201002,INVENTORY FINISHED PRODUCTS,1.0,5812.63,5812.63,1
10000719,KLR-EXS,1201002,INVENTORY FINISHED PRODUCTS,43.0,15243.5,354.5,2
10000720,KLR-EXS,1201002,INVENTORY FINISHED PRODUCTS,85.0,32177.6,378.56,2
10000721,KLR-EXS,1201002,INVENTORY FINISHED PRODUCTS,58.0,30070.68,518.46,1
10000721,KLR-GEN,1201002,INVENTORY FINISHED PRODUCTS,2.0,1036.92,518.46,2
10000722,KLR-EXS,1201002,INVENTORY FINISHED PRODUCTS,25.0,9803.0,392.12,1
10000723,KLR-EXS,1201002,INVENTORY FINISHED PRODUCTS,1.0,128.05,128.05,1
10000725,KLR-FG,1201002,INVENTORY FINISHED PRODUCTS,4166.0,149976.0,36.0,16
10000725,KLR-SR,1201002,INVENTORY FINISHED PRODUCTS,49.0,1764.0,36.0,1
10000726,KLR-EXS,1201002,INVENTORY FINISHED PRODUCTS,145.0,696.0,4.8,1
10000726,KLR-FG,1201002,INVENTORY FINISHED PRODUCTS,5.0,24.0,4.8,5
10000727,KLR-FG,1201002,INVENTORY FINISHED PRODUCTS,3.0,416.4,138.8,8
10000727,KLR-SR,1201002,INVENTORY FINISHED PRODUCTS,5.0,694.0,138.8,4
10000728,KLR-EXS,1201002,INVENTORY FINISHED PRODUCTS,120.0,12744.0,106.2,1
10000729,KLR-FG,1201002,INVENTORY FINISHED PRODUCTS,78.0,10140.0,130.0,5
10000729,KLR-SR,1201002,INVENTORY FINISHED PRODUCTS,14.0,1820.0,130.0,4
10000730,KLR-EXS,1201002,INVENTORY FINISHED PRODUCTS,142.0,21811.2,153.6,2
10000732,KLR-EXS,1201002,INVENTORY FINISHED PRODUCTS,100.0,9380.0,93.8,1
10000733,KLR-EXS,1201002,INVENTORY FINISHED PRODUCTS,20.0,1296.0,64.8,1
10000736,KLR-EXS,1201002,INVENTORY FINISHED PRODUCTS,25.0,572.5,22.9,1
10000739,KLR-EXS,1201002,INVENTORY FINISHED PRODUCTS,95.0,2441.5,25.7,1
10000740,KLR-EXS,1201002,INVENTORY FINISHED PRODUCTS,90.0,2214.0,24.6,1
10000741,KLR-EXS,1201002,INVENTORY FINISHED PRODUCTS,95.0,1890.5,19.9,1
10000742,KLR-EXS,1201002,INVENTORY FINISHED PRODUCTS,389.0,5484.9,14.1,2
10000744,KLR-FG,1201002,INVENTORY FINISHED PRODUCTS,43.0,885.8,20.6,7
10000744,KLR-SR,1201002,INVENTORY FINISHED PRODUCTS,2.0,41.2,20.6,1
10000745,KLR-FG,1201002,INVENTORY FINISHED PRODUCTS,411.0,7233.6,17.6,7
10000746,KER-GEN,1201002,INVENTORY FINISHED PRODUCTS,12.0,9684.0,807.0,1
10000746,KER-SR,1201002,INVENTORY FINISHED PRODUCTS,7.0,5649.0,807.0,1
10000746,KLR-FG,1201002,INVENTORY FINISHED PRODUCTS,44.0,35508.0,807.0,58
10000746,KLR-SR,1201002,INVENTORY FINISHED PRODUCTS,6.0,4842.0,807.0,25
10000746,VIJW-GEN,1201002,INVENTORY FINISHED PRODUCTS,4.0,3228.0,807.0,1
10000747,KLR-FG,1201002,INVENTORY FINISHED PRODUCTS,40.0,1232.0,30.8,17
10000748,KLR-EXS,1201002,INVENTORY FINISHED PRODUCTS,146.0,6285.3,43.05,1
10000748,KLR-FG,1201002,INVENTORY FINISHED PRODUCTS,106.0,4563.3,43.05,13
10000750,KLR-EXS,1201002,INVENTORY FINISHED PRODUCTS,52.0,15184.0,292.0,1
10000750,KLR-FG,1201002,INVENTORY FINISHED PRODUCTS,11.0,3212.0,292.0,71
10000750,KLR-QC,1201002,INVENTORY FINISHED PRODUCTS,6.0,1752.0,292.0,3
10000753,KLR-EXS,1201002,INVENTORY FINISHED PRODUCTS,3.0,254.46,84.82,1
10000754,KLR-EXS,1201002,INVENTORY FINISHED PRODUCTS,17.0,2307.07,135.71,1
10000755,KLR-FG,1201002,INVENTORY FINISHED PRODUCTS,50.0,6183.5,123.67,25
10000756,KLR-EXS,1201002,INVENTORY FINISHED PRODUCTS,8.0,1880.0,235.0,1
10000758,KLR-FG,1201002,INVENTORY FINISHED PRODUCTS,328.0,99876.0,304.5,35
10000758,KLR-SER,1201002,INVENTORY FINISHED PRODUCTS,36.0,10962.0,304.5,1
10000758,VIJW-GEN,1201002,INVENTORY FINISHED PRODUCTS,306.0,93177.0,304.5,1
10000761,KLR-FG,1201002,INVENTORY FINISHED PRODUCTS,147.0,19911.15,135.45,28
10000761,KLR-SR,1201002,INVENTORY FINISHED PRODUCTS,2.0,270.9,135.45,3
10000762,KLR-EXS,1201002,INVENTORY FINISHED PRODUCTS,117.0,13209.3,112.9,1
10000762,KLR-SR,1201002,INVENTORY FINISHED PRODUCTS,4.0,451.6,112.9,3
10000763,VIJW-GEN,1201002,INVENTORY FINISHED PRODUCTS,30.0,5165.1,172.17,1
10000764,KLR-FG,1201002,INVENTORY FINISHED PRODUCTS,3.0,419.1,139.7,17
10000764,KLR-SR,1201002,INVENTORY FINISHED PRODUCTS,13.0,1816.1,139.7,4
10000765,KLR-FG,1201002,INVENTORY FINISHED PRODUCTS,396.0,50240.52,126.87,20
10000765,KLR-SR,1201002,INVENTORY FINISHED PRODUCTS,92.0,11672.04,126.87,5
10000765,VIJW-GEN,1201002,INVENTORY FINISHED PRODUCTS,30.0,3806.1,126.87,1
10000767,KLR-FG,1201002,INVENTORY FINISHED PRODUCTS,71.0,6603.0,93.0,3
10000768,BAN-GEN,1201002,INVENTORY FINISHED PRODUCTS,60.0,6774.0,112.9,1
10000768,KER-GEN,1201002,INVENTORY FINISHED PRODUCTS,30.0,3387.0,112.9,1
10000768,KLR-EXS,1201002,INVENTORY FINISHED PRODUCTS,435.59616,49178.8,112.899985,3
10000768,KLR-FG,1201002,INVENTORY FINISHED PRODUCTS,74.996,8467.05,112.900021,31
10000768,VIJW-GEN,1201002,INVENTORY FINISHED PRODUCTS,60.0,6774.0,112.9,1
10000769,KLR-FG,1201002,INVENTORY FINISHED PRODUCTS,290.0,49929.29,172.169966,23
10000769,KLR-SR,1201002,INVENTORY FINISHED PRODUCTS,13.0,2238.21,172.17,1
10000769,VIJW-GEN,1201002,INVENTORY FINISHED PRODUCTS,29.0,4992.93,172.17,1
10000770,KLR-FG,1201002,INVENTORY FINISHED PRODUCTS,519.0,72504.3,139.7,34
10000770,KLR-SER,1201002,INVENTORY FINISHED PRODUCTS,20.0,2794.0,139.7,2
10000770,KLR-SR,1201002,INVENTORY FINISHED PRODUCTS,4.0,558.8,139.7,1
10000771,KLR-EXS,1201002,INVENTORY FINISHED PRODUCTS,79.0,10022.73,126.87,2
10000771,KLR-FG,1201002,INVENTORY FINISHED PRODUCTS,78.0,9895.86,126.87,25
10000771,VIJW-GEN,1201002,INVENTORY FINISHED PRODUCTS,54.0,6850.98,126.87,1
10000772,BAN-FG,1201002,INVENTORY FINISHED PRODUCTS,71.0,9616.95,135.45,10
10000772,KER-FG,1201002,INVENTORY FINISHED PRODUCTS,197.0,26683.65,135.45,11
10000772,KLR-EXS,1201002,INVENTORY FINISHED PRODUCTS,96.34783,13050.31,135.449963,5
10000772,KLR-FG,1201002,INVENTORY FINISHED PRODUCTS,1147.998,155496.33,135.450001,127
10000772,KLR-SR,1201002,INVENTORY FINISHED PRODUCTS,3.0,406.35,135.45,19
10000772,PKD-GEN,1201002,INVENTORY FINISHED PRODUCTS,2.0,270.9,135.45,2
10000772,VIJW-FG,1201002,INVENTORY FINISHED PRODUCTS,12.0,1625.4,135.45,10
10000773,KLR-FG,1201002,INVENTORY FINISHED PRODUCTS,1.0,1013.45,1013.45,11
10000774,KLR-FG,1201002,INVENTORY FINISHED PRODUCTS,1.0,3680.0,3680.0,5
10000775,KLR-FG,1201002,INVENTORY FINISHED PRODUCTS,3.0,8041.95,2680.65,12
10000777,KLR-FG,1201002,INVENTORY FINISHED PRODUCTS,6.0,3843.0,640.5,13
10000778,KLR-FG,1201002,INVENTORY FINISHED PRODUCTS,4.0,4053.8,1013.45,5
10000780,BAN-FG,1201002,INVENTORY FINISHED PRODUCTS,64.0,35216.64,550.26,9
10000780,KER-GEN,1201002,INVENTORY FINISHED PRODUCTS,72.0,39618.72,550.26,1
10000780,KLR-EXS,1201002,INVENTORY FINISHED PRODUCTS,101.0,55576.26,550.26,10
10000780,KLR-SER,1201002,INVENTORY FINISHED PRODUCTS,10.0,5502.6,550.26,4
10000780,KLR-SR,1201002,INVENTORY FINISHED PRODUCTS,-3.0,-1650.78,550.26,5
10000782,KLR-EXS,1201002,INVENTORY FINISHED PRODUCTS,25.0,5842.0,233.68,1
10000782,KLR-FG,1201002,INVENTORY FINISHED PRODUCTS,5.0,1168.4,233.68,58
10000782,KLR-SUB,1201002,INVENTORY FINISHED PRODUCTS,1.0,233.68,233.68,1
10000805,KLR-FG,1201002,INVENTORY FINISHED PRODUCTS,1.0,1235.49,1235.49,5
10000806,KLR-FG,1201002,INVENTORY FINISHED PRODUCTS,4.0,4941.96,1235.49,3
10000808,KER-FG,1201002,INVENTORY FINISHED PRODUCTS,3.0,3587.01,1195.67,207
10000808,KLR-EXS,1201002,INVENTORY FINISHED PRODUCTS,69.0,82501.23,1195.67,5
10000812,KLR-FG,1201002,INVENTORY FINISHED PRODUCTS,1.0,797.24,797.24,3
10000814,KLR-FG,1201002,INVENTORY FINISHED PRODUCTS,178.0,7257.06,40.77,9
10000815,KLR-FG,1201002,INVENTORY FINISHED PRODUCTS,484.0,26436.08,54.62,15
10000816,KLR-FG,1201002,INVENTORY FINISHED PRODUCTS,186.0,21974.04,118.14,26
10000817,KLR-EXS,1201002,INVENTORY FINISHED PRODUCTS,432.0,36495.36,84.48,1
10000819,KLR-EXS,1201002,INVENTORY FINISHED PRODUCTS,2717.0,230945.0,85.0,1
10000819,KLR-FG,1201002,INVENTORY FINISHED PRODUCTS,702.0,59670.0,85.0,15
10000820,KLR-FG,1201002,INVENTORY FINISHED PRODUCTS,1419.0,134095.5,94.5,15
10000823,KLR-FG,1201002,INVENTORY FINISHED PRODUCTS,6.0,1192.2,198.7,3
10000828,KLR-FG,1201002,INVENTORY FINISHED PRODUCTS,26.0,12261.08,471.58,5
10000829,KLR-EXS,1201002,INVENTORY FINISHED PRODUCTS,6.0,2691.42,448.57,1
10000830,BAN-FG,1201002,INVENTORY FINISHED PRODUCTS,72.0,26955.36,374.38,2
10000830,KER-GEN,1201002,INVENTORY FINISHED PRODUCTS,20.0,7487.6,374.38,1
10000830,KLR-FG,1201002,INVENTORY FINISHED PRODUCTS,736.0,275543.68,374.38,100
10000830,KLR-SR,1201002,INVENTORY FINISHED PRODUCTS,37.0,13852.06,374.38,5
10000831,BAN-FG,1201002,INVENTORY FINISHED PRODUCTS,64.0,27916.8,436.2,2
10000831,KLR-FG,1201002,INVENTORY FINISHED PRODUCTS,323.0,140892.6,436.2,102
10000831,KLR-SR,1201002,INVENTORY FINISHED PRODUCTS,25.0,10905.0,436.2,4
10000831,VIJW-FG,1201002,INVENTORY FINISHED PRODUCTS,8.0,3489.6,436.2,17
10000832,BAN-FG,1201002,INVENTORY FINISHED PRODUCTS,72.0,39111.84,543.22,2
10000832,KER-FG,1201002,INVENTORY FINISHED PRODUCTS,32.0,17383.04,543.22,19
10000832,KER-GEN,1201002,INVENTORY FINISHED PRODUCTS,5.0,2716.1,543.22,1
10000832,KLR-FG,1201002,INVENTORY FINISHED PRODUCTS,368.0,199904.96,543.22,115
10000832,KLR-SR,1201002,INVENTORY FINISHED PRODUCTS,3.0,1629.66,543.22,4
10000832,VIJW-FG,1201002,INVENTORY FINISHED PRODUCTS,4.0,2172.88,543.22,15
10000833,BAN-FG,1201002,INVENTORY FINISHED PRODUCTS,64.0,37905.28,592.27,2
10000833,KER-FG,1201002,INVENTORY FINISHED PRODUCTS,27.0,15991.29,592.27,29
10000833,KER-GEN,1201002,INVENTORY FINISHED PRODUCTS,3.0,1776.81,592.27,1
10000833,KLR-FG,1201002,INVENTORY FINISHED PRODUCTS,604.0,357731.08,592.27,109
10000833,KLR-SR,1201002,INVENTORY FINISHED PRODUCTS,9.0,5330.43,592.27,5
10000833,VIJW-FG,1201002,INVENTORY FINISHED PRODUCTS,10.0,5922.7,592.27,15
10000834,KLR-FG,1201002,INVENTORY FINISHED PRODUCTS,139.0,79508.0,572.0,51
10000834,KLR-SR,1201002,INVENTORY FINISHED PRODUCTS,63.0,36036.0,572.0,3
10000835,KLR-FG,1201002,INVENTORY FINISHED PRODUCTS,172.0,98384.0,572.0,71
10000835,KLR-SR,1201002,INVENTORY FINISHED PRODUCTS,88.0,50336.0,572.0,4
10000836,KLR-FG,1201002,INVENTORY FINISHED PRODUCTS,43.0,24596.0,572.0,48
10000836,KLR-SR,1201002,INVENTORY FINISHED PRODUCTS,105.0,60060.0,572.0,3
10000837,KLR-FG,1201002,INVENTORY FINISHED PRODUCTS,45.0,25740.0,572.0,58
10000837,KLR-SR,1201002,INVENTORY FINISHED PRODUCTS,59.0,33748.0,572.0,3
10000841,KLR-FG,1201002,INVENTORY FINISHED PRODUCTS,492.0,20270.4,41.2,3
10000842,KLR-FG,1201002,INVENTORY FINISHED PRODUCTS,790.0,13588.0,17.2,3
10000844,KLR-FG,1201002,INVENTORY FINISHED PRODUCTS,24.0,5158.8,214.95,17
10000846,KLR-FG,1201002,INVENTORY FINISHED PRODUCTS,2.0,522.0,261.0,3
10000847,KLR-EXS,1201002,INVENTORY FINISHED PRODUCTS,6.0,2014.2,335.7,1
10000847,KLR-FG,1201002,INVENTORY FINISHED PRODUCTS,15.0,5035.5,335.7,2
10000848,KLR-FG,1201002,INVENTORY FINISHED PRODUCTS,22.0,8840.7,401.85,2
10000849,KLR-EXS,1201002,INVENTORY FINISHED PRODUCTS,37.0,16749.9,452.7,1
10000850,KLR-EXS,1201002,INVENTORY FINISHED PRODUCTS,69.0,32602.5,472.5,1
10000851,KLR-FG,1201002,INVENTORY FINISHED PRODUCTS,144.0,88128.0,612.0,2
10000852,KLR-EXS,1201002,INVENTORY FINISHED PRODUCTS,8.0,5371.2,671.4,1
10000853,KLR-EXS,1201002,INVENTORY FINISHED PRODUCTS,59.0,44391.6,752.4,1
10000857,KLR-FG,1201002,INVENTORY FINISHED PRODUCTS,591.0,96273.9,162.9,3
10000858,KLR-EXS,1201002,INVENTORY FINISHED PRODUCTS,122.0,10931.2,89.6,1
10000858,KLR-FG,1201002,INVENTORY FINISHED PRODUCTS,33.0,2956.8,89.6,3
10000859,KLR-FG,1201002,INVENTORY FINISHED PRODUCTS,112.0,7302.4,65.2,3
10000860,KLR-FG,1201002,INVENTORY FINISHED PRODUCTS,144.0,61056.0,424.0,36
10000861,KLR-FG,1201002,INVENTORY FINISHED PRODUCTS,416.0,215072.0,517.0,27
10000862,KLR-FG,1201002,INVENTORY FINISHED PRODUCTS,202.0,156378.3,774.15,6
10000863,KLR-FG,1201002,INVENTORY FINISHED PRODUCTS,387.0,299596.05,774.15,6
10000864,KLR-FG,1201002,INVENTORY FINISHED PRODUCTS,92.0,86905.04,944.62,6
10000865,KLR-FG,1201002,INVENTORY FINISHED PRODUCTS,208.0,196480.96,944.62,6
10000867,KLR-EXS,1201002,INVENTORY FINISHED PRODUCTS,32.0,6502.4,203.2,1
12000001,KLR-EXS,1201003,SEMI FINISHED GOODS,41.0,358.75,8.75,1
12000003,KLR-EXS,1201003,SEMI FINISHED GOODS,2494.0,52897.74,21.21,1
12000004,KLR-EXS,1201003,SEMI FINISHED GOODS,499.0,89520.6,179.4,1
12000005,KLR-EXS,1201003,SEMI FINISHED GOODS,282.0,242001.12,858.16,1
12000005,KLR-WIP,1201003,SEMI FINISHED GOODS,58.0,49773.28,858.16,37
12000006,KLR-EXS,1201003,SEMI FINISHED GOODS,240.0,17558.4,73.16,1
12000006,KLR-WIP,1201003,SEMI FINISHED GOODS,743.0,48421.31,65.17,111
12000007,KLR-WIP,1201003,SEMI FINISHED GOODS,273.0,41684.37,152.69,20
12000008,KLR-WIP,1201003,SEMI FINISHED GOODS,1171.48485,31020.92,26.480001,7
12000009,KLR-EXS,1201003,SEMI FINISHED GOODS,1.0,157.32,157.32,1
12000012,KLR-EXS,1201003,SEMI FINISHED GOODS,285.0,21394.95,75.07,1
12000012,KLR-SUB,1201003,SEMI FINISHED GOODS,11.0,842.27,76.57,16
12000012,KLR-WIP,1201003,SEMI FINISHED GOODS,16.0,1225.12,76.57,21
12000013,KLR-EXS,1201003,SEMI FINISHED GOODS,12618.0,152551.62,12.09,1
12000013,KLR-QC,1201003,SEMI FINISHED GOODS,2408.0,29112.72,12.09,10
12000015,KLR-EXS,1201003,SEMI FINISHED GOODS,2490.0,346583.1,139.19,2
12000017,KLR-WIP,1201003,SEMI FINISHED GOODS,100.0,6367.0,63.67,4
12000020,KLR-EXS,1201003,SEMI FINISHED GOODS,63.0,120079.89,1906.03,1
12000020,KLR-WIP,1201003,SEMI FINISHED GOODS,72.0,186487.92,2590.11,71
12000021,KLR-EXS,1201003,SEMI FINISHED GOODS,1174.0,14228.88,12.12,1
12000022,KLR-EXS,1201003,SEMI FINISHED GOODS,405.0,250771.95,619.19,2
12000024,KLR-WIP,1201003,SEMI FINISHED GOODS,27.0,322.11,11.93,14
12000029,KLR-EXS,1201003,SEMI FINISHED GOODS,174.0,323965.38,1861.87,1
12000029,KLR-QC,1201003,SEMI FINISHED GOODS,1.0,1861.87,1861.87,2
12000029,KLR-WIP,1201003,SEMI FINISHED GOODS,51.0,94955.37,1861.87,69
12000030,KLR-SUB,1201003,SEMI FINISHED GOODS,1946.0,117363.26,60.31,13
12000030,KLR-WIP,1201003,SEMI FINISHED GOODS,533.0,32145.23,60.31,33
12000031,KLR-WIP,1201003,SEMI FINISHED GOODS,888.0,23691.84,26.68,12
12000034,KLR-SUB,1201003,SEMI FINISHED GOODS,2581.0,125359.17,48.57,6
12000034,KLR-WIP,1201003,SEMI FINISHED GOODS,1098.0,53329.86,48.57,29
12000036,KLR-WIP,1201003,SEMI FINISHED GOODS,73.0,30190.61,413.57,84
12000037,KLR-EXS,1201003,SEMI FINISHED GOODS,1689.0,24541.17,14.53,1
12000037,KLR-WIP,1201003,SEMI FINISHED GOODS,225.0,3269.25,14.53,13
12000038,KLR-WIP,1201003,SEMI FINISHED GOODS,40.0,41653.6,1041.34,36
12000039,KLR-EXS,1201003,SEMI FINISHED GOODS,215.0,6875.7,31.98,1
12000039,KLR-RM,1201003,SEMI FINISHED GOODS,-1014.0,0.0,0.0,2
12000040,KLR-EXS,1201003,SEMI FINISHED GOODS,101.09091,2006.65,19.849955,1
12000040,KLR-WIP,1201003,SEMI FINISHED GOODS,515.90909,10240.8,19.850009,19
12000041,KLR-QC,1201003,SEMI FINISHED GOODS,16.0,4484.48,280.28,4
12000041,KLR-WIP,1201003,SEMI FINISHED GOODS,312.0,87447.36,280.28,60
12000043,KLR-EXS,1201003,SEMI FINISHED GOODS,537.0,6578.25,12.25,1
12000044,KLR-EXS,1201003,SEMI FINISHED GOODS,110.0,4500.1,40.91,1
12000046,KLR-EXS,1201003,SEMI FINISHED GOODS,756.0,51128.28,67.63,1
12000046,KLR-QC,1201003,SEMI FINISHED GOODS,7.0,473.41,67.63,2
12000046,KLR-WIP,1201003,SEMI FINISHED GOODS,203.0,13728.89,67.63,29
12000048,KLR-WIP,1201003,SEMI FINISHED GOODS,320.0,68182.4,213.07,48
12000051,KLR-EXS,1201003,SEMI FINISHED GOODS,1039.0,39087.18,37.62,1
12000052,KLR-EXS,1201003,SEMI FINISHED GOODS,14.0,1118.88,79.92,1
12000054,KLR-WIP,1201003,SEMI FINISHED GOODS,121.0,14829.76,122.56,61
12000055,KLR-EXS,1201003,SEMI FINISHED GOODS,166.0,76896.18,463.23,1
12000055,KLR-WIP,1201003,SEMI FINISHED GOODS,144.0,39283.2,272.8,28
12000056,KLR-EXS,1201003,SEMI FINISHED GOODS,468.0,118483.56,253.17,1
12000056,KLR-WIP,1201003,SEMI FINISHED GOODS,454.0,112006.34,246.71,51
12000057,KLR-EXS,1201003,SEMI FINISHED GOODS,1355.0,26083.75,19.25,1
12000057,KLR-QC,1201003,SEMI FINISHED GOODS,997.0,19192.25,19.25,3
12000057,KLR-WIP,1201003,SEMI FINISHED GOODS,316.0,6083.0,19.25,10
12000058,KLR-EXS,1201003,SEMI FINISHED GOODS,189.0,18155.34,96.06,1
12000058,KLR-WIP,1201003,SEMI FINISHED GOODS,118.0,11359.86,96.27,52
12000059,KLR-EXS,1201003,SEMI FINISHED GOODS,639.0,61874.37,96.83,2
12000059,KLR-WIP,1201003,SEMI FINISHED GOODS,160.0,15492.8,96.83,74
12000060,KLR-EXS,1201003,SEMI FINISHED GOODS,3.0,239.76,79.92,1
12000061,KLR-WIP,1201003,SEMI FINISHED GOODS,178.0,11151.7,62.65,61
12000062,KLR-EXS,1201003,SEMI FINISHED GOODS,500.0,90735.0,181.47,1
12000062,KLR-QC,1201003,SEMI FINISHED GOODS,24.0,3804.96,158.54,3
12000062,KLR-WIP,1201003,SEMI FINISHED GOODS,280.0,44391.2,158.54,171
12000066,KLR-WIP,1201003,SEMI FINISHED GOODS,350.0,19834.5,56.67,16
12000069,KLR-EXS,1201003,SEMI FINISHED GOODS,504.0,42658.56,84.64,1
12000070,KLR-EXS,1201003,SEMI FINISHED GOODS,435.0,69917.55,160.73,1
12000070,KLR-WIP,1201003,SEMI FINISHED GOODS,52.0,8357.96,160.73,31
12000076,KLR-EXS,1201003,SEMI FINISHED GOODS,14.0,618.52,44.18,1
12000077,KLR-EXS,1201003,SEMI FINISHED GOODS,308.0,10333.4,33.55,1
12000077,KLR-WIP,1201003,SEMI FINISHED GOODS,327.0,9891.75,30.25,53
12000078,KLR-WIP,1201003,SEMI FINISHED GOODS,3264.0,159838.08,48.97,27
12000079,KLR-EXS,1201003,SEMI FINISHED GOODS,975.0,88218.0,90.48,2
12000080,KLR-EXS,1201003,SEMI FINISHED GOODS,1947.0,35980.56,18.48,1
12000081,KLR-EXS,1201003,SEMI FINISHED GOODS,1013.0,22174.57,21.89,1
12000082,KLR-QC,1201003,SEMI FINISHED GOODS,864.0,7274.88,8.42,15
12000082,KLR-WIP,1201003,SEMI FINISHED GOODS,5869.33333,49419.79,8.420001,85
12000084,KLR-EXS,1201003,SEMI FINISHED GOODS,16.0,1650.72,103.17,1
12000085,KLR-EXS,1201003,SEMI FINISHED GOODS,2419.0,82729.8,34.2,1
12000085,KLR-QC,1201003,SEMI FINISHED GOODS,2110.0,72162.0,34.2,2
12000085,KLR-WIP,1201003,SEMI FINISHED GOODS,3370.0,115254.0,34.2,397
12000086,KLR-EXS,1201003,SEMI FINISHED GOODS,1298.0,161120.74,124.13,1
12000086,KLR-WIP,1201003,SEMI FINISHED GOODS,287.0,35625.31,124.13,32
12000090,KLR-EXS,1201003,SEMI FINISHED GOODS,190.0,43916.6,231.14,1
12000090,KLR-WIP,1201003,SEMI FINISHED GOODS,48.0,10878.72,226.64,36
12000092,KLR-EXS,1201003,SEMI FINISHED GOODS,55.0,12931.6,235.12,1
12000092,KLR-WIP,1201003,SEMI FINISHED GOODS,5.0,1133.2,226.64,39
12000093,KLR-EXS,1201003,SEMI FINISHED GOODS,171.0,13680.0,80.0,1
12000093,KLR-WIP,1201003,SEMI FINISHED GOODS,48.0,3840.0,80.0,31
12000094,KLR-EXS,1201003,SEMI FINISHED GOODS,145.0,5246.1,36.18,1
12000094,KLR-WIP,1201003,SEMI FINISHED GOODS,129.0,4667.22,36.18,34
12000095,KLR-SUB,1201003,SEMI FINISHED GOODS,8.0,3194.96,399.37,11
12000095,KLR-WIP,1201003,SEMI FINISHED GOODS,193.0,77078.41,399.37,52
12000096,KLR-EXS,1201003,SEMI FINISHED GOODS,1422.0,65938.14,46.37,2
12000097,KLR-EXS,1201003,SEMI FINISHED GOODS,99.0,362.34,3.66,1
12000099,KLR-EXS,1201003,SEMI FINISHED GOODS,1120.0,530633.6,473.78,1
12000101,KLR-EXS,1201003,SEMI FINISHED GOODS,159.0,9222.0,58.0,1
12000101,KLR-WIP,1201003,SEMI FINISHED GOODS,13.0,754.0,58.0,33
12000102,KLR-EXS,1201003,SEMI FINISHED GOODS,47.0,2295.01,48.83,1
12000102,KLR-WIP,1201003,SEMI FINISHED GOODS,22.0,1074.26,48.83,86
12000104,KLR-EXS,1201003,SEMI FINISHED GOODS,42.0,989.52,23.56,1
12000104,KLR-WIP,1201003,SEMI FINISHED GOODS,283.0,6667.48,23.56,91
12000107,KLR-WIP,1201003,SEMI FINISHED GOODS,535.0,33662.2,62.92,74
12000112,KLR-WIP,1201003,SEMI FINISHED GOODS,2534.0,31396.26,12.39,5
12000113,KLR-EXS,1201003,SEMI FINISHED GOODS,241.0,16359.08,67.88,1
12000113,KLR-SUB,1201003,SEMI FINISHED GOODS,9.0,610.92,67.88,5
12000115,KLR-WIP,1201003,SEMI FINISHED GOODS,595.0,7318.5,12.3,89
12000116,KLR-EXS,1201003,SEMI FINISHED GOODS,5734.0,53956.94,9.41,1
12000117,KLR-EXS,1201003,SEMI FINISHED GOODS,180.0,36696.6,203.87,1
12000117,KLR-WIP,1201003,SEMI FINISHED GOODS,541.0,126355.96,233.56,48
12000118,KLR-EXS,1201003,SEMI FINISHED GOODS,316.0,39490.52,124.97,1
12000118,KLR-WIP,1201003,SEMI FINISHED GOODS,33.0,4124.01,124.97,6
12000120,KLR-EXS,1201003,SEMI FINISHED GOODS,290.0,79135.2,272.88,1
12000120,KLR-SUB,1201003,SEMI FINISHED GOODS,10.0,2728.8,272.88,36
12000120,KLR-WIP,1201003,SEMI FINISHED GOODS,251.0,68492.88,272.88,69
12000121,KLR-EXS,1201003,SEMI FINISHED GOODS,233.0,51949.68,222.96,1
12000121,KLR-WIP,1201003,SEMI FINISHED GOODS,249.0,54782.49,220.01,112
12000122,KLR-EXS,1201003,SEMI FINISHED GOODS,171.0,9213.48,53.88,1
12000122,KLR-REJ,1201003,SEMI FINISHED GOODS,78.0,4202.64,53.88,1
12000122,KLR-WIP,1201003,SEMI FINISHED GOODS,717.0,38631.96,53.88,74
12000123,KLR-WIP,1201003,SEMI FINISHED GOODS,156.0,5132.4,32.9,94
12000125,KLR-WIP,1201003,SEMI FINISHED GOODS,367.0,55842.72,152.16,78
12000130,KLR-EXS,1201003,SEMI FINISHED GOODS,533.0,25584.0,48.0,1
12000130,KLR-WIP,1201003,SEMI FINISHED GOODS,214.0,10272.0,48.0,15
12000131,KLR-WIP,1201003,SEMI FINISHED GOODS,173.0,4010.14,23.18,28
12000132,KLR-EXS,1201003,SEMI FINISHED GOODS,4043.0,125171.28,30.96,1
12000132,KLR-WIP,1201003,SEMI FINISHED GOODS,146.0,4898.3,33.55,117
12000133,KLR-EXS,1201003,SEMI FINISHED GOODS,3023.84,28696.24,9.489999,1
12000133,KLR-QC,1201003,SEMI FINISHED GOODS,1080.16,10250.72,9.490001,12
12000133,KLR-WIP,1201003,SEMI FINISHED GOODS,912.0,8654.88,9.49,128
12000134,KLR-WIP,1201003,SEMI FINISHED GOODS,37.0,8232.5,222.5,5
12000135,KLR-EXS,1201003,SEMI FINISHED GOODS,2123.0,40612.99,19.13,1
12000135,KLR-WIP,1201003,SEMI FINISHED GOODS,179.0,3816.28,21.32,124
12000136,KLR-WIP,1201003,SEMI FINISHED GOODS,96.0,130126.08,1355.48,78
12000137,KLR-EXS,1201003,SEMI FINISHED GOODS,22.0,1247.4,56.7,1
12000139,KLR-WIP,1201003,SEMI FINISHED GOODS,1285.0,43420.15,33.79,5
12000140,KLR-EXS,1201003,SEMI FINISHED GOODS,546.0,27207.18,49.83,1
12000140,KLR-WIP,1201003,SEMI FINISHED GOODS,42.0,2092.86,49.83,23
12000141,KLR-EXS,1201003,SEMI FINISHED GOODS,314.0,138326.42,440.53,1
12000141,KLR-WIP,1201003,SEMI FINISHED GOODS,297.0,149589.99,503.67,153
12000142,KLR-EXS,1201003,SEMI FINISHED GOODS,2946.0,184125.0,62.5,1
12000143,KLR-EXS,1201003,SEMI FINISHED GOODS,12212.0,829194.8,67.9,1
12000144,KLR-WIP,1201003,SEMI FINISHED GOODS,197.0,4930.91,25.03,24
12000147,KLR-SUB,1201003,SEMI FINISHED GOODS,18.0,686.52,38.14,5
12000147,KLR-WIP,1201003,SEMI FINISHED GOODS,1500.0,57210.0,38.14,20
12000149,KLR-QC,1201003,SEMI FINISHED GOODS,1012.0,56844.04,56.17,1
12000149,KLR-WIP,1201003,SEMI FINISHED GOODS,4.0,224.68,56.17,10
12000151,KLR-EXS,1201003,SEMI FINISHED GOODS,1204.0,14749.0,12.25,1
12000152,KLR-EXS,1201003,SEMI FINISHED GOODS,705.0,30568.8,43.36,1
12000153,KLR-EXS,1201003,SEMI FINISHED GOODS,58.0,25264.8,435.6,1
12000154,KLR-WIP,1201003,SEMI FINISHED GOODS,1091.66667,22379.17,20.500003,5
12000156,KLR-WIP,1201003,SEMI FINISHED GOODS,237.0,7986.9,33.7,10
12000157,KLR-EXS,1201003,SEMI FINISHED GOODS,714.0,36356.88,50.92,1
12000158,KLR-EXS,1201003,SEMI FINISHED GOODS,779.0,38404.7,49.3,1
12000158,KLR-REJ,1201003,SEMI FINISHED GOODS,1.0,49.3,49.3,1
12000158,KLR-WIP,1201003,SEMI FINISHED GOODS,582.0,28692.6,49.3,13
12000159,KLR-EXS,1201003,SEMI FINISHED GOODS,304.0,50114.4,164.85,1
12000159,KLR-WIP,1201003,SEMI FINISHED GOODS,311.0,51268.35,164.85,25
12000160,KLR-WIP,1201003,SEMI FINISHED GOODS,30.0,1795.8,59.86,26
12000161,KLR-EXS,1201003,SEMI FINISHED GOODS,121.0,76429.65,631.65,1
12000162,KLR-WIP,1201003,SEMI FINISHED GOODS,1510.0,242808.0,160.8,14
12000163,KLR-QC,1201003,SEMI FINISHED GOODS,2506.0,111542.06,44.51,3
12000163,KLR-SUB,1201003,SEMI FINISHED GOODS,1.0,44.51,44.51,1
12000163,KLR-WIP,1201003,SEMI FINISHED GOODS,1415.0,62981.65,44.51,52
12000166,KLR-EXS,1201003,SEMI FINISHED GOODS,23.0,2716.07,118.09,1
12000167,KLR-WIP,1201003,SEMI FINISHED GOODS,27.0,772.74,28.62,71
12000169,KLR-EXS,1201003,SEMI FINISHED GOODS,1082.0,36095.52,33.36,1
12000169,KLR-WIP,1201003,SEMI FINISHED GOODS,5.0,166.8,33.36,9
12000170,KLR-EXS,1201003,SEMI FINISHED GOODS,46.0,13984.0,304.0,1
12000170,KLR-WIP,1201003,SEMI FINISHED GOODS,56.0,17024.0,304.0,15
12000172,KLR-WIP,1201003,SEMI FINISHED GOODS,35.0,7060.2,201.72,142
12000174,KLR-EXS,1201003,SEMI FINISHED GOODS,30.0,5070.6,169.02,1
12000174,KLR-WIP,1201003,SEMI FINISHED GOODS,94.0,15887.88,169.02,2
12000175,KLR-EXS,1201003,SEMI FINISHED GOODS,19.0,1529.5,80.5,1
12000175,KLR-WIP,1201003,SEMI FINISHED GOODS,40.0,3220.0,80.5,2
12000176,KLR-EXS,1201003,SEMI FINISHED GOODS,180.0,108235.8,601.31,1
12000177,KLR-EXS,1201003,SEMI FINISHED GOODS,122.0,169519.0,1389.5,1
12000177,KLR-WIP,1201003,SEMI FINISHED GOODS,72.0,100044.0,1389.5,69
12000178,KLR-EXS,1201003,SEMI FINISHED GOODS,2090.0,43513.8,20.82,1
12000179,KLR-WIP,1201003,SEMI FINISHED GOODS,386.0,13957.76,36.16,56
12000180,KLR-EXS,1201003,SEMI FINISHED GOODS,786.0,22794.0,29.0,1
12000180,KLR-WIP,1201003,SEMI FINISHED GOODS,264.0,7365.6,27.9,146
12000181,KLR-WIP,1201003,SEMI FINISHED GOODS,7787.0,441600.77,56.71,308
12000183,KLR-WIP,1201003,SEMI FINISHED GOODS,724.0,42035.44,58.06,8
12000184,KLR-WIP,1201003,SEMI FINISHED GOODS,573.0,20020.62,34.94,129
12000185,KLR-WIP,1201003,SEMI FINISHED GOODS,973.0,100754.15,103.55,58
12000186,KLR-EXS,1201003,SEMI FINISHED GOODS,4278.0,117217.2,27.4,1
12000186,KLR-WIP,1201003,SEMI FINISHED GOODS,20.0,480.4,24.02,52
12000189,KLR-WIP,1201003,SEMI FINISHED GOODS,2446.0,206099.96,84.26,28
12000191,KLR-WIP,1201003,SEMI FINISHED GOODS,88.0,9240.0,105.0,1
12000192,KLR-EXS,1201003,SEMI FINISHED GOODS,7.0,63.91,9.13,1
12000195,KLR-EXS,1201003,SEMI FINISHED GOODS,2229.0,18522.99,8.31,1
12000195,KLR-WIP,1201003,SEMI FINISHED GOODS,84.0,698.04,8.31,3
12000196,KLR-EXS,1201003,SEMI FINISHED GOODS,1931.0,3862.0,2.0,1
12000197,KLR-WIP,1201003,SEMI FINISHED GOODS,184.0,17476.32,94.98,35
12000198,KLR-WIP,1201003,SEMI FINISHED GOODS,81.0,2620.35,32.35,39
12000201,KLR-EXS,1201003,SEMI FINISHED GOODS,510.0,40759.2,79.92,1
12000202,KLR-WIP,1201003,SEMI FINISHED GOODS,360.0,14497.2,40.27,24
12000203,KLR-EXS,1201003,SEMI FINISHED GOODS,55.0,1113.75,20.25,1
12000203,KLR-WIP,1201003,SEMI FINISHED GOODS,26.0,526.5,20.25,23
12000205,KLR-QC,1201003,SEMI FINISHED GOODS,65.0,8068.45,124.13,2
12000205,KLR-SUB,1201003,SEMI FINISHED GOODS,1.0,124.13,124.13,1
12000205,KLR-WIP,1201003,SEMI FINISHED GOODS,2327.0,288850.51,124.13,102
12000206,KLR-EXS,1201003,SEMI FINISHED GOODS,78.0,22461.66,287.97,1
12000207,KLR-EXS,1201003,SEMI FINISHED GOODS,308.0,98199.64,318.83,1
12000207,KLR-WIP,1201003,SEMI FINISHED GOODS,32.0,9103.04,284.47,53
12000208,KLR-EXS,1201003,SEMI FINISHED GOODS,811.0,66988.6,82.6,1
12000209,KLR-WIP,1201003,SEMI FINISHED GOODS,667.0,24465.56,36.68,51
12000210,KLR-EXS,1201003,SEMI FINISHED GOODS,510.0,12433.8,24.38,1
12000210,KLR-WIP,1201003,SEMI FINISHED GOODS,510.0,12433.8,24.38,20
12000211,KLR-WIP,1201003,SEMI FINISHED GOODS,683.0,50248.31,73.57,103
12000212,KLR-EXS,1201003,SEMI FINISHED GOODS,790.0,76037.5,96.25,1
12000212,KLR-WIP,1201003,SEMI FINISHED GOODS,762.0,66255.9,86.95,106
12000213,KLR-EXS,1201003,SEMI FINISHED GOODS,189.0,3721.41,19.69,1
12000213,KLR-QC,1201003,SEMI FINISHED GOODS,111.0,2125.65,19.15,2
12000216,KLR-EXS,1201003,SEMI FINISHED GOODS,2.0,18.84,9.42,1
12000219,KLR-WIP,1201003,SEMI FINISHED GOODS,884.0,58114.16,65.74,117
12000222,KLR-FG,1201003,SEMI FINISHED GOODS,9.0,1866.42,207.38,4
12000224,KLR-EXS,1201003,SEMI FINISHED GOODS,141.0,14169.09,100.49,1
12000224,KLR-WIP,1201003,SEMI FINISHED GOODS,58.0,5828.42,100.49,80
12000225,KLR-WIP,1201003,SEMI FINISHED GOODS,38.0,2241.62,58.99,9
12000228,KLR-QC,1201003,SEMI FINISHED GOODS,11752.0,78385.84,6.67,24
12000228,KLR-SUB,1201003,SEMI FINISHED GOODS,440.0,2934.8,6.67,3
12000228,KLR-WIP,1201003,SEMI FINISHED GOODS,10585.39423,70604.58,6.67,241
12000230,KLR-EXS,1201003,SEMI FINISHED GOODS,860.0,114595.0,133.25,2
12000231,KLR-EXS,1201003,SEMI FINISHED GOODS,221.0,11542.83,52.23,1
12000231,KLR-WIP,1201003,SEMI FINISHED GOODS,370.0,19325.1,52.23,57
12000233,KLR-EXS,1201003,SEMI FINISHED GOODS,256.0,7687.68,30.03,1
12000233,KLR-WIP,1201003,SEMI FINISHED GOODS,3.0,90.09,30.03,20
12000236,KLR-EXS,1201003,SEMI FINISHED GOODS,68.0,4356.76,64.07,1
12000236,KLR-WIP,1201003,SEMI FINISHED GOODS,49.0,2823.38,57.62,55
12000242,KLR-WIP,1201003,SEMI FINISHED GOODS,310.0,12858.8,41.48,31
12000243,KLR-EXS,1201003,SEMI FINISHED GOODS,13.0,2340.0,180.0,1
12000243,KLR-WIP,1201003,SEMI FINISHED GOODS,36.0,6480.0,180.0,6
12000244,KLR-EXS,1201003,SEMI FINISHED GOODS,357.0,106539.51,298.43,1
12000245,KLR-EXS,1201003,SEMI FINISHED GOODS,103.0,31402.64,304.88,1
12000245,KLR-WIP,1201003,SEMI FINISHED GOODS,53.0,15498.79,292.43,73
12000246,KLR-EXS,1201003,SEMI FINISHED GOODS,725.0,27318.0,37.68,1
12000246,KLR-WIP,1201003,SEMI FINISHED GOODS,217.0,8176.56,37.68,64
12000248,KLR-EXS,1201003,SEMI FINISHED GOODS,1605.0,134996.55,84.11,1
12000248,KLR-WIP,1201003,SEMI FINISHED GOODS,531.0,44662.41,84.11,28
12000249,KLR-WIP,1201003,SEMI FINISHED GOODS,133.0,17994.9,135.3,57
12000250,KLR-WIP,1201003,SEMI FINISHED GOODS,282.0,31031.28,110.04,44
12000252,KLR-EXS,1201003,SEMI FINISHED GOODS,781.90828,13878.87,17.749997,1
12000252,KLR-WIP,1201003,SEMI FINISHED GOODS,5865.09172,104105.38,17.75,80
12000254,KLR-EXS,1201003,SEMI FINISHED GOODS,284.0,5543.68,19.52,1
12000254,KLR-WIP,1201003,SEMI FINISHED GOODS,700.0,13664.0,19.52,658
12000255,KLR-EXS,1201003,SEMI FINISHED GOODS,274.0,12187.52,44.48,1
12000255,KLR-WIP,1201003,SEMI FINISHED GOODS,131.0,5826.88,44.48,7
12000256,KLR-EXS,1201003,SEMI FINISHED GOODS,4.0,381.8,95.45,1
12000256,KLR-QC,1201003,SEMI FINISHED GOODS,6078.0,580145.1,95.45,4
12000257,KLR-EXS,1201003,SEMI FINISHED GOODS,546.0,10679.76,19.56,1
12000259,KLR-EXS,1201003,SEMI FINISHED GOODS,2333.0,354755.98,152.06,1
12000259,KLR-WIP,1201003,SEMI FINISHED GOODS,80.0,11708.8,146.36,150
12000260,KLR-WIP,1201003,SEMI FINISHED GOODS,94.0,12090.28,128.62,6
12000261,KLR-EXS,1201003,SEMI FINISHED GOODS,3275.0,31964.0,9.76,2
12000262,KLR-WIP,1201003,SEMI FINISHED GOODS,431.0,16446.96,38.16,2
12000263,KLR-EXS,1201003,SEMI FINISHED GOODS,10.0,1514.9,151.49,1
12000263,KLR-WIP,1201003,SEMI FINISHED GOODS,36.0,5453.64,151.49,2
12000264,KLR-EXS,1201003,SEMI FINISHED GOODS,5404.0,195732.88,36.22,1
12000269,KLR-EXS,1201003,SEMI FINISHED GOODS,81.0,12140.28,149.88,1
12000269,KLR-WIP,1201003,SEMI FINISHED GOODS,19.0,2847.72,149.88,32
12000270,KLR-EXS,1201003,SEMI FINISHED GOODS,14.0,1702.54,121.61,1
12000270,KLR-WIP,1201003,SEMI FINISHED GOODS,29.0,3526.69,121.61,2
12000271,KLR-WIP,1201003,SEMI FINISHED GOODS,1383.0,125368.95,90.65,42
12000272,KLR-WIP,1201003,SEMI FINISHED GOODS,827.0,6946.8,8.4,71
12000273,KLR-EXS,1201003,SEMI FINISHED GOODS,1510.0,65473.6,43.36,1
12000276,KLR-WIP,1201003,SEMI FINISHED GOODS,1137.0,13928.25,12.25,11
12000277,KLR-WIP,1201003,SEMI FINISHED GOODS,2423.0,170288.44,70.28,21
12000280,KLR-WIP,1201003,SEMI FINISHED GOODS,117.0,9585.81,81.93,21
12000282,KLR-EXS,1201003,SEMI FINISHED GOODS,593.0,40294.35,67.95,1
12000282,KLR-WIP,1201003,SEMI FINISHED GOODS,89.0,6047.55,67.95,56
12000284,KLR-EXS,1201003,SEMI FINISHED GOODS,62.0,12690.78,204.69,1
12000285,KLR-WIP,1201003,SEMI FINISHED GOODS,565.0,55748.55,98.67,15
12000287,KLR-QC,1201003,SEMI FINISHED GOODS,21.0,6540.87,311.47,11
12000287,KLR-WIP,1201003,SEMI FINISHED GOODS,471.0,146702.37,311.47,24
12000289,KLR-EXS,1201003,SEMI FINISHED GOODS,372.0,15519.84,41.72,1
12000289,KLR-WIP,1201003,SEMI FINISHED GOODS,141.0,5882.52,41.72,18
12000291,KLR-WIP,1201003,SEMI FINISHED GOODS,624.0,59542.08,95.42,34
12000295,KLR-WIP,1201003,SEMI FINISHED GOODS,1049.0,71709.64,68.36,48
12000298,KLR-EXS,1201003,SEMI FINISHED GOODS,2463.0,57166.23,23.21,2
12000300,KLR-EXS,1201003,SEMI FINISHED GOODS,1756.0,388813.52,221.42,1
12000300,KLR-WIP,1201003,SEMI FINISHED GOODS,2.0,431.64,215.82,7
12000302,KLR-EXS,1201003,SEMI FINISHED GOODS,3712.0,240055.04,64.67,1
12000302,KLR-WIP,1201003,SEMI FINISHED GOODS,13.0,879.71,67.67,9
12000303,KLR-EXS,1201003,SEMI FINISHED GOODS,529.0,5025.5,9.5,1
12000306,KLR-WIP,1201003,SEMI FINISHED GOODS,97.0,7837.6,80.8,1
12000311,KLR-EXS,1201003,SEMI FINISHED GOODS,577.0,20714.3,35.9,1
12000311,KLR-WIP,1201003,SEMI FINISHED GOODS,76.0,2728.4,35.9,49
12000312,KLR-WIP,1201003,SEMI FINISHED GOODS,1149.0,39870.3,34.7,14
12000313,KLR-QC,1201003,SEMI FINISHED GOODS,588.0,95291.28,162.06,2
12000313,KLR-WIP,1201003,SEMI FINISHED GOODS,388.0,62879.28,162.06,41
12000314,KLR-WIP,1201003,SEMI FINISHED GOODS,424.0,27102.08,63.92,34
12000315,KLR-EXS,1201003,SEMI FINISHED GOODS,517.0,11146.52,21.56,1
12000316,KLR-WIP,1201003,SEMI FINISHED GOODS,212.0,19173.28,90.44,10
12000320,KLR-EXS,1201003,SEMI FINISHED GOODS,251.0,28282.68,112.68,1
12000320,KLR-QC,1201003,SEMI FINISHED GOODS,500.0,56340.0,112.68,3
12000323,KLR-WIP,1201003,SEMI FINISHED GOODS,11850.0,87927.0,7.42,42
12000325,KLR-WIP,1201003,SEMI FINISHED GOODS,2376.34211,75947.89,31.959998,10
12000326,KLR-EXS,1201003,SEMI FINISHED GOODS,1447.0,172670.51,119.33,1
12000326,KLR-WIP,1201003,SEMI FINISHED GOODS,121.0,14438.93,119.33,9
12000328,KLR-QC,1201003,SEMI FINISHED GOODS,10.0,460.0,46.0,4
12000328,KLR-WIP,1201003,SEMI FINISHED GOODS,2654.0,122084.0,46.0,136
12000331,KLR-WIP,1201003,SEMI FINISHED GOODS,270.0,2583.9,9.57,2
12000332,KLR-WIP,1201003,SEMI FINISHED GOODS,42.0,6294.12,149.86,2
12000333,KLR-EXS,1201003,SEMI FINISHED GOODS,7.0,37.94,5.42,1
12000335,KLR-EXS,1201003,SEMI FINISHED GOODS,15.0,97.8,6.52,1
12000338,KLR-WIP,1201003,SEMI FINISHED GOODS,2969.54167,83800.47,28.220001,2
12000341,KLR-WIP,1201003,SEMI FINISHED GOODS,396.0,13527.36,34.16,10
12000344,KLR-WIP,1201003,SEMI FINISHED GOODS,30380.0,121520.0,4.0,5
12000347,KLR-EXS,1201003,SEMI FINISHED GOODS,451.0,3973.31,8.81,1
12000348,KLR-WIP,1201003,SEMI FINISHED GOODS,1010.0,55287.4,54.74,95
12000351,KLR-EXS,1201003,SEMI FINISHED GOODS,14.0,1222.62,87.33,1
12000354,KLR-EXS,1201003,SEMI FINISHED GOODS,108.0,6901.2,63.9,1
12000356,KLR-WIP,1201003,SEMI FINISHED GOODS,3250.0,42835.0,13.18,23
12000359,KLR-WIP,1201003,SEMI FINISHED GOODS,59.0,9853.0,167.0,7
12000360,KLR-EXS,1201003,SEMI FINISHED GOODS,787.0,49321.29,62.67,2
12000361,KLR-EXS,1201003,SEMI FINISHED GOODS,3559.0,654500.1,183.9,1
12000361,KLR-WIP,1201003,SEMI FINISHED GOODS,1976.0,363386.4,183.9,129
12000363,KLR-EXS,1201003,SEMI FINISHED GOODS,25.0,956.25,38.25,1
12000366,KLR-WIP,1201003,SEMI FINISHED GOODS,3002.0,203985.9,67.95,278
12000368,KLR-EXS,1201003,SEMI FINISHED GOODS,2030.0,20604.5,10.15,1
12000368,KLR-WIP,1201003,SEMI FINISHED GOODS,8137.0,82590.55,10.15,34
12000369,KLR-EXS,1201003,SEMI FINISHED GOODS,617.0,38402.08,62.24,1
12000369,KLR-SUB,1201003,SEMI FINISHED GOODS,10.0,622.4,62.24,5
12000370,KLR-EXS,1201003,SEMI FINISHED GOODS,20093.0,248550.41,12.37,1
12000372,KLR-EXS,1201003,SEMI FINISHED GOODS,43290.0,1460604.6,33.74,1
12000372,KLR-SUB,1201003,SEMI FINISHED GOODS,6895.0,232637.3,33.74,98
12000372,KLR-WIP,1201003,SEMI FINISHED GOODS,8970.0,302647.8,33.74,1033
12000373,KLR-QC,1201003,SEMI FINISHED GOODS,43.0,3029.35,70.45,2
12000373,KLR-WIP,1201003,SEMI FINISHED GOODS,186.0,13103.7,70.45,15
12000376,KLR-WIP,1201003,SEMI FINISHED GOODS,89.0,6789.81,76.29,2
12000377,KLR-EXS,1201003,SEMI FINISHED GOODS,2147.0,240871.93,112.19,1
12000377,KLR-WIP,1201003,SEMI FINISHED GOODS,335.0,36535.1,109.06,124
12000378,KLR-EXS,1201003,SEMI FINISHED GOODS,705.0,6993.6,9.92,1
12000380,KLR-EXS,1201003,SEMI FINISHED GOODS,2096.0,33032.96,15.76,1
12000380,KLR-QC,1201003,SEMI FINISHED GOODS,1432.0,22568.32,15.76,4
12000382,KLR-WIP,1201003,SEMI FINISHED GOODS,372.0,8764.32,23.56,21
12000383,KLR-EXS,1201003,SEMI FINISHED GOODS,1000.0,46370.0,46.37,1
12000384,KLR-EXS,1201003,SEMI FINISHED GOODS,3.0,131.34,43.78,1
12000385,KLR-WIP,1201003,SEMI FINISHED GOODS,811.0,71384.22,88.02,3
12000386,KLR-EXS,1201003,SEMI FINISHED GOODS,201.0,8811.84,43.84,1
12000388,KLR-EXS,1201003,SEMI FINISHED GOODS,56.0,2700.32,48.22,1
12000388,KLR-WIP,1201003,SEMI FINISHED GOODS,149.0,7184.78,48.22,50
12000391,KLR-EXS,1201003,SEMI FINISHED GOODS,7583.0,637957.79,84.13,2
12000392,KLR-WIP,1201003,SEMI FINISHED GOODS,4671.0,125603.19,26.89,58
12000394,KLR-EXS,1201003,SEMI FINISHED GOODS,4363.0,129581.1,29.7,1
12000395,KLR-EXS,1201003,SEMI FINISHED GOODS,72.0,3003.84,41.72,1
12000395,KLR-WIP,1201003,SEMI FINISHED GOODS,25.0,1043.0,41.72,30
12000396,KLR-EXS,1201003,SEMI FINISHED GOODS,165.0,13035.0,79.0,1
12000397,KLR-QC,1201003,SEMI FINISHED GOODS,508.0,38658.8,76.1,1
12000397,KLR-SUB,1201003,SEMI FINISHED GOODS,1.0,76.1,76.1,2
12000397,KLR-WIP,1201003,SEMI FINISHED GOODS,64.0,4870.4,76.1,16
12000399,KLR-WIP,1201003,SEMI FINISHED GOODS,47643.58888,472624.4,9.92,13
12000401,KLR-WIP,1201003,SEMI FINISHED GOODS,204.0,4216.68,20.67,6
12000402,KLR-WIP,1201003,SEMI FINISHED GOODS,11.0,1309.88,119.08,20
12000407,KLR-EXS,1201003,SEMI FINISHED GOODS,811.0,72998.11,90.01,1
12000408,KLR-WIP,1201003,SEMI FINISHED GOODS,329.0,4615.87,14.03,8
12000409,KLR-EXS,1201003,SEMI FINISHED GOODS,664.0,60563.44,91.21,1
12000409,KLR-SUB,1201003,SEMI FINISHED GOODS,347.0,34033.76,98.08,40
12000409,KLR-WIP,1201003,SEMI FINISHED GOODS,93.0,9121.44,98.08,125
12000410,KLR-EXS,1201003,SEMI FINISHED GOODS,151.0,6619.84,43.84,1
12000413,KLR-EXS,1201003,SEMI FINISHED GOODS,225.0,7852.5,34.9,1
12000415,KLR-WIP,1201003,SEMI FINISHED GOODS,389.0,11195.42,28.78,3
12000418,KLR-EXS,1201003,SEMI FINISHED GOODS,398.0,42184.02,105.99,1
12000422,KLR-EXS,1201003,SEMI FINISHED GOODS,148.0,17123.6,115.7,1
12000424,KLR-WIP,1201003,SEMI FINISHED GOODS,124.0,13212.2,106.55,14
12000427,KLR-EXS,1201003,SEMI FINISHED GOODS,77.0,364.98,4.74,1
12000431,KLR-EXS,1201003,SEMI FINISHED GOODS,142.0,2923.78,20.59,1
12000431,KLR-WIP,1201003,SEMI FINISHED GOODS,1.0,20.59,20.59,21
12000432,KLR-EXS,1201003,SEMI FINISHED GOODS,3.0,138.0,46.0,1
12000433,KLR-WIP,1201003,SEMI FINISHED GOODS,205.0,29077.2,141.84,2
12000435,KLR-EXS,1201003,SEMI FINISHED GOODS,159.0,37365.0,235.0,1
12000436,KLR-EXS,1201003,SEMI FINISHED GOODS,1161.3,27534.42,23.709997,1
12000438,KLR-EXS,1201003,SEMI FINISHED GOODS,323.0,118993.2,368.4,1
12000438,KLR-WIP,1201003,SEMI FINISHED GOODS,9.0,875.97,97.33,25
12000439,KLR-EXS,1201003,SEMI FINISHED GOODS,868.0,77330.12,89.09,1
12000440,KLR-EXS,1201003,SEMI FINISHED GOODS,29.0,2220.24,76.56,1
12000440,KLR-WIP,1201003,SEMI FINISHED GOODS,40.0,3062.4,76.56,57
12000443,KLR-WIP,1201003,SEMI FINISHED GOODS,177.0,12944.01,73.13,4
12000444,KLR-EXS,1201003,SEMI FINISHED GOODS,29.0,2556.35,88.15,1
12000444,KLR-WIP,1201003,SEMI FINISHED GOODS,86.0,7580.9,88.15,4
12000445,KLR-EXS,1201003,SEMI FINISHED GOODS,34.0,3442.5,101.25,1
12000445,KLR-WIP,1201003,SEMI FINISHED GOODS,82.0,8302.5,101.25,4
12000446,KLR-WIP,1201003,SEMI FINISHED GOODS,353.0,42035.24,119.08,4
12000447,KLR-WIP,1201003,SEMI FINISHED GOODS,126.0,17381.7,137.95,4
12000448,KLR-WIP,1201003,SEMI FINISHED GOODS,137.0,21044.57,153.61,3
12000449,KLR-WIP,1201003,SEMI FINISHED GOODS,172.0,31183.6,181.3,3
12000451,KLR-EXS,1201003,SEMI FINISHED GOODS,82.0,5193.88,63.34,1
12000451,KLR-WIP,1201003,SEMI FINISHED GOODS,223.0,14124.82,63.34,10
12000452,KLR-WIP,1201003,SEMI FINISHED GOODS,77.0,4739.35,61.55,4
12000456,KLR-WIP,1201003,SEMI FINISHED GOODS,56.0,5611.76,100.21,3
12000457,KLR-EXS,1201003,SEMI FINISHED GOODS,82.0,1756.44,21.42,1
12000459,KLR-EXS,1201003,SEMI FINISHED GOODS,750.0,263857.5,351.81,1
12000460,KLR-WIP,1201003,SEMI FINISHED GOODS,364.0,7978.88,21.92,1
12000463,KLR-EXS,1201003,SEMI FINISHED GOODS,90.0,11344.5,126.05,1
12000464,KLR-EXS,1201003,SEMI FINISHED GOODS,6.0,659.46,109.91,1
12000464,KLR-WIP,1201003,SEMI FINISHED GOODS,1.0,109.91,109.91,2
12000465,KLR-EXS,1201003,SEMI FINISHED GOODS,929.0,141849.01,152.69,1
12000467,KLR-EXS,1201003,SEMI FINISHED GOODS,1528.0,72106.32,47.19,1
12000470,KLR-EXS,1201003,SEMI FINISHED GOODS,236.0,6051.04,25.64,1
12000470,KLR-WIP,1201003,SEMI FINISHED GOODS,137.0,3512.68,25.64,6
12000471,KLR-EXS,1201003,SEMI FINISHED GOODS,51.0,7701.51,151.01,1
12000472,KLR-WIP,1201003,SEMI FINISHED GOODS,168.0,5345.76,31.82,49
12000473,KLR-EXS,1201003,SEMI FINISHED GOODS,6.0,909.6,151.6,1
12000474,KLR-EXS,1201003,SEMI FINISHED GOODS,3204.0,100541.52,31.38,1
12000474,KLR-WIP,1201003,SEMI FINISHED GOODS,66.0,2018.28,30.58,137
12000475,KLR-EXS,1201003,SEMI FINISHED GOODS,462.0,5738.04,12.42,1
12000476,KLR-EXS,1201003,SEMI FINISHED GOODS,71.0,3632.36,51.16,1
12000477,KLR-EXS,1201003,SEMI FINISHED GOODS,29.0,962.51,33.19,1
12000478,KLR-EXS,1201003,SEMI FINISHED GOODS,388.0,14227.96,36.67,1
12000478,KLR-WIP,1201003,SEMI FINISHED GOODS,448.0,16428.16,36.67,2
12000481,KLR-EXS,1201003,SEMI FINISHED GOODS,162.0,13776.48,85.04,1
12000481,KLR-WIP,1201003,SEMI FINISHED GOODS,486.0,41295.42,84.97,102
12000482,KLR-EXS,1201003,SEMI FINISHED GOODS,2089.0,38270.48,18.32,1
12000483,KLR-WIP,1201003,SEMI FINISHED GOODS,7.0,240.03,34.29,20
12000484,KLR-EXS,1201003,SEMI FINISHED GOODS,396.0,24575.76,62.06,1
12000485,KLR-WIP,1201003,SEMI FINISHED GOODS,201.0,4070.25,20.25,21
12000489,KLR-WIP,1201003,SEMI FINISHED GOODS,476.0,19263.72,40.47,32
12000490,KLR-WIP,1201003,SEMI FINISHED GOODS,139.0,15950.25,114.75,2
12000491,KLR-EXS,1201003,SEMI FINISHED GOODS,208.0,11005.28,52.91,1
12000492,KLR-WIP,1201003,SEMI FINISHED GOODS,182.0,9434.88,51.84,2
12000493,KLR-WIP,1201003,SEMI FINISHED GOODS,430.0,14740.4,34.28,18
12000494,KLR-EXS,1201003,SEMI FINISHED GOODS,76.0,9943.84,130.84,1
12000494,KLR-WIP,1201003,SEMI FINISHED GOODS,18.0,2355.12,130.84,4
12000495,KLR-EXS,1201003,SEMI FINISHED GOODS,40.0,7641.2,191.03,1
12000495,KLR-WIP,1201003,SEMI FINISHED GOODS,431.0,82333.93,191.03,40
12000496,KLR-EXS,1201003,SEMI FINISHED GOODS,1042.0,64666.52,62.06,1
12000498,KLR-EXS,1201003,SEMI FINISHED GOODS,1899.0,42860.43,22.57,1
12000499,KLR-EXS,1201003,SEMI FINISHED GOODS,3.0,198.24,66.08,1
12000499,KLR-WIP,1201003,SEMI FINISHED GOODS,46.0,3039.68,66.08,4
12000500,KLR-EXS,1201003,SEMI FINISHED GOODS,461.0,88064.83,191.03,1
12000500,KLR-WIP,1201003,SEMI FINISHED GOODS,159.0,30373.77,191.03,38
12000501,KLR-WIP,1201003,SEMI FINISHED GOODS,4899.0,320541.57,65.43,402
12000502,KLR-EXS,1201003,SEMI FINISHED GOODS,853.0,86417.43,101.31,1
12000502,KLR-WIP,1201003,SEMI FINISHED GOODS,1104.0,111846.24,101.31,103
12000503,KLR-EXS,1201003,SEMI FINISHED GOODS,780.0,81494.4,104.48,1
12000504,KLR-WIP,1201003,SEMI FINISHED GOODS,1398.0,17363.16,12.42,27
12000505,KLR-EXS,1201003,SEMI FINISHED GOODS,1161.0,20561.31,17.71,1
12000505,KLR-WIP,1201003,SEMI FINISHED GOODS,347.0,6818.55,19.65,95
12000506,KLR-WIP,1201003,SEMI FINISHED GOODS,118.0,75521.18,640.01,38
12000507,KLR-WIP,1201003,SEMI FINISHED GOODS,310.0,37218.6,120.06,64
12000509,KLR-EXS,1201003,SEMI FINISHED GOODS,938.0,46083.94,49.13,1
12000509,KLR-WIP,1201003,SEMI FINISHED GOODS,143.0,7025.59,49.13,24
12000511,KLR-SUB,1201003,SEMI FINISHED GOODS,67.0,1418.39,21.17,4
12000511,KLR-WIP,1201003,SEMI FINISHED GOODS,779.81818,16508.75,21.169999,13
12000512,KLR-EXS,1201003,SEMI FINISHED GOODS,679.25,5909.48,8.700007,1
12000516,KLR-WIP,1201003,SEMI FINISHED GOODS,82.0,12653.42,154.31,112
12000518,KLR-EXS,1201003,SEMI FINISHED GOODS,98.0,2288.3,23.35,1
12000518,KLR-WIP,1201003,SEMI FINISHED GOODS,295.0,6767.3,22.94,102
12000520,KLR-WIP,1201003,SEMI FINISHED GOODS,685.0,8391.25,12.25,1
12000526,KLR-EXS,1201003,SEMI FINISHED GOODS,122.0,4381.02,35.91,1
12000527,KLR-EXS,1201003,SEMI FINISHED GOODS,736.0,76389.44,103.79,1
12000528,KLR-EXS,1201003,SEMI FINISHED GOODS,35.0,3267.6,93.36,1
12000529,KLR-EXS,1201003,SEMI FINISHED GOODS,367.0,32402.43,88.29,1
12000530,KLR-EXS,1201003,SEMI FINISHED GOODS,1008.0,74743.2,74.15,1
12000531,KLR-EXS,1201003,SEMI FINISHED GOODS,1707.0,32057.46,18.78,1
12000532,KLR-WIP,1201003,SEMI FINISHED GOODS,4.0,614.08,153.52,26
12000533,KLR-WIP,1201003,SEMI FINISHED GOODS,722.0,49059.9,67.95,25
12000534,KLR-EXS,1201003,SEMI FINISHED GOODS,2650.0,51754.5,19.53,1
12000535,KLR-EXS,1201003,SEMI FINISHED GOODS,6163.0,548013.96,88.92,1
12000535,KLR-SUB,1201003,SEMI FINISHED GOODS,1792.0,159344.64,88.92,7
12000536,KLR-EXS,1201003,SEMI FINISHED GOODS,1601.0,24703.43,15.43,1
12000536,KLR-SUB,1201003,SEMI FINISHED GOODS,973.0,15013.39,15.43,11
12000537,KLR-EXS,1201003,SEMI FINISHED GOODS,1547.0,43749.16,28.28,1
12000538,KLR-EXS,1201003,SEMI FINISHED GOODS,192.0,13409.28,69.84,1
12000538,KLR-WIP,1201003,SEMI FINISHED GOODS,204.0,14247.36,69.84,101
12000539,KLR-EXS,1201003,SEMI FINISHED GOODS,15.0,452.85,30.19,1
12000542,KLR-EXS,1201003,SEMI FINISHED GOODS,111.0,2327.67,20.97,1
12000543,KLR-WIP,1201003,SEMI FINISHED GOODS,189.0,8945.37,47.33,27
12000546,KLR-WIP,1201003,SEMI FINISHED GOODS,129.0,17403.39,134.91,59
12000547,KLR-EXS,1201003,SEMI FINISHED GOODS,294.0,90649.02,308.33,1
12000549,KLR-WIP,1201003,SEMI FINISHED GOODS,110.0,16425.2,149.32,133
12000550,KLR-EXS,1201003,SEMI FINISHED GOODS,2347.0,137416.85,58.55,2
12000550,KLR-QC,1201003,SEMI FINISHED GOODS,250.0,14637.5,58.55,3
12000551,KLR-EXS,1201003,SEMI FINISHED GOODS,1579.0,168495.09,106.71,1
12000552,KLR-WIP,1201003,SEMI FINISHED GOODS,699.0,25562.43,36.57,10
12000554,KLR-EXS,1201003,SEMI FINISHED GOODS,271.0,15867.05,58.55,1
12000554,KLR-QC,1201003,SEMI FINISHED GOODS,1010.0,59135.5,58.55,1
12000554,KLR-WIP,1201003,SEMI FINISHED GOODS,189.0,11065.95,58.55,38
12000559,KLR-EXS,1201003,SEMI FINISHED GOODS,8395.0,154132.2,18.36,1
12000560,KLR-EXS,1201003,SEMI FINISHED GOODS,10.0,417.2,41.72,1
12000561,KLR-EXS,1201003,SEMI FINISHED GOODS,888.0,51157.68,57.61,1
12000561,KLR-WIP,1201003,SEMI FINISHED GOODS,145.0,8353.45,57.61,23
12000563,KLR-EXS,1201003,SEMI FINISHED GOODS,45.0,6795.45,151.01,1
12000564,KLR-EXS,1201003,SEMI FINISHED GOODS,178.0,11578.9,65.05,1
12000564,KLR-WIP,1201003,SEMI FINISHED GOODS,601.0,38415.92,63.92,56
12000565,KLR-WIP,1201003,SEMI FINISHED GOODS,628.0,29723.24,47.33,54
12000566,KLR-EXS,1201003,SEMI FINISHED GOODS,4054.0,48891.24,12.06,1
12000568,KLR-EXS,1201003,SEMI FINISHED GOODS,589.0,8086.97,13.73,1
12000570,KLR-EXS,1201003,SEMI FINISHED GOODS,96.0,1424.64,14.84,1
12000570,KLR-WIP,1201003,SEMI FINISHED GOODS,505.0,7494.2,14.84,6
12000572,KLR-EXS,1201003,SEMI FINISHED GOODS,1021.0,34959.04,34.24,1
12000572,KLR-WIP,1201003,SEMI FINISHED GOODS,687.0,24182.4,35.2,132
12000576,KLR-EXS,1201003,SEMI FINISHED GOODS,1070.0,102045.9,95.37,1
12000576,KLR-WIP,1201003,SEMI FINISHED GOODS,695.0,65038.1,93.58,72
12000577,KLR-EXS,1201003,SEMI FINISHED GOODS,222.0,7099.56,31.98,1
12000577,KLR-WIP,1201003,SEMI FINISHED GOODS,216.0,6907.68,31.98,14
12000578,KLR-WIP,1201003,SEMI FINISHED GOODS,726.0,8581.32,11.82,28
12000579,KLR-EXS,1201003,SEMI FINISHED GOODS,438.0,9184.86,20.97,1
12000579,KLR-WIP,1201003,SEMI FINISHED GOODS,181.0,3795.57,20.97,104
12000580,KLR-WIP,1201003,SEMI FINISHED GOODS,182.0,14145.04,77.72,19
12000582,KLR-EXS,1201003,SEMI FINISHED GOODS,105.0,6105.75,58.15,1
12000582,KLR-WIP,1201003,SEMI FINISHED GOODS,14.0,814.1,58.15,22
12000583,KLR-EXS,1201003,SEMI FINISHED GOODS,799.0,56872.82,71.18,1
12000583,KLR-WIP,1201003,SEMI FINISHED GOODS,842.0,59933.56,71.18,19
12000584,KLR-EXS,1201003,SEMI FINISHED GOODS,7326.0,119047.5,16.25,3
12000584,KLR-QC,1201003,SEMI FINISHED GOODS,3033.0,49286.25,16.25,2
12000584,KLR-SUB,1201003,SEMI FINISHED GOODS,2477.0,40251.25,16.25,3
12000585,KLR-WIP,1201003,SEMI FINISHED GOODS,1051.0,28009.15,26.65,109
12000587,KLR-QC,1201003,SEMI FINISHED GOODS,1629.0,33150.15,20.35,5
12000587,KLR-SUB,1201003,SEMI FINISHED GOODS,2185.0,44464.75,20.35,4
12000587,KLR-WIP,1201003,SEMI FINISHED GOODS,3444.0,70085.4,20.35,23
12000588,KLR-EXS,1201003,SEMI FINISHED GOODS,167.0,14046.37,84.11,1
12000590,KLR-SUB,1201003,SEMI FINISHED GOODS,1.0,32.45,32.45,1
12000590,KLR-WIP,1201003,SEMI FINISHED GOODS,1600.0,51920.0,32.45,98
12000591,KLR-WIP,1201003,SEMI FINISHED GOODS,1170.0,73300.5,62.65,73
12000592,KLR-EXS,1201003,SEMI FINISHED GOODS,607.0,44620.57,73.51,1
12000592,KLR-WIP,1201003,SEMI FINISHED GOODS,692.0,50868.92,73.51,21
12000594,KLR-WIP,1201003,SEMI FINISHED GOODS,122.0,2840.16,23.28,51
12000595,KLR-EXS,1201003,SEMI FINISHED GOODS,1531.0,53998.37,35.27,1
12000595,KLR-SUB,1201003,SEMI FINISHED GOODS,2.0,70.54,35.27,1
12000595,KLR-WIP,1201003,SEMI FINISHED GOODS,70.0,2468.9,35.27,42
12000596,KLR-EXS,1201003,SEMI FINISHED GOODS,2351.0,54378.63,23.13,1
12000596,KLR-WIP,1201003,SEMI FINISHED GOODS,291.0,7353.57,25.27,155
12000597,KLR-EXS,1201003,SEMI FINISHED GOODS,504.0,34644.96,68.74,1
12000598,KLR-EXS,1201003,SEMI FINISHED GOODS,1480.0,26788.0,18.1,1
12000598,KLR-WIP,1201003,SEMI FINISHED GOODS,1008.0,18244.8,18.1,39
12000599,KLR-QC,1201003,SEMI FINISHED GOODS,300.0,6615.0,22.05,2
12000599,KLR-WIP,1201003,SEMI FINISHED GOODS,899.0,19822.95,22.05,30
12000603,KLR-WIP,1201003,SEMI FINISHED GOODS,1801.0,42197.43,23.43,23
12000604,KLR-EXS,1201003,SEMI FINISHED GOODS,215.0,7939.95,36.93,1
12000604,KLR-WIP,1201003,SEMI FINISHED GOODS,411.0,15178.23,36.93,64
12000605,KLR-WIP,1201003,SEMI FINISHED GOODS,1024.0,14704.64,14.36,44
12000606,KLR-EXS,1201003,SEMI FINISHED GOODS,318.0,5224.74,16.43,1
12000606,KLR-QC,1201003,SEMI FINISHED GOODS,2050.0,33681.5,16.43,4
12000607,KLR-EXS,1201003,SEMI FINISHED GOODS,542.0,13994.44,25.82,1
12000607,KLR-WIP,1201003,SEMI FINISHED GOODS,1020.0,26336.4,25.82,24
12000608,KLR-EXS,1201003,SEMI FINISHED GOODS,181.0,7334.12,40.52,1
12000608,KLR-SUB,1201003,SEMI FINISHED GOODS,6.0,243.12,40.52,1
12000608,KLR-WIP,1201003,SEMI FINISHED GOODS,349.0,14141.48,40.52,65
12000610,KLR-EXS,1201003,SEMI FINISHED GOODS,3.0,203.67,67.89,1
12000612,KLR-EXS,1201003,SEMI FINISHED GOODS,44009.61538,95500.87,2.17,1
12000612,KLR-WIP,1201003,SEMI FINISHED GOODS,8265.38462,17935.88,2.169999,5
12000613,KLR-EXS,1201003,SEMI FINISHED GOODS,4574.0,69799.24,15.26,1
12000613,KLR-WIP,1201003,SEMI FINISHED GOODS,335.0,5112.1,15.26,15
12000615,KLR-EXS,1201003,SEMI FINISHED GOODS,896.0,71742.72,80.07,1
12000616,KLR-EXS,1201003,SEMI FINISHED GOODS,190.0,10678.0,56.2,1
12000616,KLR-WIP,1201003,SEMI FINISHED GOODS,159.0,8617.8,54.2,5
12000617,KLR-WIP,1201003,SEMI FINISHED GOODS,645.0,35107.35,54.43,118
12000618,KLR-EXS,1201003,SEMI FINISHED GOODS,668.0,57534.84,86.13,1
12000618,KLR-QC,1201003,SEMI FINISHED GOODS,2952.0,254255.76,86.13,11
12000619,KLR-EXS,1201003,SEMI FINISHED GOODS,1139.0,55776.83,48.97,1
12000620,KLR-EXS,1201003,SEMI FINISHED GOODS,293.0,38412.3,131.1,1
12000620,KLR-WIP,1201003,SEMI FINISHED GOODS,150.0,19665.0,131.1,82
12000621,KLR-EXS,1201003,SEMI FINISHED GOODS,505.0,28365.85,56.17,1
12000622,KLR-EXS,1201003,SEMI FINISHED GOODS,248.0,27800.8,112.1,1
12000622,KLR-WIP,1201003,SEMI FINISHED GOODS,171.0,19169.1,112.1,82
12000624,KLR-EXS,1201003,SEMI FINISHED GOODS,1.0,90.8,90.8,1
12000628,KLR-EXS,1201003,SEMI FINISHED GOODS,531.0,40924.17,77.07,1
12000629,KLR-EXS,1201003,SEMI FINISHED GOODS,113.0,18162.49,160.73,1
12000631,KLR-EXS,1201003,SEMI FINISHED GOODS,376.0,5869.36,15.61,1
12000631,KLR-WIP,1201003,SEMI FINISHED GOODS,200.0,3024.0,15.12,84
12000632,KLR-EXS,1201003,SEMI FINISHED GOODS,1.0,20.24,20.24,1
12000635,KLR-WIP,1201003,SEMI FINISHED GOODS,99.0,61656.21,622.79,67
12000636,KLR-EXS,1201003,SEMI FINISHED GOODS,272.0,114639.84,421.47,1
12000636,KLR-QC,1201003,SEMI FINISHED GOODS,86.0,36246.42,421.47,13
12000638,KLR-REJ,1201003,SEMI FINISHED GOODS,238.0,6126.12,25.74,13
12000638,KLR-SUB,1201003,SEMI FINISHED GOODS,1200.0,30888.0,25.74,314
12000638,KLR-WIP,1201003,SEMI FINISHED GOODS,53258.0,1370860.92,25.74,652
12000639,KLR-REJ,1201003,SEMI FINISHED GOODS,432.0,3723.84,8.62,6
12000639,KLR-SUB,1201003,SEMI FINISHED GOODS,1276.0,10999.12,8.62,76
12000639,KLR-WIP,1201003,SEMI FINISHED GOODS,1060.0,9137.2,8.62,194
12000640,KLR-EXS,1201003,SEMI FINISHED GOODS,1522.0,39176.28,25.74,1
12000640,KLR-REJ,1201003,SEMI FINISHED GOODS,2.0,51.48,25.74,1
12000640,KLR-WIP,1201003,SEMI FINISHED GOODS,37.0,952.38,25.74,19
12000643,KLR-EXS,1201003,SEMI FINISHED GOODS,165.0,358502.1,2172.74,2
12000645,KLR-EXS,1201003,SEMI FINISHED GOODS,41.0,83916.34,2046.74,1
12000645,KLR-WIP,1201003,SEMI FINISHED GOODS,5.0,10233.7,2046.74,38
12000646,KLR-WIP,1201003,SEMI FINISHED GOODS,220.0,168157.0,764.35,73
12000647,KLR-SUB,1201003,SEMI FINISHED GOODS,17.0,6520.69,383.57,18
12000647,KLR-WIP,1201003,SEMI FINISHED GOODS,186.0,71344.02,383.57,39
12000648,KLR-WIP,1201003,SEMI FINISHED GOODS,25.0,41462.75,1658.51,47
12000649,KLR-WIP,1201003,SEMI FINISHED GOODS,3.0,2364.48,788.16,41
12000650,KLR-EXS,1201003,SEMI FINISHED GOODS,15.0,12348.0,823.2,1
12000651,KLR-WIP,1201003,SEMI FINISHED GOODS,43.0,63825.33,1484.31,50
12000652,KLR-EXS,1201003,SEMI FINISHED GOODS,20.0,7820.4,391.02,1
12000652,KLR-WIP,1201003,SEMI FINISHED GOODS,8.0,3128.16,391.02,37
12000653,KLR-WIP,1201003,SEMI FINISHED GOODS,50.0,15876.0,317.52,36
12000654,KLR-EXS,1201003,SEMI FINISHED GOODS,5511.0,167369.07,30.37,2
12000654,KLR-SUB,1201003,SEMI FINISHED GOODS,9.0,273.33,30.37,8
12000655,KLR-EXS,1201003,SEMI FINISHED GOODS,265.0,8776.8,33.12,1
12000655,KLR-WIP,1201003,SEMI FINISHED GOODS,70.0,2318.4,33.12,33
12000685,KLR-EXS,1201003,SEMI FINISHED GOODS,847.0,25426.94,30.02,1
12000686,KLR-WIP,1201003,SEMI FINISHED GOODS,34.0,733.72,21.58,41
12000687,KLR-EXS,1201003,SEMI FINISHED GOODS,2914.0,54083.84,18.56,2
12000687,KLR-WIP,1201003,SEMI FINISHED GOODS,172.0,3192.32,18.56,60
12000690,KLR-EXS,1201003,SEMI FINISHED GOODS,212.0,24812.48,117.04,1
12000692,KLR-WIP,1201003,SEMI FINISHED GOODS,12.0,1379.64,114.97,1
12000693,KLR-EXS,1201003,SEMI FINISHED GOODS,4192.0,103039.36,24.58,2
12000696,KLR-EXS,1201003,SEMI FINISHED GOODS,214.0,15232.52,71.18,1
12000696,KLR-WIP,1201003,SEMI FINISHED GOODS,31.0,2206.58,71.18,8
12000697,KLR-WIP,1201003,SEMI FINISHED GOODS,3840.0,28032.0,7.3,6
12000698,KLR-WIP,1201003,SEMI FINISHED GOODS,290.0,9178.5,31.65,2
12000700,KLR-EXS,1201003,SEMI FINISHED GOODS,84.0,2355.36,28.04,1
12000700,KLR-WIP,1201003,SEMI FINISHED GOODS,516.0,14468.64,28.04,4
12000702,KLR-WIP,1201003,SEMI FINISHED GOODS,35.0,553.7,15.82,49
12000703,KLR-EXS,1201003,SEMI FINISHED GOODS,365.0,20016.6,54.84,1
12000703,KLR-WIP,1201003,SEMI FINISHED GOODS,10.0,548.4,54.84,38
12000704,KLR-EXS,1201003,SEMI FINISHED GOODS,17.0,1163.99,68.47,1
12000704,KLR-REJ,1201003,SEMI FINISHED GOODS,1.0,68.47,68.47,1
12000704,KLR-WIP,1201003,SEMI FINISHED GOODS,8.0,547.76,68.47,40
12000705,KLR-EXS,1201003,SEMI FINISHED GOODS,3611.0,75831.0,21.0,1
12000705,KLR-WIP,1201003,SEMI FINISHED GOODS,53.0,1113.0,21.0,53
12000706,KLR-REJ,1201003,SEMI FINISHED GOODS,2.0,167.62,83.81,1
12000706,KLR-WIP,1201003,SEMI FINISHED GOODS,38.0,3184.78,83.81,37
12000707,KLR-WIP,1201003,SEMI FINISHED GOODS,19.0,499.7,26.3,41
12000708,KLR-EXS,1201003,SEMI FINISHED GOODS,10.0,1010.6,101.06,1
12000708,KLR-REJ,1201003,SEMI FINISHED GOODS,2.0,202.12,101.06,1
12000708,KLR-SUB,1201003,SEMI FINISHED GOODS,8.0,808.48,101.06,7
12000709,KLR-SUB,1201003,SEMI FINISHED GOODS,8.0,242.24,30.28,3
12000709,KLR-WIP,1201003,SEMI FINISHED GOODS,54.0,1635.12,30.28,34
12000710,KLR-REJ,1201003,SEMI FINISHED GOODS,5.0,574.55,114.91,2
12000710,KLR-WIP,1201003,SEMI FINISHED GOODS,651.0,74806.41,114.91,39
12000711,KLR-WIP,1201003,SEMI FINISHED GOODS,76.0,2536.12,33.37,35
12000716,KLR-EXS,1201003,SEMI FINISHED GOODS,1.0,8.52,8.52,1
12000716,KLR-WIP,1201003,SEMI FINISHED GOODS,3.0,25.56,8.52,7
12000717,KLR-EXS,1201003,SEMI FINISHED GOODS,129.0,13893.3,107.7,1
12000717,KLR-SUB,1201003,SEMI FINISHED GOODS,50.0,5385.0,107.7,13
12000717,KLR-WIP,1201003,SEMI FINISHED GOODS,329.0,35433.3,107.7,38
12000718,KLR-WIP,1201003,SEMI FINISHED GOODS,543.0,45557.7,83.9,25
12000719,KLR-WIP,1201003,SEMI FINISHED GOODS,477.0,36376.02,76.26,12
12000721,KLR-EXS,1201003,SEMI FINISHED GOODS,8621.0,196300.17,22.77,2
12000721,KLR-SUB,1201003,SEMI FINISHED GOODS,7527.0,171389.79,22.77,21
12000722,KLR-WIP,1201003,SEMI FINISHED GOODS,3154.0,55289.62,17.53,39
12000723,KLR-EXS,1201003,SEMI FINISHED GOODS,92.0,2351.52,25.56,1
12000723,KLR-SUB,1201003,SEMI FINISHED GOODS,1.0,25.56,25.56,6
12000727,KLR-WIP,1201003,SEMI FINISHED GOODS,136.0,8019.92,58.97,9
12000728,KLR-WIP,1201003,SEMI FINISHED GOODS,757.0,25866.69,34.17,19
12000729,KLR-EXS,1201003,SEMI FINISHED GOODS,276.0,14881.92,53.92,1
12000729,KLR-REJ,1201003,SEMI FINISHED GOODS,1.0,53.92,53.92,1
12000729,KLR-WIP,1201003,SEMI FINISHED GOODS,8.0,431.36,53.92,33
12000730,KLR-EXS,1201003,SEMI FINISHED GOODS,278.0,11489.74,41.33,1
12000730,KLR-WIP,1201003,SEMI FINISHED GOODS,41.0,1694.53,41.33,26
12000731,KLR-EXS,1201003,SEMI FINISHED GOODS,1371.0,9761.52,7.12,2
12000731,KLR-WIP,1201003,SEMI FINISHED GOODS,96.0,683.52,7.12,14
12000734,KLR-REJ,1201003,SEMI FINISHED GOODS,40.0,942.0,23.55,6
12000734,KLR-SUB,1201003,SEMI FINISHED GOODS,4296.0,101170.8,23.55,33
12000734,KLR-WIP,1201003,SEMI FINISHED GOODS,13173.0,310224.15,23.55,130
12000736,KLR-WIP,1201003,SEMI FINISHED GOODS,4.0,982.32,245.58,33
12000739,KLR-WIP,1201003,SEMI FINISHED GOODS,122.0,13368.76,109.58,25
12000740,KLR-EXS,1201003,SEMI FINISHED GOODS,260.0,27612.0,106.2,1
12000742,KLR-WIP,1201003,SEMI FINISHED GOODS,5.0,1007.8,201.56,21
12000744,KLR-EXS,1201003,SEMI FINISHED GOODS,1134.0,132643.98,116.97,1
12000746,KLR-EXS,1201003,SEMI FINISHED GOODS,2541.0,315566.79,124.19,1
12000746,KLR-WIP,1201003,SEMI FINISHED GOODS,19.0,2359.61,124.19,6
12000748,KLR-EXS,1201003,SEMI FINISHED GOODS,225.0,4837.5,21.5,1
12000748,KLR-WIP,1201003,SEMI FINISHED GOODS,212.0,54971.6,259.3,42
12000749,KLR-EXS,1201003,SEMI FINISHED GOODS,56.0,15498.56,276.76,1
12000749,KLR-WIP,1201003,SEMI FINISHED GOODS,93.0,15796.98,169.86,42
12000751,KLR-EXS,1201003,SEMI FINISHED GOODS,1049.0,129813.75,123.75,1
12000753,KLR-EXS,1201003,SEMI FINISHED GOODS,871.0,107786.25,123.75,1
12000753,KLR-WIP,1201003,SEMI FINISHED GOODS,26.0,3217.5,123.75,7
12000754,KLR-EXS,1201003,SEMI FINISHED GOODS,481.0,118239.42,245.82,1
12000754,KLR-WIP,1201003,SEMI FINISHED GOODS,89.0,37443.19,420.71,13
12000755,KLR-EXS,1201003,SEMI FINISHED GOODS,196.0,46579.4,237.65,1
12000755,KLR-WIP,1201003,SEMI FINISHED GOODS,75.0,31553.25,420.71,31
12000756,KLR-EXS,1201003,SEMI FINISHED GOODS,34.0,6116.26,179.89,1
12000757,KLR-EXS,1201003,SEMI FINISHED GOODS,1165.0,236867.8,203.32,3
12000758,KLR-EXS,1201003,SEMI FINISHED GOODS,35.0,7116.2,203.32,2
12000759,KLR-EXS,1201003,SEMI FINISHED GOODS,3.0,115.23,38.41,1
12000759,KLR-WIP,1201003,SEMI FINISHED GOODS,85.0,3264.85,38.41,27
12000760,KLR-WIP,1201003,SEMI FINISHED GOODS,37.0,1115.92,30.16,43
12000761,KLR-WIP,1201003,SEMI FINISHED GOODS,1940.0,67783.6,34.94,77
12000762,KLR-EXS,1201003,SEMI FINISHED GOODS,549.0,6555.06,11.94,1
12000764,KLR-EXS,1201003,SEMI FINISHED GOODS,2007.0,53105.22,26.46,1
12000764,KLR-WIP,1201003,SEMI FINISHED GOODS,793.0,20982.78,26.46,8
12000765,KLR-EXS,1201003,SEMI FINISHED GOODS,37290.0,478057.8,12.82,1
12000766,KLR-EXS,1201003,SEMI FINISHED GOODS,59.0,955.21,16.19,1
12000766,KLR-WIP,1201003,SEMI FINISHED GOODS,1.0,16.19,16.19,6
12000767,KLR-WIP,1201003,SEMI FINISHED GOODS,122.0,2264.32,18.56,13
12000768,KLR-EXS,1201003,SEMI FINISHED GOODS,40.0,2994.8,74.87,1
12000769,KLR-WIP,1201003,SEMI FINISHED GOODS,177.0,4672.8,26.4,37
12000771,KLR-WIP,1201003,SEMI FINISHED GOODS,474.0,48035.16,101.34,33
12000772,KLR-EXS,1201003,SEMI FINISHED GOODS,1180.0,5003.2,4.24,1
12000772,KLR-WIP,1201003,SEMI FINISHED GOODS,440.0,1865.6,4.24,21
12000774,KLR-EXS,1201003,SEMI FINISHED GOODS,480.0,1209.6,2.52,1
12000775,KLR-EXS,1201003,SEMI FINISHED GOODS,164.0,24194.92,147.53,1
12000775,KLR-WIP,1201003,SEMI FINISHED GOODS,10.0,1475.3,147.53,16
12000776,KLR-WIP,1201003,SEMI FINISHED GOODS,19.0,213.75,11.25,23
12000777,KLR-WIP,1201003,SEMI FINISHED GOODS,31.0,348.75,11.25,11
12000778,KLR-EXS,1201003,SEMI FINISHED GOODS,970.0,130038.2,134.06,1
12000778,KLR-WIP,1201003,SEMI FINISHED GOODS,171.0,21325.41,124.71,38
12000779,KLR-EXS,1201003,SEMI FINISHED GOODS,2910.0,18333.0,6.3,2
12000780,KLR-EXS,1201003,SEMI FINISHED GOODS,256.0,45480.96,177.66,1
12000780,KLR-WIP,1201003,SEMI FINISHED GOODS,408.0,72485.28,177.66,22
12000781,KLR-WIP,1201003,SEMI FINISHED GOODS,1.0,54.86,54.86,6
12000782,KLR-EXS,1201003,SEMI FINISHED GOODS,812.0,44546.32,54.86,1
12000782,KLR-REJ,1201003,SEMI FINISHED GOODS,4.0,219.44,54.86,1
12000782,KLR-WIP,1201003,SEMI FINISHED GOODS,761.0,41748.46,54.86,18
12000783,KLR-EXS,1201003,SEMI FINISHED GOODS,270.0,25490.7,94.41,1
12000783,KLR-WIP,1201003,SEMI FINISHED GOODS,220.0,29444.8,133.84,52
12000785,KLR-EXS,1201003,SEMI FINISHED GOODS,57.0,12979.47,227.71,1
12000785,KLR-SUB,1201003,SEMI FINISHED GOODS,3.0,683.13,227.71,18
12000786,KLR-EXS,1201003,SEMI FINISHED GOODS,390.0,22881.3,58.67,1
12000786,KLR-WIP,1201003,SEMI FINISHED GOODS,114.0,6688.38,58.67,22
12000787,KLR-EXS,1201003,SEMI FINISHED GOODS,317.0,18598.39,58.67,1
12000787,KLR-REJ,1201003,SEMI FINISHED GOODS,4.0,234.68,58.67,2
12000787,KLR-WIP,1201003,SEMI FINISHED GOODS,210.0,12320.7,58.67,15
12000788,KLR-WIP,1201003,SEMI FINISHED GOODS,139.0,22052.35,158.65,30
12000789,KLR-EXS,1201003,SEMI FINISHED GOODS,222.0,96439.02,434.41,1
12000789,KLR-WIP,1201003,SEMI FINISHED GOODS,11.0,4778.51,434.41,14
12000790,KLR-WIP,1201003,SEMI FINISHED GOODS,38.0,2700.66,71.07,14
12000791,KLR-EXS,1201003,SEMI FINISHED GOODS,780.0,55434.6,71.07,1
12000791,KLR-WIP,1201003,SEMI FINISHED GOODS,38.0,2700.66,71.07,7
12000792,KLR-EXS,1201003,SEMI FINISHED GOODS,1.0,9.22,9.22,1
12000794,KLR-EXS,1201003,SEMI FINISHED GOODS,2919.0,304043.04,104.16,1
12000794,KLR-WIP,1201003,SEMI FINISHED GOODS,1796.0,197380.4,109.9,48
12000795,KLR-EXS,1201003,SEMI FINISHED GOODS,2355.0,212373.9,90.18,4
12000795,KLR-REJ,1201003,SEMI FINISHED GOODS,13.0,1172.34,90.18,3
12000795,KLR-SUB,1201003,SEMI FINISHED GOODS,757.0,68266.26,90.18,26
12000795,KLR-WIP,1201003,SEMI FINISHED GOODS,26.0,2344.68,90.18,43
12000796,KLR-EXS,1201003,SEMI FINISHED GOODS,4.0,304.96,76.24,1
12000798,KLR-WIP,1201003,SEMI FINISHED GOODS,635.0,9525.0,15.0,20
12000801,KLR-REJ,1201003,SEMI FINISHED GOODS,4.0,336.4,84.1,1
12000801,KLR-SUB,1201003,SEMI FINISHED GOODS,69.0,5802.9,84.1,4
12000801,KLR-WIP,1201003,SEMI FINISHED GOODS,140.0,11774.0,84.1,13
12000802,KLR-EXS,1201003,SEMI FINISHED GOODS,376.0,24646.8,65.55,2
12000807,KLR-WIP,1201003,SEMI FINISHED GOODS,6919.0,257801.94,37.26,6
12000808,KLR-EXS,1201003,SEMI FINISHED GOODS,33.0,688.38,20.86,1
12000809,KLR-WIP,1201003,SEMI FINISHED GOODS,552.0,99912.0,181.0,43
12000810,KLR-EXS,1201003,SEMI FINISHED GOODS,1687.1905,57820.02,34.270001,2
12000811,KLR-EXS,1201003,SEMI FINISHED GOODS,3645.0,84746.25,23.25,1
12000813,KLR-WIP,1201003,SEMI FINISHED GOODS,140.0,37004.8,264.32,2
12000814,KLR-EXS,1201003,SEMI FINISHED GOODS,678.0,86458.56,127.52,1
12000814,KLR-SUB,1201003,SEMI FINISHED GOODS,22.0,2805.44,127.52,2
12000815,KLR-EXS,1201003,SEMI FINISHED GOODS,570.0,33886.5,59.45,1
12000816,KLR-EXS,1201003,SEMI FINISHED GOODS,31.0,3822.92,123.32,1
12000816,KLR-REJ,1201003,SEMI FINISHED GOODS,5.0,616.6,123.32,1
12000816,KLR-SUB,1201003,SEMI FINISHED GOODS,20.0,2466.4,123.32,29
12000816,KLR-WIP,1201003,SEMI FINISHED GOODS,140.0,17264.8,123.32,67
12000817,KLR-EXS,1201003,SEMI FINISHED GOODS,2029.0,98832.59,48.71,1
12000817,KLR-REJ,1201003,SEMI FINISHED GOODS,1.0,48.71,48.71,1
12000817,KLR-SUB,1201003,SEMI FINISHED GOODS,321.0,15635.91,48.71,44
12000817,KLR-WIP,1201003,SEMI FINISHED GOODS,1057.0,51486.47,48.71,103
12000818,KLR-SUB,1201003,SEMI FINISHED GOODS,50.0,2828.5,56.57,30
12000818,KLR-WIP,1201003,SEMI FINISHED GOODS,377.0,21326.89,56.57,116
12000821,KLR-EXS,1201003,SEMI FINISHED GOODS,91.0,122049.2,1341.2,1
12000821,KLR-WIP,1201003,SEMI FINISHED GOODS,1.0,1341.2,1341.2,75
12000822,KLR-EXS,1201003,SEMI FINISHED GOODS,318.0,140530.56,441.92,1
12000823,KLR-WIP,1201003,SEMI FINISHED GOODS,1063.0,211600.78,199.06,48
12000824,KLR-WIP,1201003,SEMI FINISHED GOODS,597.0,156700.56,262.48,43
12000825,KLR-WIP,1201003,SEMI FINISHED GOODS,105.0,60541.95,576.59,45
12000828,KLR-EXS,1201003,SEMI FINISHED GOODS,50.0,18243.5,364.87,1
12000828,KLR-WIP,1201003,SEMI FINISHED GOODS,30.0,10946.1,364.87,29
12000830,KLR-EXS,1201003,SEMI FINISHED GOODS,14.0,6149.92,439.28,2
12000831,KLR-EXS,1201003,SEMI FINISHED GOODS,9.0,253.89,28.21,1
12000832,KLR-EXS,1201003,SEMI FINISHED GOODS,1216.0,150005.76,123.36,1
12000832,KLR-REJ,1201003,SEMI FINISHED GOODS,32.0,3947.52,123.36,5
12000832,KLR-SUB,1201003,SEMI FINISHED GOODS,244.0,30099.84,123.36,59
12000832,KLR-WIP,1201003,SEMI FINISHED GOODS,8.0,986.88,123.36,120
12000833,KLR-EXS,1201003,SEMI FINISHED GOODS,2999.0,178290.55,59.45,1
12000833,KLR-REJ,1201003,SEMI FINISHED GOODS,18.0,1070.1,59.45,7
12000833,KLR-SUB,1201003,SEMI FINISHED GOODS,1242.0,73836.9,59.45,71
12000833,KLR-WIP,1201003,SEMI FINISHED GOODS,10089.0,599791.05,59.45,213
12000834,KLR-SUB,1201003,SEMI FINISHED GOODS,2441.0,380551.9,155.9,43
12000834,KLR-WIP,1201003,SEMI FINISHED GOODS,1766.0,275319.4,155.9,144
12000836,KLR-EXS,1201003,SEMI FINISHED GOODS,910.0,19747.0,21.7,1
12000836,KLR-WIP,1201003,SEMI FINISHED GOODS,100.0,2170.0,21.7,32
12000837,KLR-EXS,1201003,SEMI FINISHED GOODS,2.0,130.12,65.06,1
12000838,KLR-WIP,1201003,SEMI FINISHED GOODS,8.0,445.52,55.69,24
12000839,KLR-WIP,1201003,SEMI FINISHED GOODS,2414.0,103174.36,42.74,23
12000840,KLR-EXS,1201003,SEMI FINISHED GOODS,704.0,27477.12,39.03,2
12000841,KLR-EXS,1201003,SEMI FINISHED GOODS,4796.0,156733.28,32.68,2
12000842,KLR-WIP,1201003,SEMI FINISHED GOODS,2656.0,66612.48,25.08,19
12000843,KLR-WIP,1201003,SEMI FINISHED GOODS,311.0,25682.38,82.58,46
12000844,KLR-EXS,1201003,SEMI FINISHED GOODS,187.0,2397.34,12.82,1
12000844,KLR-REJ,1201003,SEMI FINISHED GOODS,27.0,346.14,12.82,4
12000844,KLR-SUB,1201003,SEMI FINISHED GOODS,81.0,1038.42,12.82,23
12000845,KLR-EXS,1201003,SEMI FINISHED GOODS,647.0,36652.55,56.65,1
12000845,KLR-REJ,1201003,SEMI FINISHED GOODS,19.0,1076.35,56.65,1
12000845,KLR-WIP,1201003,SEMI FINISHED GOODS,427.0,24189.55,56.65,45
12000846,KLR-EXS,1201003,SEMI FINISHED GOODS,2668.0,132439.52,49.64,2
12000847,KLR-EXS,1201003,SEMI FINISHED GOODS,2646.0,111502.44,42.14,2
12000848,KLR-EXS,1201003,SEMI FINISHED GOODS,58.0,1875.72,32.34,1
12000849,KLR-SUB,1201003,SEMI FINISHED GOODS,2.0,72.2,36.1,1
12000849,KLR-WIP,1201003,SEMI FINISHED GOODS,34.0,1227.4,36.1,29
12000850,KLR-EXS,1201003,SEMI FINISHED GOODS,3020.0,90902.0,30.1,2
12000850,KLR-WIP,1201003,SEMI FINISHED GOODS,1.0,30.1,30.1,25
12000851,KLR-EXS,1201003,SEMI FINISHED GOODS,40.0,924.0,23.1,1
12000852,KLR-EXS,1201003,SEMI FINISHED GOODS,1895.0,101628.85,53.63,2
12000854,KLR-EXS,1201003,SEMI FINISHED GOODS,1933.0,68254.23,35.31,1
12000855,KLR-EXS,1201003,SEMI FINISHED GOODS,1471.0,63194.16,42.96,2
12000856,KLR-EXS,1201003,SEMI FINISHED GOODS,49.0,1780.66,36.34,1
12000857,KLR-EXS,1201003,SEMI FINISHED GOODS,3338.0,93096.82,27.89,1
12000858,KLR-REJ,1201003,SEMI FINISHED GOODS,3.0,510.0,170.0,1
12000858,KLR-WIP,1201003,SEMI FINISHED GOODS,2664.0,452880.0,170.0,7
12000859,KLR-EXS,1201003,SEMI FINISHED GOODS,527.0,23715.0,45.0,1
12000859,KLR-REJ,1201003,SEMI FINISHED GOODS,3.0,135.0,45.0,1
12000859,KLR-WIP,1201003,SEMI FINISHED GOODS,2507.0,112815.0,45.0,2
12000860,KLR-EXS,1201003,SEMI FINISHED GOODS,3.0,105.0,35.0,1
12000861,KLR-EXS,1201003,SEMI FINISHED GOODS,336.0,14108.64,41.99,1
12000861,KLR-SUB,1201003,SEMI FINISHED GOODS,2.0,86.52,43.26,1
12000861,KLR-WIP,1201003,SEMI FINISHED GOODS,88.0,3806.88,43.26,24
12000862,KLR-EXS,1201003,SEMI FINISHED GOODS,778.0,27432.28,35.26,2
12000862,KLR-SUB,1201003,SEMI FINISHED GOODS,6.0,211.56,35.26,11
12000863,KLR-EXS,1201003,SEMI FINISHED GOODS,187.0,5060.22,27.06,1
12000864,KLR-SUB,1201003,SEMI FINISHED GOODS,2.0,82.52,41.26,1
12000864,KLR-WIP,1201003,SEMI FINISHED GOODS,100.0,4126.0,41.26,29
12000865,KLR-EXS,1201003,SEMI FINISHED GOODS,307.0,8307.42,27.06,1
12000866,KLR-EXS,1201003,SEMI FINISHED GOODS,896.0,48133.12,53.72,2
12000867,KLR-EXS,1201003,SEMI FINISHED GOODS,429.0,19738.29,46.01,1
12000869,KLR-EXS,1201003,SEMI FINISHED GOODS,1990.0,84256.6,42.34,2
12000874,KLR-EXS,1201003,SEMI FINISHED GOODS,797.0,59320.71,74.43,1
12000874,KLR-SUB,1201003,SEMI FINISHED GOODS,4.0,297.72,74.43,2
12000874,KLR-WIP,1201003,SEMI FINISHED GOODS,13.0,967.59,74.43,18
12000875,KLR-REJ,1201003,SEMI FINISHED GOODS,8.0,710.64,88.83,1
12000875,KLR-SUB,1201003,SEMI FINISHED GOODS,2015.0,178992.45,88.83,14
12000875,KLR-WIP,1201003,SEMI FINISHED GOODS,56.0,4974.48,88.83,46
12000876,KLR-EXS,1201003,SEMI FINISHED GOODS,964.0,96939.84,100.56,1
12000876,KLR-REJ,1201003,SEMI FINISHED GOODS,9.0,905.04,100.56,1
12000876,KLR-SUB,1201003,SEMI FINISHED GOODS,3166.0,318372.96,100.56,19
12000876,KLR-WIP,1201003,SEMI FINISHED GOODS,62.0,6234.72,100.56,78
12000877,KLR-EXS,1201003,SEMI FINISHED GOODS,6.0,678.78,113.13,5
12000877,KLR-REJ,1201003,SEMI FINISHED GOODS,1.0,113.13,113.13,1
12000877,KLR-SUB,1201003,SEMI FINISHED GOODS,2022.0,228748.86,113.13,22
12000878,KLR-EXS,1201003,SEMI FINISHED GOODS,2241.0,314098.56,140.16,3
12000878,KLR-SUB,1201003,SEMI FINISHED GOODS,67.0,9390.72,140.16,7
12000879,KLR-WIP,1201003,SEMI FINISHED GOODS,9.0,1795.5,199.5,3
12000880,KLR-EXS,1201003,SEMI FINISHED GOODS,4164.0,41098.68,9.87,2
12000880,KLR-SUB,1201003,SEMI FINISHED GOODS,3.0,29.61,9.87,20
12000881,KLR-EXS,1201003,SEMI FINISHED GOODS,1588.0,81130.92,51.09,1
12000882,KLR-EXS,1201003,SEMI FINISHED GOODS,2901.0,37219.83,12.83,1
12000883,KLR-EXS,1201003,SEMI FINISHED GOODS,610.0,23832.7,39.07,1
12000885,KLR-EXS,1201003,SEMI FINISHED GOODS,150.0,8487.0,56.58,2
12000886,KLR-SUB,1201003,SEMI FINISHED GOODS,123.0,10488.21,85.27,2
12000886,KLR-WIP,1201003,SEMI FINISHED GOODS,72.0,6139.44,85.27,28
12000889,KLR-EXS,1201003,SEMI FINISHED GOODS,3533.0,105636.7,29.9,1
12000890,KLR-WIP,1201003,SEMI FINISHED GOODS,16529.0,1053393.17,63.73,313
12000891,KLR-WIP,1201003,SEMI FINISHED GOODS,3110.0,66927.2,21.52,187
12000892,KLR-EXS,1201003,SEMI FINISHED GOODS,1693.0,74305.77,43.89,5
12000892,KLR-REJ,1201003,SEMI FINISHED GOODS,11.0,482.79,43.89,4
12000892,KLR-SUB,1201003,SEMI FINISHED GOODS,2.0,87.78,43.89,344
12000892,KLR-WIP,1201003,SEMI FINISHED GOODS,4182.0,183547.98,43.89,353
12000893,KLR-EXS,1201003,SEMI FINISHED GOODS,5300.0,297860.0,56.2,3
12000893,KLR-REJ,1201003,SEMI FINISHED GOODS,12.0,674.4,56.2,4
12000893,KLR-SUB,1201003,SEMI FINISHED GOODS,6.0,337.2,56.2,287
12000893,KLR-WIP,1201003,SEMI FINISHED GOODS,3000.0,168600.0,56.2,330
12000894,KLR-WIP,1201003,SEMI FINISHED GOODS,977.0,61140.66,62.58,40
12000895,KLR-REJ,1201003,SEMI FINISHED GOODS,1.0,91.05,91.05,1
12000895,KLR-WIP,1201003,SEMI FINISHED GOODS,480.0,43704.0,91.05,30
12000896,KLR-EXS,1201003,SEMI FINISHED GOODS,342.0,19350.36,56.58,1
12000896,KLR-WIP,1201003,SEMI FINISHED GOODS,26.0,1471.08,56.58,16
12000897,KLR-SUB,1201003,SEMI FINISHED GOODS,471.0,9848.61,20.91,8
12000897,KLR-WIP,1201003,SEMI FINISHED GOODS,1802.0,37679.82,20.91,38
12000898,KLR-WIP,1201003,SEMI FINISHED GOODS,1611.0,117844.65,73.15,49
12000899,KLR-EXS,1201003,SEMI FINISHED GOODS,278.0,16390.88,58.96,1
12000899,KLR-WIP,1201003,SEMI FINISHED GOODS,1312.0,77355.52,58.96,32
12000900,KLR-WIP,1201003,SEMI FINISHED GOODS,734.0,13351.46,18.19,50
12000901,KLR-EXS,1201003,SEMI FINISHED GOODS,287.0,22518.02,78.46,1
12000901,KLR-WIP,1201003,SEMI FINISHED GOODS,91.0,7139.86,78.46,112
12000902,KLR-REJ,1201003,SEMI FINISHED GOODS,5.0,365.75,73.15,1
12000902,KLR-SUB,1201003,SEMI FINISHED GOODS,63.0,4608.45,73.15,28
12000902,KLR-WIP,1201003,SEMI FINISHED GOODS,1475.0,107896.25,73.15,76
12000903,KLR-EXS,1201003,SEMI FINISHED GOODS,2699.0,61807.1,22.9,1
12000903,KLR-SUB,1201003,SEMI FINISHED GOODS,800.0,18320.0,22.9,23
12000903,KLR-WIP,1201003,SEMI FINISHED GOODS,767.0,17564.3,22.9,68
12000904,KLR-EXS,1201003,SEMI FINISHED GOODS,120.0,14505.6,120.88,2
12000904,KLR-WIP,1201003,SEMI FINISHED GOODS,20.0,2303.6,115.18,67
12000905,KLR-WIP,1201003,SEMI FINISHED GOODS,1138.0,120377.64,105.78,46
12000906,KLR-WIP,1201003,SEMI FINISHED GOODS,681.0,60561.33,88.93,25
12000907,KLR-EXS,1201003,SEMI FINISHED GOODS,274.0,7644.6,27.9,1
12000907,KLR-SUB,1201003,SEMI FINISHED GOODS,134.0,3738.6,27.9,16
12000907,KLR-WIP,1201003,SEMI FINISHED GOODS,425.0,11857.5,27.9,41
12000908,KLR-SUB,1201003,SEMI FINISHED GOODS,1.0,109.4,109.4,2
12000908,KLR-WIP,1201003,SEMI FINISHED GOODS,329.0,35992.6,109.4,32
12000909,KLR-EXS,1201003,SEMI FINISHED GOODS,172.0,15366.48,89.34,1
12000910,KLR-EXS,1201003,SEMI FINISHED GOODS,63.0,3745.35,59.45,1
12000910,KLR-WIP,1201003,SEMI FINISHED GOODS,68.0,4042.6,59.45,28
12000911,KLR-EXS,1201003,SEMI FINISHED GOODS,386.0,43166.38,111.83,1
12000911,KLR-WIP,1201003,SEMI FINISHED GOODS,12.0,1341.96,111.83,2
12000912,KLR-WIP,1201003,SEMI FINISHED GOODS,330.0,28043.4,84.98,3
12000913,KLR-EXS,1201003,SEMI FINISHED GOODS,63.0,3396.96,53.92,1
12000913,KLR-SUB,1201003,SEMI FINISHED GOODS,195.0,10514.4,53.92,7
12000914,KLR-EXS,1201003,SEMI FINISHED GOODS,10.0,417.2,41.72,1
12000915,KLR-WIP,1201003,SEMI FINISHED GOODS,24.0,991.92,41.33,13
12000916,KLR-EXS,1201003,SEMI FINISHED GOODS,527.0,16853.46,31.98,1
12000917,KLR-WIP,1201003,SEMI FINISHED GOODS,781.0,80872.55,103.55,16
12000918,KLR-EXS,1201003,SEMI FINISHED GOODS,482.0,43886.1,91.05,1
12000920,KLR-WIP,1201003,SEMI FINISHED GOODS,15.0,408.0,27.2,5
12000921,KLR-EXS,1201003,SEMI FINISHED GOODS,66.0,12203.4,184.9,1
12000921,KLR-WIP,1201003,SEMI FINISHED GOODS,15.0,2773.5,184.9,2
12000923,KLR-WIP,1201003,SEMI FINISHED GOODS,45.0,11758.5,261.3,12
12000924,KLR-EXS,1201003,SEMI FINISHED GOODS,291.0,56040.78,192.58,1
12000925,KLR-EXS,1201003,SEMI FINISHED GOODS,97.0,3970.21,40.93,1
12000925,KLR-WIP,1201003,SEMI FINISHED GOODS,2.0,81.86,40.93,2
12000926,KLR-EXS,1201003,SEMI FINISHED GOODS,56.0,3106.32,55.47,1
12000926,KLR-REJ,1201003,SEMI FINISHED GOODS,3.0,166.41,55.47,1
12000926,KLR-WIP,1201003,SEMI FINISHED GOODS,842.0,34799.86,41.33,38
12000927,KLR-WIP,1201003,SEMI FINISHED GOODS,677.0,12565.12,18.56,46
12000928,KLR-EXS,1201003,SEMI FINISHED GOODS,112.0,929.6,8.3,1
12000928,KLR-REJ,1201003,SEMI FINISHED GOODS,3.0,34.62,11.54,1
12000928,KLR-WIP,1201003,SEMI FINISHED GOODS,954.0,7918.2,8.3,55
12000929,KLR-WIP,1201003,SEMI FINISHED GOODS,122.0,5353.36,43.88,18
12000930,KLR-WIP,1201003,SEMI FINISHED GOODS,183.0,13915.32,76.04,41
12000931,KLR-WIP,1201003,SEMI FINISHED GOODS,287.0,11187.26,38.98,84
12000933,KLR-EXS,1201003,SEMI FINISHED GOODS,105.0,3326.4,31.68,1
12000933,KLR-WIP,1201003,SEMI FINISHED GOODS,64.0,2027.52,31.68,25
12000934,KLR-EXS,1201003,SEMI FINISHED GOODS,2034.0,49588.92,24.38,1
12000935,KLR-WIP,1201003,SEMI FINISHED GOODS,94.0,1552.88,16.52,54
12000936,KLR-WIP,1201003,SEMI FINISHED GOODS,62.0,5141.66,82.93,51
12000937,KLR-EXS,1201003,SEMI FINISHED GOODS,2545.0,71998.05,28.29,2
12000937,KLR-WIP,1201003,SEMI FINISHED GOODS,27.0,763.83,28.29,15
12000938,KLR-EXS,1201003,SEMI FINISHED GOODS,11501.0,181140.75,15.75,2
12000938,KLR-WIP,1201003,SEMI FINISHED GOODS,22.0,346.5,15.75,14
12000939,KLR-EXS,1201003,SEMI FINISHED GOODS,2121.0,73132.08,34.48,2
12000939,KLR-WIP,1201003,SEMI FINISHED GOODS,2.0,68.96,34.48,16
12000940,KLR-EXS,1201003,SEMI FINISHED GOODS,625.0,11675.0,18.68,1
12000940,KLR-SUB,1201003,SEMI FINISHED GOODS,8.0,149.44,18.68,3
12000940,KLR-WIP,1201003,SEMI FINISHED GOODS,8.0,149.44,18.68,12
12000941,KLR-WIP,1201003,SEMI FINISHED GOODS,20.0,972.4,48.62,28
12000942,KLR-WIP,1201003,SEMI FINISHED GOODS,85.0,2103.75,24.75,23
12000944,KLR-EXS,1201003,SEMI FINISHED GOODS,291.0,9390.57,32.27,1
12000944,KLR-WIP,1201003,SEMI FINISHED GOODS,25.0,806.75,32.27,27
12000945,KLR-EXS,1201003,SEMI FINISHED GOODS,31.0,1281.23,41.33,2
12000945,KLR-WIP,1201003,SEMI FINISHED GOODS,15.0,619.95,41.33,11
12000946,KLR-EXS,1201003,SEMI FINISHED GOODS,419.0,8392.57,20.03,1
12000946,KLR-SUB,1201003,SEMI FINISHED GOODS,10.0,200.3,20.03,2
12000946,KLR-WIP,1201003,SEMI FINISHED GOODS,7.0,140.21,20.03,10
12000947,KLR-EXS,1201003,SEMI FINISHED GOODS,124.0,6094.6,49.15,1
12000947,KLR-SUB,1201003,SEMI FINISHED GOODS,58.0,2850.7,49.15,3
12000947,KLR-WIP,1201003,SEMI FINISHED GOODS,10.0,491.5,49.15,15
12000948,KLR-EXS,1201003,SEMI FINISHED GOODS,288.0,7064.64,24.53,1
12000948,KLR-WIP,1201003,SEMI FINISHED GOODS,13.0,318.89,24.53,12
12000950,KLR-REJ,1201003,SEMI FINISHED GOODS,2.0,107.84,53.92,4
12000950,KLR-SUB,1201003,SEMI FINISHED GOODS,1304.0,70311.68,53.92,29
12000950,KLR-WIP,1201003,SEMI FINISHED GOODS,204.0,10999.68,53.92,51
12000951,KLR-REJ,1201003,SEMI FINISHED GOODS,8.0,498.56,62.32,1
12000951,KLR-SUB,1201003,SEMI FINISHED GOODS,1322.0,82387.04,62.32,28
12000951,KLR-WIP,1201003,SEMI FINISHED GOODS,4.0,249.28,62.32,64
12000952,KLR-REJ,1201003,SEMI FINISHED GOODS,6.0,446.7,74.45,3
12000952,KLR-SUB,1201003,SEMI FINISHED GOODS,1309.0,97455.05,74.45,32
12000952,KLR-WIP,1201003,SEMI FINISHED GOODS,228.0,16974.6,74.45,52
12000953,KLR-EXS,1201003,SEMI FINISHED GOODS,196.0,17197.04,87.74,1
12000953,KLR-REJ,1201003,SEMI FINISHED GOODS,14.0,1228.36,87.74,2
12000953,KLR-SUB,1201003,SEMI FINISHED GOODS,9.0,789.66,87.74,7
12000953,KLR-WIP,1201003,SEMI FINISHED GOODS,523.0,45888.02,87.74,25
12000954,KLR-REJ,1201003,SEMI FINISHED GOODS,4.0,393.4,98.35,1
12000954,KLR-SUB,1201003,SEMI FINISHED GOODS,5.0,491.75,98.35,4
12000954,KLR-WIP,1201003,SEMI FINISHED GOODS,133.0,13080.55,98.35,22
12000955,KLR-EXS,1201003,SEMI FINISHED GOODS,190.0,22296.5,117.35,1
12000955,KLR-REJ,1201003,SEMI FINISHED GOODS,5.0,586.75,117.35,1
12000955,KLR-SUB,1201003,SEMI FINISHED GOODS,6.0,704.1,117.35,9
12000955,KLR-WIP,1201003,SEMI FINISHED GOODS,12.0,1408.2,117.35,32
12000957,KLR-EXS,1201003,SEMI FINISHED GOODS,2.0,153.8,76.9,1
12000959,KLR-EXS,1201003,SEMI FINISHED GOODS,3.0,318.99,106.33,1
12000960,KLR-EXS,1201003,SEMI FINISHED GOODS,4.0,500.8,125.2,1
12000963,KLR-REJ,1201003,SEMI FINISHED GOODS,27.0,301.59,11.17,3
12000963,KLR-SUB,1201003,SEMI FINISHED GOODS,1868.0,20865.56,11.17,51
12000963,KLR-WIP,1201003,SEMI FINISHED GOODS,222.0,2479.74,11.17,132
12000964,KLR-REJ,1201003,SEMI FINISHED GOODS,18.0,226.62,12.59,6
12000964,KLR-SUB,1201003,SEMI FINISHED GOODS,4099.0,51606.41,12.59,60
12000964,KLR-WIP,1201003,SEMI FINISHED GOODS,1168.0,31072.12,26.602842,175
12000965,KLR-EXS,1201003,SEMI FINISHED GOODS,97.0,19268.08,198.64,2
12000966,KLR-EXS,1201003,SEMI FINISHED GOODS,19.0,3774.16,198.64,1
12000966,KLR-SUB,1201003,SEMI FINISHED GOODS,38.0,7548.32,198.64,5
12000967,KLR-SUB,1201003,SEMI FINISHED GOODS,60.0,1900.8,31.68,4
12000967,KLR-WIP,1201003,SEMI FINISHED GOODS,75.0,2376.0,31.68,22
12000968,KLR-EXS,1201003,SEMI FINISHED GOODS,106.0,26125.82,246.47,1
12000968,KLR-SUB,1201003,SEMI FINISHED GOODS,9.0,2218.23,246.47,14
12000969,KLR-EXS,1201003,SEMI FINISHED GOODS,170.0,46418.5,273.05,2
12000969,KLR-WIP,1201003,SEMI FINISHED GOODS,86.0,23482.3,273.05,42
12000970,KLR-EXS,1201003,SEMI FINISHED GOODS,319.0,20422.38,64.02,1
12000970,KLR-WIP,1201003,SEMI FINISHED GOODS,27.0,1728.54,64.02,25
12000971,KLR-SUB,1201003,SEMI FINISHED GOODS,6.0,1490.58,248.43,11
12000971,KLR-WIP,1201003,SEMI FINISHED GOODS,126.0,31302.18,248.43,53
12000972,KLR-EXS,1201003,SEMI FINISHED GOODS,113.0,28072.59,248.43,1
12000972,KLR-SUB,1201003,SEMI FINISHED GOODS,90.0,22358.7,248.43,10
12000972,KLR-WIP,1201003,SEMI FINISHED GOODS,218.0,54157.74,248.43,60
12000973,KLR-WIP,1201003,SEMI FINISHED GOODS,51.0,1615.68,31.68,31
12000975,KLR-EXS,1201003,SEMI FINISHED GOODS,145.0,35609.1,245.58,1
12000975,KLR-WIP,1201003,SEMI FINISHED GOODS,10.0,2455.8,245.58,7
12000976,KLR-EXS,1201003,SEMI FINISHED GOODS,12.0,2946.96,245.58,1
12000976,KLR-WIP,1201003,SEMI FINISHED GOODS,147.0,36100.26,245.58,7
12000977,KLR-WIP,1201003,SEMI FINISHED GOODS,1005.0,113142.9,112.58,25
12000978,KLR-EXS,1201003,SEMI FINISHED GOODS,999.0,63626.31,63.69,1
12000979,KLR-EXS,1201003,SEMI FINISHED GOODS,640.0,118400.0,185.0,1
12000979,KLR-WIP,1201003,SEMI FINISHED GOODS,70.0,5507.6,78.68,3
12000981,KLR-EXS,1201003,SEMI FINISHED GOODS,2882.0,38907.0,13.5,2
12000982,KLR-EXS,1201003,SEMI FINISHED GOODS,254.0,21628.1,85.15,1
12000982,KLR-SUB,1201003,SEMI FINISHED GOODS,347.0,25913.96,74.68,40
12000982,KLR-WIP,1201003,SEMI FINISHED GOODS,1533.0,114484.44,74.68,109
12000983,KLR-EXS,1201003,SEMI FINISHED GOODS,76.0,7746.68,101.93,2
12000983,KLR-WIP,1201003,SEMI FINISHED GOODS,20.0,1988.6,99.43,31
12000984,KLR-EXS,1201003,SEMI FINISHED GOODS,177.0,9543.84,53.92,1
12000984,KLR-REJ,1201003,SEMI FINISHED GOODS,2.0,107.84,53.92,1
12000984,KLR-WIP,1201003,SEMI FINISHED GOODS,803.0,43297.76,53.92,26
12000985,KLR-EXS,1201003,SEMI FINISHED GOODS,8.0,132.16,16.52,1
12000986,KLR-EXS,1201003,SEMI FINISHED GOODS,68.0,986.0,14.5,1
12000986,KLR-WIP,1201003,SEMI FINISHED GOODS,2.0,29.0,14.5,9
12000987,KLR-EXS,1201003,SEMI FINISHED GOODS,2961.0,47494.44,16.04,1
12000987,KLR-REJ,1201003,SEMI FINISHED GOODS,35.0,561.4,16.04,10
12000987,KLR-SUB,1201003,SEMI FINISHED GOODS,1910.0,30636.4,16.04,65
12000987,KLR-WIP,1201003,SEMI FINISHED GOODS,2738.0,43917.52,16.04,182
12000988,KLR-EXS,1201003,SEMI FINISHED GOODS,892.0,38962.56,43.68,2
12000988,KLR-SUB,1201003,SEMI FINISHED GOODS,1329.0,58050.72,43.68,31
12000988,KLR-WIP,1201003,SEMI FINISHED GOODS,211.0,9216.48,43.68,65
12000991,KLR-EXS,1201003,SEMI FINISHED GOODS,905.0,56643.95,62.59,1
12000996,KLR-WIP,1201003,SEMI FINISHED GOODS,123.0,19759.95,160.65,14
12001000,KLR-EXS,1201003,SEMI FINISHED GOODS,995.0,24377.5,24.5,2
12001002,KLR-EXS,1201003,SEMI FINISHED GOODS,1031.0,32992.0,32.0,1
12001002,KLR-REJ,1201003,SEMI FINISHED GOODS,1.0,32.0,32.0,1
12001002,KLR-WIP,1201003,SEMI FINISHED GOODS,14.0,448.0,32.0,14
12001003,KLR-EXS,1201003,SEMI FINISHED GOODS,411.0,16440.0,40.0,1
12001003,KLR-WIP,1201003,SEMI FINISHED GOODS,6.0,240.0,40.0,18
12001009,KLR-EXS,1201003,SEMI FINISHED GOODS,17.0,1264.46,74.38,1
12001018,KLR-EXS,1201003,SEMI FINISHED GOODS,1.0,206.79,206.79,1
12001018,KLR-FG,1201003,SEMI FINISHED GOODS,114.0,23574.06,206.79,5
12001034,KLR-WIP,1201003,SEMI FINISHED GOODS,280.0,18454.8,65.91,68
12001035,KLR-EXS,1201003,SEMI FINISHED GOODS,599.0,34388.59,57.41,1
12001035,KLR-WIP,1201003,SEMI FINISHED GOODS,317.0,18198.97,57.41,34
12001037,KLR-EXS,1201003,SEMI FINISHED GOODS,543.0,48994.89,90.23,1
12001040,KLR-WIP,1201003,SEMI FINISHED GOODS,462.0,61321.26,132.73,69
12001044,KLR-EXS,1201003,SEMI FINISHED GOODS,856.0,96496.88,112.73,2
12001044,KLR-WIP,1201003,SEMI FINISHED GOODS,4.0,450.92,112.73,18
12001045,KLR-EXS,1201003,SEMI FINISHED GOODS,142.0,50797.66,357.73,1
12001045,KLR-FG,1201003,SEMI FINISHED GOODS,647.0,214137.59,330.97,3
12001045,KLR-WIP,1201003,SEMI FINISHED GOODS,725.0,239953.25,330.97,8
12001051,KLR-EXS,1201003,SEMI FINISHED GOODS,6.0,374.1,62.35,1
12001055,KLR-WIP,1201003,SEMI FINISHED GOODS,724.0,323714.88,447.12,12
12001056,KLR-EXS,1201003,SEMI FINISHED GOODS,137.0,17810.0,130.0,1
12001056,KLR-WIP,1201003,SEMI FINISHED GOODS,12.0,988.2,82.35,15
12001066,KLR-EXS,1201003,SEMI FINISHED GOODS,132.0,10001.64,75.77,1
12001066,KLR-WIP,1201003,SEMI FINISHED GOODS,1009.0,76451.93,75.77,20
12001068,KLR-WIP,1201003,SEMI FINISHED GOODS,1328.0,238893.92,179.89,76
12001070,KLR-REJ,1201003,SEMI FINISHED GOODS,5.0,774.45,154.89,1
12001070,KLR-WIP,1201003,SEMI FINISHED GOODS,453.0,70165.17,154.89,37
12001073,KLR-EXS,1201003,SEMI FINISHED GOODS,21.0,2067.66,98.46,2
12001084,KLR-WIP,1201003,SEMI FINISHED GOODS,3027.0,19705.77,6.51,7
12001085,KLR-EXS,1201003,SEMI FINISHED GOODS,149.0,7523.01,50.49,1
12001087,KLR-EXS,1201003,SEMI FINISHED GOODS,187.0,11657.58,62.34,1
12001089,KLR-EXS,1201003,SEMI FINISHED GOODS,9837.0,38954.52,3.96,1
12001102,KLR-EXS,1201003,SEMI FINISHED GOODS,197.0,7858.33,39.89,1
12001103,KLR-EXS,1201003,SEMI FINISHED GOODS,457.0,56211.0,123.0,1
12001108,KLR-EXS,1201003,SEMI FINISHED GOODS,211.0,12413.13,58.83,2
12001123,KLR-WIP,1201003,SEMI FINISHED GOODS,651.0,138532.8,212.8,17
12001127,KLR-EXS,1201003,SEMI FINISHED GOODS,109.0,27609.7,253.3,1
12001128,KLR-EXS,1201003,SEMI FINISHED GOODS,879.0,181768.41,206.79,1
12001128,KLR-QC,1201003,SEMI FINISHED GOODS,30.0,6203.7,206.79,3
12001132,KLR-WIP,1201003,SEMI FINISHED GOODS,50.0,28021.0,560.42,2
12001133,KLR-WIP,1201003,SEMI FINISHED GOODS,2.0,810.58,405.29,1
12001140,KLR-EXS,1201003,SEMI FINISHED GOODS,14.0,1007.16,71.94,1
12001143,KLR-EXS,1201003,SEMI FINISHED GOODS,11.0,190.08,17.28,1
12001154,KLR-EXS,1201003,SEMI FINISHED GOODS,520.0,8611.2,16.56,1
12001159,KLR-EXS,1201003,SEMI FINISHED GOODS,424.0,12965.92,30.58,1
12001159,KLR-WIP,1201003,SEMI FINISHED GOODS,12.0,366.96,30.58,11
12001161,KLR-EXS,1201003,SEMI FINISHED GOODS,95.0,11266.05,118.59,1
12001163,KLR-EXS,1201003,SEMI FINISHED GOODS,354.0,104617.62,295.53,1
12001164,KLR-EXS,1201003,SEMI FINISHED GOODS,23.0,2235.37,97.19,1
12001164,KLR-WIP,1201003,SEMI FINISHED GOODS,9.0,874.71,97.19,42
12001165,KLR-WIP,1201003,SEMI FINISHED GOODS,25.0,2929.75,117.19,47
12001175,KLR-WIP,1201003,SEMI FINISHED GOODS,2.0,185.94,92.97,15
12001176,KLR-WIP,1201003,SEMI FINISHED GOODS,18.0,1517.94,84.33,15
12001181,KLR-EXS,1201003,SEMI FINISHED GOODS,571.0,8793.4,15.4,1
12001181,KLR-SUB,1201003,SEMI FINISHED GOODS,342.0,5266.8,15.4,6
12001182,KLR-EXS,1201003,SEMI FINISHED GOODS,1076.0,20874.4,19.4,1
12001183,KLR-EXS,1201003,SEMI FINISHED GOODS,204.0,4222.8,20.7,1
12001183,KLR-SUB,1201003,SEMI FINISHED GOODS,716.0,14821.2,20.7,5
12001184,KLR-EXS,1201003,SEMI FINISHED GOODS,1410.0,9165.0,6.5,2
12001187,KLR-SUB,1201003,SEMI FINISHED GOODS,1001.0,4904.9,4.9,5
12001187,KLR-WIP,1201003,SEMI FINISHED GOODS,1064.0,5213.6,4.9,9
12001189,KLR-EXS,1201003,SEMI FINISHED GOODS,279.0,2232.0,8.0,1
12001189,KLR-SUB,1201003,SEMI FINISHED GOODS,1016.0,8128.0,8.0,6
12001189,KLR-WIP,1201003,SEMI FINISHED GOODS,522.0,4176.0,8.0,8
12001205,KLR-REJ,1201003,SEMI FINISHED GOODS,5.0,112.9,22.58,1
12001205,KLR-WIP,1201003,SEMI FINISHED GOODS,35.0,790.3,22.58,8
12001207,KLR-WIP,1201003,SEMI FINISHED GOODS,211.0,73850.0,350.0,14
12001214,KLR-EXS,1201003,SEMI FINISHED GOODS,26.0,8422.18,323.93,1
12001214,KLR-FG,1201003,SEMI FINISHED GOODS,44.0,14252.92,323.93,60
12001215,KLR-EXS,1201003,SEMI FINISHED GOODS,224.0,126474.88,564.62,1
12001218,KLR-WIP,1201003,SEMI FINISHED GOODS,84.0,5237.4,62.35,11
12001219,KLR-EXS,1201003,SEMI FINISHED GOODS,175.0,126721.0,724.12,1
12001219,KLR-WIP,1201003,SEMI FINISHED GOODS,42.0,29363.04,699.12,50
12001220,KLR-WIP,1201003,SEMI FINISHED GOODS,33.0,20100.96,609.12,39
12001228,KLR-EXS,1201003,SEMI FINISHED GOODS,167.0,13174.63,78.89,1
12001229,KLR-WIP,1201003,SEMI FINISHED GOODS,183.0,19531.59,106.73,9
12001230,KLR-FG,1201003,SEMI FINISHED GOODS,19.0,2468.48,129.92,19
12001231,KLR-EXS,1201003,SEMI FINISHED GOODS,252.0,114067.8,452.65,1
12001231,KLR-FG,1201003,SEMI FINISHED GOODS,3.0,1357.95,452.65,6
12001231,KLR-WIP,1201003,SEMI FINISHED GOODS,62.0,28064.3,452.65,33
12001232,KLR-SUB,1201003,SEMI FINISHED GOODS,1.0,542.65,542.65,1
12001232,KLR-WIP,1201003,SEMI FINISHED GOODS,98.0,53179.7,542.65,69
12001233,KLR-EXS,1201003,SEMI FINISHED GOODS,167.0,14989.92,89.76,1
12001234,KLR-WIP,1201003,SEMI FINISHED GOODS,43.0,5221.92,121.44,24
12001235,KLR-WIP,1201003,SEMI FINISHED GOODS,122.0,6584.34,53.97,23
12001241,KLR-EXS,1201003,SEMI FINISHED GOODS,826.0,67723.74,81.99,1
12001244,KLR-EXS,1201003,SEMI FINISHED GOODS,514.0,31503.06,61.29,1
12001245,KLR-EXS,1201003,SEMI FINISHED GOODS,22.0,588.06,26.73,1
12001246,KLR-EXS,1201003,SEMI FINISHED GOODS,513.0,21176.64,41.28,1
12001247,KLR-EXS,1201003,SEMI FINISHED GOODS,549.0,22662.72,41.28,1
12001249,KLR-EXS,1201003,SEMI FINISHED GOODS,383.0,78323.5,204.5,1
12001256,KLR-EXS,1201003,SEMI FINISHED GOODS,23.0,7264.55,315.85,1
12001257,KLR-WIP,1201003,SEMI FINISHED GOODS,118.0,2803.68,23.76,13
12001258,KLR-EXS,1201003,SEMI FINISHED GOODS,32.0,737.6,23.05,1
12001258,KLR-WIP,1201003,SEMI FINISHED GOODS,53.0,1221.65,23.05,2
12001261,KLR-EXS,1201003,SEMI FINISHED GOODS,5.0,110.35,22.07,1
12001261,KLR-WIP,1201003,SEMI FINISHED GOODS,11.0,242.77,22.07,2
12001262,KLR-EXS,1201003,SEMI FINISHED GOODS,68.0,3427.2,50.4,1
12001262,KLR-WIP,1201003,SEMI FINISHED GOODS,19.0,957.6,50.4,2
12001263,KLR-EXS,1201003,SEMI FINISHED GOODS,302.0,29925.18,99.09,1
12001264,KLR-WIP,1201003,SEMI FINISHED GOODS,21.0,911.4,43.4,2
12001265,KLR-EXS,1201003,SEMI FINISHED GOODS,174.0,5487.96,31.54,1
12001265,KLR-WIP,1201003,SEMI FINISHED GOODS,8.0,252.32,31.54,2
12001266,KLR-EXS,1201003,SEMI FINISHED GOODS,17.0,1188.13,69.89,1
12001266,KLR-WIP,1201003,SEMI FINISHED GOODS,34.0,2376.26,69.89,2
12001267,KLR-EXS,1201003,SEMI FINISHED GOODS,14.0,609.56,43.54,1
12001267,KLR-WIP,1201003,SEMI FINISHED GOODS,11.0,478.94,43.54,2
12001268,KLR-EXS,1201003,SEMI FINISHED GOODS,31.0,1845.74,59.54,1
12001268,KLR-WIP,1201003,SEMI FINISHED GOODS,16.0,952.64,59.54,2
12001269,KLR-EXS,1201003,SEMI FINISHED GOODS,42.0,1540.98,36.69,1
12001270,KLR-EXS,1201003,SEMI FINISHED GOODS,29.0,1015.87,35.03,1
12001271,KLR-WIP,1201003,SEMI FINISHED GOODS,105.0,7340.55,69.91,3
12001272,KLR-EXS,1201003,SEMI FINISHED GOODS,903.0,7874.16,8.72,1
12001272,KLR-WIP,1201003,SEMI FINISHED GOODS,5.0,43.6,8.72,61
12001273,KLR-WIP,1201003,SEMI FINISHED GOODS,86.0,3586.2,41.7,2
12001274,KLR-WIP,1201003,SEMI FINISHED GOODS,125.0,5007.5,40.06,3
12001275,KLR-EXS,1201003,SEMI FINISHED GOODS,244.0,17231.28,70.62,1
12001276,KLR-EXS,1201003,SEMI FINISHED GOODS,1332.0,159280.56,119.58,1
12001277,KLR-WIP,1201003,SEMI FINISHED GOODS,170.0,10589.3,62.29,2
12001278,KLR-WIP,1201003,SEMI FINISHED GOODS,562.0,26841.12,47.76,2
12001279,KLR-WIP,1201003,SEMI FINISHED GOODS,279.0,171635.22,615.18,3
12001282,KLR-EXS,1201003,SEMI FINISHED GOODS,438.0,74565.12,170.24,2
12001282,KLR-WIP,1201003,SEMI FINISHED GOODS,211.0,35920.64,170.24,6
12001283,KLR-EXS,1201003,SEMI FINISHED GOODS,220.0,6996.0,31.8,1
12001284,KLR-EXS,1201003,SEMI FINISHED GOODS,432.0,54933.12,127.16,1
12001284,KLR-WIP,1201003,SEMI FINISHED GOODS,279.0,36127.71,129.49,57
12001285,KLR-EXS,1201003,SEMI FINISHED GOODS,11.0,2258.08,205.28,1
12001285,KLR-WIP,1201003,SEMI FINISHED GOODS,17.0,3489.76,205.28,2
12001286,KLR-EXS,1201003,SEMI FINISHED GOODS,204.0,8302.8,40.7,1
12001287,KLR-EXS,1201003,SEMI FINISHED GOODS,150.0,3564.0,23.76,1
12001288,KLR-EXS,1201003,SEMI FINISHED GOODS,14.0,746.2,53.3,1
12001289,KLR-WIP,1201003,SEMI FINISHED GOODS,5749.0,160397.1,27.9,35
12001290,KLR-EXS,1201003,SEMI FINISHED GOODS,84.0,6291.6,74.9,1
12001291,KLR-EXS,1201003,SEMI FINISHED GOODS,73.0,3510.57,48.09,1
12001293,KLR-WIP,1201003,SEMI FINISHED GOODS,397.0,12394.34,31.22,3
12001294,KLR-WIP,1201003,SEMI FINISHED GOODS,284.0,8866.48,31.22,2
12001295,KLR-EXS,1201003,SEMI FINISHED GOODS,88.0,1056.0,12.0,1
12001295,KLR-WIP,1201003,SEMI FINISHED GOODS,44.0,528.0,12.0,9
12001296,KLR-WIP,1201003,SEMI FINISHED GOODS,100.0,3122.0,31.22,4
12001297,KLR-EXS,1201003,SEMI FINISHED GOODS,59.0,4281.04,72.56,1
12001298,KLR-EXS,1201003,SEMI FINISHED GOODS,24.0,3620.64,150.86,1
12001299,KLR-WIP,1201003,SEMI FINISHED GOODS,5.0,1780.35,356.07,2
12001300,KLR-EXS,1201003,SEMI FINISHED GOODS,6.0,1764.12,294.02,1
12001300,KLR-WIP,1201003,SEMI FINISHED GOODS,2.0,588.04,294.02,2
12001301,KLR-WIP,1201003,SEMI FINISHED GOODS,14.0,10906.14,779.01,3
12001302,KLR-EXS,1201003,SEMI FINISHED GOODS,15.0,2674.5,178.3,1
12001303,KLR-EXS,1201003,SEMI FINISHED GOODS,27.0,2673.0,99.0,1
12001304,KLR-EXS,1201003,SEMI FINISHED GOODS,69.0,2856.6,41.4,1
12001305,KLR-EXS,1201003,SEMI FINISHED GOODS,25.0,2591.75,103.67,1
12001306,KLR-EXS,1201003,SEMI FINISHED GOODS,13.0,2212.34,170.18,1
12001307,KLR-WIP,1201003,SEMI FINISHED GOODS,6.0,4429.26,738.21,2
12001308,KLR-EXS,1201003,SEMI FINISHED GOODS,56.0,6105.12,109.02,1
12001309,KLR-WIP,1201003,SEMI FINISHED GOODS,108.0,32985.36,305.42,2
12001310,KLR-WIP,1201003,SEMI FINISHED GOODS,48.0,11874.72,247.39,2
12001312,KLR-EXS,1201003,SEMI FINISHED GOODS,66.0,6578.22,99.67,1
12001312,KLR-WIP,1201003,SEMI FINISHED GOODS,12.0,1196.04,99.67,2
12001313,KLR-WIP,1201003,SEMI FINISHED GOODS,8.0,4606.72,575.84,2
12001314,KLR-EXS,1201003,SEMI FINISHED GOODS,4.0,1018.36,254.59,1
12001314,KLR-WIP,1201003,SEMI FINISHED GOODS,2.0,509.18,254.59,2
12001315,KLR-EXS,1201003,SEMI FINISHED GOODS,83.0,5566.81,67.07,1
12001316,KLR-WIP,1201003,SEMI FINISHED GOODS,63.0,9374.4,148.8,8
12001317,KLR-EXS,1201003,SEMI FINISHED GOODS,63.0,8865.99,140.73,1
12001318,KLR-WIP,1201003,SEMI FINISHED GOODS,126.0,69679.26,553.01,34
12001320,KLR-EXS,1201003,SEMI FINISHED GOODS,6318.0,184169.7,29.15,1
12001320,KLR-SUB,1201003,SEMI FINISHED GOODS,1374.0,40052.1,29.15,6
12001320,KLR-WIP,1201003,SEMI FINISHED GOODS,8928.0,260251.2,29.15,451
12001321,KLR-EXS,1201003,SEMI FINISHED GOODS,141.0,20700.21,146.81,1
12001322,KLR-EXS,1201003,SEMI FINISHED GOODS,42.0,2202.06,52.43,1
12001323,KLR-EXS,1201003,SEMI FINISHED GOODS,6.0,483.54,80.59,1
12001324,KLR-EXS,1201003,SEMI FINISHED GOODS,3.0,1359.0,453.0,1
12001324,KLR-WIP,1201003,SEMI FINISHED GOODS,5.0,2265.0,453.0,2
12001325,KLR-EXS,1201003,SEMI FINISHED GOODS,247.0,123870.5,501.5,1
12001326,KLR-EXS,1201003,SEMI FINISHED GOODS,11497.0,442979.41,38.53,4
12001326,KLR-SUB,1201003,SEMI FINISHED GOODS,4261.0,164176.33,38.53,526
12001326,KLR-WIP,1201003,SEMI FINISHED GOODS,3000.0,115590.0,38.53,591
12001327,KLR-EXS,1201003,SEMI FINISHED GOODS,5.0,116.0,23.2,1
12001328,KLR-SUB,1201003,SEMI FINISHED GOODS,350.0,10202.5,29.15,3
12001328,KLR-WIP,1201003,SEMI FINISHED GOODS,9569.0,278936.35,29.15,469
12001329,KLR-EXS,1201003,SEMI FINISHED GOODS,136.0,4488.0,33.0,1
12001330,KLR-EXS,1201003,SEMI FINISHED GOODS,20.0,30244.6,1512.23,1
12001331,KLR-EXS,1201003,SEMI FINISHED GOODS,1.0,282.3,282.3,1
12001332,KLR-EXS,1201003,SEMI FINISHED GOODS,17.0,6668.93,392.29,1
12001334,KLR-EXS,1201003,SEMI FINISHED GOODS,255.0,313313.4,1228.68,1
12001335,KLR-SUB,1201003,SEMI FINISHED GOODS,1000.0,46530.0,46.53,1
12001335,KLR-WIP,1201003,SEMI FINISHED GOODS,7005.0,325942.65,46.53,478
12001336,KLR-EXS,1201003,SEMI FINISHED GOODS,1469.0,116829.57,79.53,1
12001337,KLR-EXS,1201003,SEMI FINISHED GOODS,95.0,96476.3,1015.54,1
12001338,KLR-WIP,1201003,SEMI FINISHED GOODS,97.0,39545.93,407.69,2
12001339,KLR-EXS,1201003,SEMI FINISHED GOODS,6.0,2356.14,392.69,1
12001340,KLR-WIP,1201003,SEMI FINISHED GOODS,26.0,2569.32,98.82,2
12001341,KLR-EXS,1201003,SEMI FINISHED GOODS,258.0,3139.86,12.17,1
12001342,KLR-EXS,1201003,SEMI FINISHED GOODS,16903.0,425110.45,25.15,6
12001342,KLR-REJ,1201003,SEMI FINISHED GOODS,30.0,754.5,25.15,6
12001342,KLR-SUB,1201003,SEMI FINISHED GOODS,2404.0,60460.6,25.15,478
12001342,KLR-WIP,1201003,SEMI FINISHED GOODS,8790.0,221068.5,25.15,568
12001343,KLR-EXS,1201003,SEMI FINISHED GOODS,6818.0,171472.7,25.15,1
12001343,KLR-REJ,1201003,SEMI FINISHED GOODS,52.0,1307.8,25.15,14
12001343,KLR-SUB,1201003,SEMI FINISHED GOODS,3142.0,79021.3,25.15,421
12001343,KLR-WIP,1201003,SEMI FINISHED GOODS,3540.0,89031.0,25.15,530
12001347,KLR-EXS,1201003,SEMI FINISHED GOODS,498.0,57170.4,114.8,1
12001349,KLR-EXS,1201003,SEMI FINISHED GOODS,123.0,7503.0,61.0,1
12001350,KLR-EXS,1201003,SEMI FINISHED GOODS,213.0,8223.93,38.61,1
12001351,KLR-EXS,1201003,SEMI FINISHED GOODS,97.0,7740.6,79.8,1
12001351,KLR-WIP,1201003,SEMI FINISHED GOODS,3.0,239.4,79.8,43
12001352,KLR-FG,1201003,SEMI FINISHED GOODS,72.0,7185.6,99.8,25
12001352,KLR-WIP,1201003,SEMI FINISHED GOODS,326.0,32534.8,99.8,58
12001353,KLR-EXS,1201003,SEMI FINISHED GOODS,14.0,835.8,59.7,1
12001354,KLR-EXS,1201003,SEMI FINISHED GOODS,1076.0,65872.72,61.22,1
12001355,KLR-EXS,1201003,SEMI FINISHED GOODS,87.0,12993.45,149.35,1
12001355,KLR-WIP,1201003,SEMI FINISHED GOODS,290.0,43311.5,149.35,11
12001356,KLR-WIP,1201003,SEMI FINISHED GOODS,128.0,6789.12,53.04,11
12001357,KLR-WIP,1201003,SEMI FINISHED GOODS,52.0,12853.88,247.19,9
12001358,KLR-EXS,1201003,SEMI FINISHED GOODS,83.0,9792.34,117.98,1
12001358,KLR-WIP,1201003,SEMI FINISHED GOODS,102.0,12033.96,117.98,7
12001360,KLR-EXS,1201003,SEMI FINISHED GOODS,159.0,15774.39,99.21,1
12001360,KLR-WIP,1201003,SEMI FINISHED GOODS,31.0,3075.51,99.21,7
12001362,KLR-EXS,1201003,SEMI FINISHED GOODS,46.0,4024.54,87.49,1
12001364,KLR-EXS,1201003,SEMI FINISHED GOODS,5695.0,44421.0,7.8,1
12001364,KLR-WIP,1201003,SEMI FINISHED GOODS,1483.0,11567.4,7.8,12
12001365,KLR-EXS,1201003,SEMI FINISHED GOODS,700.0,9128.0,13.04,2
12001366,KLR-EXS,1201003,SEMI FINISHED GOODS,858.0,9000.42,10.49,1
12001368,KLR-WIP,1201003,SEMI FINISHED GOODS,1223.0,34818.81,28.47,3
12001369,KLR-WIP,1201003,SEMI FINISHED GOODS,42.0,1405.74,33.47,5
12001372,KLR-EXS,1201003,SEMI FINISHED GOODS,0.8,125.93,157.4125,1
12001373,KLR-EXS,1201003,SEMI FINISHED GOODS,67.0,12060.0,180.0,1
12001374,KLR-EXS,1201003,SEMI FINISHED GOODS,62.0,11160.0,180.0,2
12001375,KLR-EXS,1201003,SEMI FINISHED GOODS,21.0,1067.43,50.83,1
12001375,KLR-WIP,1201003,SEMI FINISHED GOODS,238.0,12097.54,50.83,31
12001376,KLR-EXS,1201003,SEMI FINISHED GOODS,40.0,12600.0,315.0,1
12001377,KLR-EXS,1201003,SEMI FINISHED GOODS,129.0,19995.0,155.0,2
12001378,KLR-EXS,1201003,SEMI FINISHED GOODS,195.0,30225.0,155.0,2
12001381,KLR-EXS,1201003,SEMI FINISHED GOODS,15.0,268.05,17.87,1
12001384,KLR-EXS,1201003,SEMI FINISHED GOODS,48.0,1312.32,27.34,1
12001385,KLR-EXS,1201003,SEMI FINISHED GOODS,395.0,12774.3,32.34,1
12001385,KLR-WIP,1201003,SEMI FINISHED GOODS,61.0,1972.74,32.34,26
12001386,KLR-EXS,1201003,SEMI FINISHED GOODS,356.0,9975.12,28.02,1
12001386,KLR-SUB,1201003,SEMI FINISHED GOODS,144.0,4034.88,28.02,2
12001387,KLR-WIP,1201003,SEMI FINISHED GOODS,44.0,1064.8,24.2,7
12001391,KLR-WIP,1201003,SEMI FINISHED GOODS,3.0,67.95,22.65,10
12001392,KLR-EXS,1201003,SEMI FINISHED GOODS,1419.0,34637.79,24.41,1
12001392,KLR-WIP,1201003,SEMI FINISHED GOODS,1.0,24.41,24.41,6
12001393,KLR-WIP,1201003,SEMI FINISHED GOODS,94.0,2505.1,26.65,7
12001394,KLR-WIP,1201003,SEMI FINISHED GOODS,213.0,6264.33,29.41,10
12001395,KLR-EXS,1201003,SEMI FINISHED GOODS,47.0,2511.68,53.44,1
12001396,KLR-WIP,1201003,SEMI FINISHED GOODS,545.0,35664.8,65.44,14
12001397,KLR-EXS,1201003,SEMI FINISHED GOODS,130.0,4716.4,36.28,1
12001397,KLR-WIP,1201003,SEMI FINISHED GOODS,68.0,2467.04,36.28,14
12001398,KLR-EXS,1201003,SEMI FINISHED GOODS,740.0,23147.2,31.28,2
12001399,KLR-EXS,1201003,SEMI FINISHED GOODS,10.0,261.3,26.13,1
12001401,KLR-EXS,1201003,SEMI FINISHED GOODS,4689.0,131292.0,28.0,2
12001401,KLR-REJ,1201003,SEMI FINISHED GOODS,17.0,476.0,28.0,4
12001401,KLR-SUB,1201003,SEMI FINISHED GOODS,44.0,1232.0,28.0,279
12001401,KLR-WIP,1201003,SEMI FINISHED GOODS,5992.0,167776.0,28.0,282
12001402,KLR-SUB,1201003,SEMI FINISHED GOODS,40.0,387080.0,9677.0,1
12001407,KLR-FG,1201003,SEMI FINISHED GOODS,3042.0,108751.5,35.75,17
12001407,KLR-WIP,1201003,SEMI FINISHED GOODS,9.0,321.75,35.75,7
12001409,KLR-EXS,1201003,SEMI FINISHED GOODS,5.0,216.6,43.32,1
12001410,KLR-EXS,1201003,SEMI FINISHED GOODS,37.0,990.12,26.76,1
12001411,KLR-EXS,1201003,SEMI FINISHED GOODS,33.0,883.08,26.76,1
12001414,KLR-EXS,1201003,SEMI FINISHED GOODS,584.0,4642.8,7.95,1
12001416,KLR-WIP,1201003,SEMI FINISHED GOODS,2553.0,240543.66,94.22,21
12001419,KLR-WIP,1201003,SEMI FINISHED GOODS,2481.0,222372.03,89.63,19
12001422,KLR-EXS,1201003,SEMI FINISHED GOODS,635.0,51028.6,80.36,1
12001423,KLR-EXS,1201003,SEMI FINISHED GOODS,541.0,73181.07,135.27,2
12001423,KLR-WIP,1201003,SEMI FINISHED GOODS,1.0,135.27,135.27,35
12001424,KLR-EXS,1201003,SEMI FINISHED GOODS,14.0,4492.88,320.92,1
12001424,KLR-WIP,1201003,SEMI FINISHED GOODS,289.0,88644.97,306.73,50
12001426,KLR-WIP,1201003,SEMI FINISHED GOODS,5373.0,364450.59,67.83,24
12001427,KLR-EXS,1201003,SEMI FINISHED GOODS,95.0,11678.35,122.93,2
12001428,KLR-WIP,1201003,SEMI FINISHED GOODS,98.0,27116.6,276.7,49
12001430,KLR-EXS,1201003,SEMI FINISHED GOODS,22.0,1164.24,52.92,1
12001431,KLR-EXS,1201003,SEMI FINISHED GOODS,419.0,28772.73,68.67,1
12001431,KLR-REJ,1201003,SEMI FINISHED GOODS,12.0,824.04,68.67,2
12001431,KLR-SUB,1201003,SEMI FINISHED GOODS,83.0,5699.61,68.67,31
12001432,KLR-EXS,1201003,SEMI FINISHED GOODS,2373.0,181439.58,76.46,1
12001432,KLR-SUB,1201003,SEMI FINISHED GOODS,2.0,157.34,78.67,8
12001432,KLR-WIP,1201003,SEMI FINISHED GOODS,93.0,7316.31,78.67,50
12001433,KLR-EXS,1201003,SEMI FINISHED GOODS,3459.0,148737.0,43.0,1
12001435,KLR-EXS,1201003,SEMI FINISHED GOODS,535.0,58726.95,109.77,1
12001436,KLR-WIP,1201003,SEMI FINISHED GOODS,3022.0,187756.86,62.13,7
12001437,KLR-WIP,1201003,SEMI FINISHED GOODS,2519.0,22620.62,8.98,12
12001438,KLR-EXS,1201003,SEMI FINISHED GOODS,181.0,8688.0,48.0,1
12001438,KLR-WIP,1201003,SEMI FINISHED GOODS,225.0,10800.0,48.0,21
12001445,KLR-EXS,1201003,SEMI FINISHED GOODS,1049.0,15220.99,14.51,1
12001445,KLR-SUB,1201003,SEMI FINISHED GOODS,423.0,6137.73,14.51,11
12001445,KLR-WIP,1201003,SEMI FINISHED GOODS,497.0,7211.47,14.51,8
12001446,KLR-WIP,1201003,SEMI FINISHED GOODS,2032.0,177840.64,87.52,28
12001447,KLR-EXS,1201003,SEMI FINISHED GOODS,1969.0,35442.0,18.0,5
12001447,KLR-REJ,1201003,SEMI FINISHED GOODS,3.0,54.0,18.0,1
12001447,KLR-SUB,1201003,SEMI FINISHED GOODS,3714.0,66852.0,18.0,47
12001448,KLR-SUB,1201003,SEMI FINISHED GOODS,1.0,18.0,18.0,1
12001448,KLR-WIP,1201003,SEMI FINISHED GOODS,4910.0,88380.0,18.0,56
12001448,PKD-GEN,1201003,SEMI FINISHED GOODS,1.0,18.0,18.0,1
12001450,KLR-EXS,1201003,SEMI FINISHED GOODS,87.0,1044.0,12.0,1
12001450,KLR-REJ,1201003,SEMI FINISHED GOODS,5.0,60.0,12.0,1
12001450,KLR-WIP,1201003,SEMI FINISHED GOODS,3.0,36.0,12.0,25
12001451,KLR-EXS,1201003,SEMI FINISHED GOODS,335.0,11172.25,33.35,1
12001451,KLR-SUB,1201003,SEMI FINISHED GOODS,1.0,12.0,12.0,1
12001451,KLR-WIP,1201003,SEMI FINISHED GOODS,5.0,60.0,12.0,32
12001451,PKD-GEN,1201003,SEMI FINISHED GOODS,1.0,12.0,12.0,1
12001452,KLR-QC,1201003,SEMI FINISHED GOODS,512.0,20198.4,39.45,1
12001452,KLR-WIP,1201003,SEMI FINISHED GOODS,1649.0,65053.05,39.45,20
12001453,KLR-EXS,1201003,SEMI FINISHED GOODS,42.0,756.0,18.0,8
12001453,KLR-SUB,1201003,SEMI FINISHED GOODS,5514.0,99252.0,18.0,34
12001454,KLR-EXS,1201003,SEMI FINISHED GOODS,2598.0,73367.52,28.24,1
12001454,KLR-WIP,1201003,SEMI FINISHED GOODS,240.0,4320.0,18.0,21
12001456,KLR-WIP,1201003,SEMI FINISHED GOODS,10.0,1165.5,116.55,7
12001465,KLR-EXS,1201003,SEMI FINISHED GOODS,801.0,25143.39,31.39,1
12001465,KLR-WIP,1201003,SEMI FINISHED GOODS,287.0,8776.46,30.58,88
12001466,KLR-WIP,1201003,SEMI FINISHED GOODS,1705.0,473904.75,277.95,102
12001467,KLR-EXS,1201003,SEMI FINISHED GOODS,2028.0,35408.88,17.46,1
12001467,KLR-SUB,1201003,SEMI FINISHED GOODS,4200.0,82530.0,19.65,1
12001467,KLR-WIP,1201003,SEMI FINISHED GOODS,502.0,9864.3,19.65,60
12001468,KLR-WIP,1201003,SEMI FINISHED GOODS,581.0,12386.92,21.32,76
12001469,KLR-WIP,1201003,SEMI FINISHED GOODS,637.0,16096.99,25.27,52
12001470,KLR-EXS,1201003,SEMI FINISHED GOODS,5533.0,171301.68,30.96,1
12001470,KLR-WIP,1201003,SEMI FINISHED GOODS,155.0,5200.25,33.55,29
12001471,KLR-WIP,1201003,SEMI FINISHED GOODS,2000.0,388900.0,194.45,84
12001473,KLR-WIP,1201003,SEMI FINISHED GOODS,112.0,3044.16,27.18,21
12001480,KLR-EXS,1201003,SEMI FINISHED GOODS,183.0,6780.15,37.05,1
12001481,KLR-EXS,1201003,SEMI FINISHED GOODS,154.0,27422.78,178.07,1
12001481,KLR-WIP,1201003,SEMI FINISHED GOODS,257.0,45838.52,178.36,23
12001482,KLR-EXS,1201003,SEMI FINISHED GOODS,379.0,55205.14,145.66,1
12001482,KLR-WIP,1201003,SEMI FINISHED GOODS,241.0,31076.95,128.95,18
12001483,KLR-EXS,1201003,SEMI FINISHED GOODS,81.0,9502.92,117.32,1
12001483,KLR-WIP,1201003,SEMI FINISHED GOODS,38.0,3993.8,105.1,19
12001484,KLR-EXS,1201003,SEMI FINISHED GOODS,550.0,205276.5,373.23,1
12001486,KLR-EXS,1201003,SEMI FINISHED GOODS,4.0,336.52,84.13,1
12001488,KLR-EXS,1201003,SEMI FINISHED GOODS,1004.0,60721.92,60.48,2
12001490,KLR-WIP,1201003,SEMI FINISHED GOODS,570.0,30324.0,53.2,9
12001491,KLR-EXS,1201003,SEMI FINISHED GOODS,182.0,6743.1,37.05,1
12001493,KLR-REJ,1201003,SEMI FINISHED GOODS,2.0,89.1,44.55,1
12001493,KLR-WIP,1201003,SEMI FINISHED GOODS,50.0,2227.5,44.55,9
12001494,KLR-EXS,1201003,SEMI FINISHED GOODS,321.0,15584.55,48.55,1
12001495,KLR-EXS,1201003,SEMI FINISHED GOODS,263.0,13294.65,50.55,1
12001501,KLR-EXS,1201003,SEMI FINISHED GOODS,2452.0,72824.4,29.7,1
12001502,KLR-EXS,1201003,SEMI FINISHED GOODS,12.0,388.8,32.4,1
12001502,KLR-REJ,1201003,SEMI FINISHED GOODS,1.0,32.4,32.4,1
12001502,KLR-WIP,1201003,SEMI FINISHED GOODS,118.0,3823.2,32.4,12
12001503,KLR-EXS,1201003,SEMI FINISHED GOODS,1455.0,43213.5,29.7,1
12001505,KLR-EXS,1201003,SEMI FINISHED GOODS,529.0,19255.6,36.4,1
12001505,KLR-WIP,1201003,SEMI FINISHED GOODS,1.0,36.4,36.4,14
12001506,KLR-EXS,1201003,SEMI FINISHED GOODS,30.0,1872.0,62.4,1
12001507,KLR-EXS,1201003,SEMI FINISHED GOODS,255.0,23755.8,93.16,1
12001507,KLR-WIP,1201003,SEMI FINISHED GOODS,136.0,9900.8,72.8,20
12001508,KLR-EXS,1201003,SEMI FINISHED GOODS,98.0,3185.0,32.5,1
12001508,KLR-WIP,1201003,SEMI FINISHED GOODS,5219.0,341479.17,65.43,116
12001509,KLR-WIP,1201003,SEMI FINISHED GOODS,244.0,37576.0,154.0,56
12001511,KLR-EXS,1201003,SEMI FINISHED GOODS,836.0,13643.52,16.32,1
12001511,KLR-WIP,1201003,SEMI FINISHED GOODS,144.0,2350.08,16.32,3
12001513,KLR-WIP,1201003,SEMI FINISHED GOODS,3.0,224.25,74.75,33
12001514,KLR-EXS,1201003,SEMI FINISHED GOODS,3807.0,329495.85,86.55,1
12001514,KLR-WIP,1201003,SEMI FINISHED GOODS,120.0,22560.0,188.0,24
12001515,KLR-EXS,1201003,SEMI FINISHED GOODS,891.0,133044.12,149.32,1
12001518,KLR-WIP,1201003,SEMI FINISHED GOODS,138.0,20010.0,145.0,22
12001521,KLR-WIP,1201003,SEMI FINISHED GOODS,77.0,16170.0,210.0,23
12001524,KLR-WIP,1201003,SEMI FINISHED GOODS,1.0,122.0,122.0,23
12001564,PKD-GEN,1201003,SEMI FINISHED GOODS,1.0,195.0,195.0,1
12001565,PKD-GEN,1201003,SEMI FINISHED GOODS,1.0,250.0,250.0,1
12001566,KLR-EXS,1201003,SEMI FINISHED GOODS,4404.0,86802.84,19.71,1
12001567,KLR-EXS,1201003,SEMI FINISHED GOODS,477.0,10379.52,21.76,1
12001569,KLR-EXS,1201003,SEMI FINISHED GOODS,1010.0,289870.0,287.0,1
12001573,KLR-WIP,1201003,SEMI FINISHED GOODS,732.0,87840.0,120.0,5
12001574,KLR-EXS,1201003,SEMI FINISHED GOODS,459.0,9639.0,21.0,1
12001576,KLR-EXS,1201003,SEMI FINISHED GOODS,380.0,13417.8,35.31,1
12001580,KLR-EXS,1201003,SEMI FINISHED GOODS,17.0,5865.0,345.0,1
12001582,KLR-EXS,1201003,SEMI FINISHED GOODS,7667.0,268268.33,34.99,1
12001584,KLR-EXS,1201003,SEMI FINISHED GOODS,3285.0,220062.15,66.99,1
12001586,KLR-EXS,1201003,SEMI FINISHED GOODS,5224.0,125323.76,23.99,1
12001586,KLR-WIP,1201003,SEMI FINISHED GOODS,63.0,1413.09,22.43,10
12001595,KLR-EXS,1201003,SEMI FINISHED GOODS,4.0,40.0,10.0,1
12001601,KLR-EXS,1201003,SEMI FINISHED GOODS,1974.0,10027.92,5.08,1
12001606,KLR-EXS,1201003,SEMI FINISHED GOODS,1.0,600.26,600.26,1
12001607,KLR-EXS,1201003,SEMI FINISHED GOODS,2.0,535.76,267.88,1
12001611,KLR-EXS,1201003,SEMI FINISHED GOODS,15.0,2200.2,146.68,1
12001620,KLR-EXS,1201003,SEMI FINISHED GOODS,7.0,286.3,40.9,1
12001623,KLR-EXS,1201003,SEMI FINISHED GOODS,29.0,1144.92,39.48,1
12001625,KLR-EXS,1201003,SEMI FINISHED GOODS,1.0,37.15,37.15,1
12001631,KLR-EXS,1201003,SEMI FINISHED GOODS,4.0,1023.52,255.88,1
12001635,KLR-WIP,1201003,SEMI FINISHED GOODS,528.0,149012.16,282.22,50
12001636,KLR-EXS,1201003,SEMI FINISHED GOODS,230.0,8112.1,35.27,1
12001638,KLR-EXS,1201003,SEMI FINISHED GOODS,11385.0,119997.9,10.54,1
12001640,KLR-EXS,1201003,SEMI FINISHED GOODS,7.0,686.49,98.07,1
12001641,KLR-WIP,1201003,SEMI FINISHED GOODS,32.0,3765.44,117.67,24
12001642,KLR-EXS,1201003,SEMI FINISHED GOODS,1673.0,49554.26,29.62,1
12001642,KLR-WIP,1201003,SEMI FINISHED GOODS,297.0,7425.0,25.0,3
12001643,KLR-EXS,1201003,SEMI FINISHED GOODS,88.0,3319.36,37.72,1
12001644,KLR-EXS,1201003,SEMI FINISHED GOODS,104.0,4910.88,47.22,1
12001644,KLR-WIP,1201003,SEMI FINISHED GOODS,51.0,2362.32,46.32,24
12001652,KLR-WIP,1201003,SEMI FINISHED GOODS,1200.0,79680.0,66.4,16
12001655,KLR-EXS,1201003,SEMI FINISHED GOODS,57.0,7390.05,129.65,1
12001655,KLR-REJ,1201003,SEMI FINISHED GOODS,8.0,1037.2,129.65,2
12001655,KLR-SUB,1201003,SEMI FINISHED GOODS,7.0,907.55,129.65,15
12001655,KLR-WIP,1201003,SEMI FINISHED GOODS,35.0,4537.75,129.65,13
12001656,KLR-EXS,1201003,SEMI FINISHED GOODS,92.0,14721.84,160.02,1
12001656,KLR-WIP,1201003,SEMI FINISHED GOODS,3.0,475.05,158.35,22
12001657,KLR-EXS,1201003,SEMI FINISHED GOODS,2.0,325.94,162.97,1
12001662,KLR-REJ,1201003,SEMI FINISHED GOODS,23.0,3872.28,168.36,3
12001662,KLR-SUB,1201003,SEMI FINISHED GOODS,116.0,19529.76,168.36,23
12001662,KLR-WIP,1201003,SEMI FINISHED GOODS,241.0,40574.76,168.36,14
12001663,KLR-EXS,1201003,SEMI FINISHED GOODS,400.0,84948.0,212.37,1
12001663,KLR-WIP,1201003,SEMI FINISHED GOODS,14.0,2912.84,208.06,30
12001664,KLR-EXS,1201003,SEMI FINISHED GOODS,864.0,183755.52,212.68,1
12001665,KLR-EXS,1201003,SEMI FINISHED GOODS,23.0,794.88,34.56,1
12001666,KLR-REJ,1201003,SEMI FINISHED GOODS,76.0,2845.44,37.44,10
12001666,KLR-SUB,1201003,SEMI FINISHED GOODS,4044.0,151407.36,37.44,49
12001666,KLR-WIP,1201003,SEMI FINISHED GOODS,997.0,37327.68,37.44,44
12001667,KLR-SUB,1201003,SEMI FINISHED GOODS,912.0,38705.28,42.44,16
12001667,KLR-WIP,1201003,SEMI FINISHED GOODS,3405.0,144508.2,42.44,58
12001668,KLR-EXS,1201003,SEMI FINISHED GOODS,88.0,18216.0,207.0,1
12001669,KLR-EXS,1201003,SEMI FINISHED GOODS,7.0,2079.0,297.0,1
12001676,KLR-EXS,1201003,SEMI FINISHED GOODS,238.0,4655.28,19.56,1
12001677,KLR-EXS,1201003,SEMI FINISHED GOODS,4672.0,117313.92,25.11,1
12001677,KLR-WIP,1201003,SEMI FINISHED GOODS,20.0,479.2,23.96,9
12001678,KLR-EXS,1201003,SEMI FINISHED GOODS,448.0,196564.48,438.76,1
12001678,KLR-SUB,1201003,SEMI FINISHED GOODS,71.0,31151.96,438.76,2
12001682,KLR-EXS,1201003,SEMI FINISHED GOODS,16205.0,47804.75,2.95,1
12001685,KLR-EXS,1201003,SEMI FINISHED GOODS,3022.0,17376.5,5.75,1
12001688,KLR-EXS,1201003,SEMI FINISHED GOODS,40.0,296.0,7.4,1
12001699,KLR-WIP,1201003,SEMI FINISHED GOODS,12.0,2400.0,200.0,4
12001700,KLR-WIP,1201003,SEMI FINISHED GOODS,95.0,13300.0,140.0,3
12001704,KLR-EXS,1201003,SEMI FINISHED GOODS,80.0,10255.2,128.19,1
12001709,KLR-EXS,1201003,SEMI FINISHED GOODS,224.0,9786.56,43.69,1
12001712,KLR-WIP,1201003,SEMI FINISHED GOODS,3038.0,558688.2,183.9,11
12001713,KLR-EXS,1201003,SEMI FINISHED GOODS,728.0,11793.6,16.2,1
12001713,KLR-WIP,1201003,SEMI FINISHED GOODS,1377.0,10327.5,7.5,3
12001714,KLR-EXS,1201003,SEMI FINISHED GOODS,2868.0,36653.04,12.78,1
12001715,KLR-FG,1201003,SEMI FINISHED GOODS,1140.0,41598.6,36.49,2
12001717,KLR-WIP,1201003,SEMI FINISHED GOODS,7219.0,173256.0,24.0,2
12001718,KLR-WIP,1201003,SEMI FINISHED GOODS,7144.0,185744.0,26.0,2
12001723,KLR-QC,1201003,SEMI FINISHED GOODS,510.0,34608.6,67.86,1
12001726,KLR-QC,1201003,SEMI FINISHED GOODS,510.0,41707.8,81.78,1
12001729,KLR-EXS,1201003,SEMI FINISHED GOODS,3.0,269.34,89.78,1
12001729,KLR-QC,1201003,SEMI FINISHED GOODS,510.0,45787.8,89.78,2
12001732,KLR-EXS,1201003,SEMI FINISHED GOODS,510.0,19966.5,39.15,1
12001734,KLR-EXS,1201003,SEMI FINISHED GOODS,510.0,45787.8,89.78,1
12001741,KLR-WIP,1201003,SEMI FINISHED GOODS,36.0,1116.0,31.0,3
12001742,KLR-WIP,1201003,SEMI FINISHED GOODS,32.0,992.0,31.0,3
12001743,KLR-WIP,1201003,SEMI FINISHED GOODS,108.0,6048.0,56.0,3
12001744,KLR-EXS,1201003,SEMI FINISHED GOODS,2151.0,109701.0,51.0,1
12001747,KLR-WIP,1201003,SEMI FINISHED GOODS,2038.0,103754.58,50.91,2
17000154,KLR-WIP,1201003,SEMI FINISHED GOODS,2415.0,39412.8,16.32,12
15000546,SAL-GEN,1201004,CONSUMABLE MATERIAL,2000.0,30000.0,15.0,1
16000001,KLR-CON,1201004,CONSUMABLE MATERIAL,585.0,783.56,1.339419,96
16000001,KLR-EXS,1201004,CONSUMABLE MATERIAL,330.0,442.01,1.339424,4
16000001,KLR-WIP,1201004,CONSUMABLE MATERIAL,15.0,20.09,1.339333,1201
16000002,KLR-CON,1201004,CONSUMABLE MATERIAL,94.0,1505.48,16.015745,76
16000002,KLR-EXS,1201004,CONSUMABLE MATERIAL,184.0,2946.9,16.015761,1
16000003,KLR-CON,1201004,CONSUMABLE MATERIAL,82.0,1722.14,21.001707,75
16000003,KLR-EXS,1201004,CONSUMABLE MATERIAL,34.0,769.59,22.635,3
16000003,KLR-GEN,1201004,CONSUMABLE MATERIAL,11.0,248.98,22.634545,78
16000003,SAL-GEN,1201004,CONSUMABLE MATERIAL,100.0,3000.0,30.0,3
16000004,KLR-CON,1201004,CONSUMABLE MATERIAL,64.0,2141.13,33.455156,109
16000004,KLR-EXS,1201004,CONSUMABLE MATERIAL,24.5,819.65,33.455102,4
16000004,KLR-GEN,1201004,CONSUMABLE MATERIAL,2.0,66.81,33.405,695
16000004,KLR-WIP,1201004,CONSUMABLE MATERIAL,2.0,66.91,33.455,1422
16000004,SAL-GEN,1201004,CONSUMABLE MATERIAL,5.0,167.21,33.442,4
16000005,KLR-CON,1201004,CONSUMABLE MATERIAL,2.0,104.31,52.155,60
16000005,KLR-EXS,1201004,CONSUMABLE MATERIAL,10.0,521.57,52.157,1
16000005,KLR-WIP,1201004,CONSUMABLE MATERIAL,3.0,156.47,52.156667,150
16000007,KLR-CON,1201004,CONSUMABLE MATERIAL,8.0,1191.81,148.97625,56
16000007,KLR-GEN,1201004,CONSUMABLE MATERIAL,11.0,1628.7,148.063636,29
16000008,KLR-EXS,1201004,CONSUMABLE MATERIAL,5.0,3917.15,783.43,2
16000009,KLR-CON,1201004,CONSUMABLE MATERIAL,39.0,1373.08,35.207179,34
16000009,KLR-EXS,1201004,CONSUMABLE MATERIAL,11.0,385.0,35.0,3
16000009,KLR-GEN,1201004,CONSUMABLE MATERIAL,10.0,350.0,35.0,28
16000009,KLR-WIP,1201004,CONSUMABLE MATERIAL,10.0,354.58,35.458,59
16000011,KLR-CON,1201004,CONSUMABLE MATERIAL,3.0,2672.84,890.946667,75
16000011,KLR-EXS,1201004,CONSUMABLE MATERIAL,1.0,890.95,890.95,1
16000012,KLR-GEN,1201004,CONSUMABLE MATERIAL,17.0,4207.62,247.507059,7
16000013,KLR-GEN,1201004,CONSUMABLE MATERIAL,2.0,470.56,235.28,18
16000014,KLR-EXS,1201004,CONSUMABLE MATERIAL,5.0,1252.29,250.458,3
16000014,KLR-GEN,1201004,CONSUMABLE MATERIAL,5.0,1252.29,250.458,18
16000014,KLR-WIP,1201004,CONSUMABLE MATERIAL,5.0,1252.29,250.458,7
16000014,SAL-GEN,1201004,CONSUMABLE MATERIAL,10.0,2310.0,231.0,3
16000015,KLR-EXS,1201004,CONSUMABLE MATERIAL,34.0,4272.33,125.656765,3
16000015,KLR-GEN,1201004,CONSUMABLE MATERIAL,150.0,18848.53,125.656867,63
16000015,KLR-WIP,1201004,CONSUMABLE MATERIAL,4.0,502.62,125.655,66
16000015,SAL-GEN,1201004,CONSUMABLE MATERIAL,120.0,20000.0,166.666667,2
16000016,KLR-EXS,1201004,CONSUMABLE MATERIAL,65.0,16961.9,260.952308,3
16000016,KLR-GEN,1201004,CONSUMABLE MATERIAL,92.0,24007.62,260.952391,123
16000016,KLR-WIP,1201004,CONSUMABLE MATERIAL,4.0,1037.65,259.4125,162
16000016,SAL-GEN,1201004,CONSUMABLE MATERIAL,120.0,28653.09,238.77575,8
16000017,KLR-CON,1201004,CONSUMABLE MATERIAL,7.0,2316.69,330.955714,79
16000017,KLR-EXS,1201004,CONSUMABLE MATERIAL,16.0,5295.28,330.955,1
16000017,KLR-GEN,1201004,CONSUMABLE MATERIAL,13.0,4301.28,330.867692,38
16000018,KLR-GEN,1201004,CONSUMABLE MATERIAL,35.0,1925.0,55.0,29
16000019,KLR-CON,1201004,CONSUMABLE MATERIAL,16.0,2764.69,172.793125,87
16000019,KLR-EXS,1201004,CONSUMABLE MATERIAL,44.0,7602.9,172.793182,1
16000019,KLR-GEN,1201004,CONSUMABLE MATERIAL,7.0,1198.65,171.235714,32
16000020,KLR-EXS,1201004,CONSUMABLE MATERIAL,678.0,3051.0,4.5,1
16000020,KLR-GEN,1201004,CONSUMABLE MATERIAL,18.0,81.0,4.5,12
16000021,KLR-CON,1201004,CONSUMABLE MATERIAL,26.0,4199.98,161.537692,60
16000021,KLR-EXS,1201004,CONSUMABLE MATERIAL,12.0,1938.45,161.5375,1
16000022,KLR-GEN,1201004,CONSUMABLE MATERIAL,21.0,3890.0,185.238095,22
16000022,KLR-SUB,1201004,CONSUMABLE MATERIAL,1.0,185.15,185.15,1
16000023,KLR-EXS,1201004,CONSUMABLE MATERIAL,598.6,141868.04,236.999733,1
16000023,KLR-WIP,1201004,CONSUMABLE MATERIAL,650.0,154049.83,236.999738,158
16000024,KLR-CON,1201004,CONSUMABLE MATERIAL,13.0,337.17,25.936154,30
16000024,KLR-GEN,1201004,CONSUMABLE MATERIAL,58.0,1454.66,25.080345,23
16000025,KLR-EXS,1201004,CONSUMABLE MATERIAL,116.0,15569.75,134.221983,2
16000025,KLR-GEN,1201004,CONSUMABLE MATERIAL,50.0,6237.5,124.75,2
16000026,KLR-CON,1201004,CONSUMABLE MATERIAL,9.0,7384.39,820.487778,128
16000026,KLR-EXS,1201004,CONSUMABLE MATERIAL,15.0,12307.32,820.488,1
16000026,KLR-GEN,1201004,CONSUMABLE MATERIAL,1.0,821.13,821.13,41
16000026,KLR-SUB,1201004,CONSUMABLE MATERIAL,2.0,1640.46,820.23,8
16000027,KLR-EXS,1201004,CONSUMABLE MATERIAL,63.0,8123.55,128.945238,2
16000027,KLR-GEN,1201004,CONSUMABLE MATERIAL,3.0,378.95,126.316667,73
16000027,KLR-SUB,1201004,CONSUMABLE MATERIAL,1.0,126.3,126.3,3
16000028,KLR-CON,1201004,CONSUMABLE MATERIAL,59.0,1727.78,29.284407,78
16000028,KLR-EXS,1201004,CONSUMABLE MATERIAL,4.0,117.14,29.285,1
16000028,KLR-GEN,1201004,CONSUMABLE MATERIAL,1.0,30.61,30.61,28
16000030,KLR-CON,1201004,CONSUMABLE MATERIAL,10.0,982.62,98.262,183
16000030,KLR-EXS,1201004,CONSUMABLE MATERIAL,90.0,8843.56,98.261778,1
16000030,KLR-GEN,1201004,CONSUMABLE MATERIAL,30.0,2991.47,99.715667,59
16000030,KLR-SUB,1201004,CONSUMABLE MATERIAL,14.0,1377.68,98.405714,9
16000031,KLR-CON,1201004,CONSUMABLE MATERIAL,15.0,980.75,65.383333,121
16000031,KLR-EXS,1201004,CONSUMABLE MATERIAL,1427.0,85898.64,60.195263,2
16000031,KLR-GEN,1201004,CONSUMABLE MATERIAL,41.0,2420.39,59.033902,81
16000035,KLR-CON,1201004,CONSUMABLE MATERIAL,5.0,5253.12,1050.624,156
16000035,KLR-EXS,1201004,CONSUMABLE MATERIAL,20.0,21009.52,1050.476,2
16000035,KLR-GEN,1201004,CONSUMABLE MATERIAL,2.0,2100.71,1050.355,71
16000039,KLR-CON,1201004,CONSUMABLE MATERIAL,26.0,520.8,20.030769,321
16000039,KLR-EXS,1201004,CONSUMABLE MATERIAL,2993.0,59919.2,20.019779,2
16000039,KLR-GEN,1201004,CONSUMABLE MATERIAL,826.0,16490.15,19.963862,157
16000040,KLR-CON,1201004,CONSUMABLE MATERIAL,60.0,3981.26,66.354333,308
16000040,KLR-EXS,1201004,CONSUMABLE MATERIAL,162.0,10674.37,65.891173,2
16000041,KLR-EXS,1201004,CONSUMABLE MATERIAL,24.0,10080.0,420.0,1
16000042,KLR-CON,1201004,CONSUMABLE MATERIAL,40.0,7223.71,180.59275,111
16000042,KLR-EXS,1201004,CONSUMABLE MATERIAL,34.0,6140.16,180.592941,1
16000042,KLR-GEN,1201004,CONSUMABLE MATERIAL,3.0,543.14,181.046667,62
16000043,KLR-CON,1201004,CONSUMABLE MATERIAL,8.0,4162.56,520.32,76
16000043,KLR-EXS,1201004,CONSUMABLE MATERIAL,5.0,2601.6,520.32,1
16000044,KLR-CON,1201004,CONSUMABLE MATERIAL,12.0,3844.46,320.371667,205
16000044,KLR-EXS,1201004,CONSUMABLE MATERIAL,55.0,17620.48,320.372364,1
16000044,KLR-GEN,1201004,CONSUMABLE MATERIAL,15.0,4815.11,321.007333,86
16000044,KLR-SUB,1201004,CONSUMABLE MATERIAL,4.0,1269.11,317.2775,9
16000045,KLR-CON,1201004,CONSUMABLE MATERIAL,8.0,1761.87,220.23375,61
16000045,KLR-GEN,1201004,CONSUMABLE MATERIAL,5.0,1100.0,220.0,25
16000047,KLR-CON,1201004,CONSUMABLE MATERIAL,92.0,1460.55,15.875543,34
16000047,KLR-EXS,1201004,CONSUMABLE MATERIAL,39.0,619.15,15.875641,1
16000047,KLR-WIP,1201004,CONSUMABLE MATERIAL,25.0,384.94,15.3976,36
16000048,KLR-CON,1201004,CONSUMABLE MATERIAL,7.0,1132.25,161.75,11
16000048,SAL-GEN,1201004,CONSUMABLE MATERIAL,1.0,180.0,180.0,2
16000049,KLR-CON,1201004,CONSUMABLE MATERIAL,3.0,302.61,100.87,61
16000049,KLR-EXS,1201004,CONSUMABLE MATERIAL,35.0,3530.42,100.869143,1
16000049,KLR-GEN,1201004,CONSUMABLE MATERIAL,17.0,1715.35,100.902941,36
16000050,KLR-EXS,1201004,CONSUMABLE MATERIAL,234.2,9384.55,40.070666,2
16000050,KLR-GEN,1201004,CONSUMABLE MATERIAL,3.0,120.0,40.0,224
16000050,SAL-GEN,1201004,CONSUMABLE MATERIAL,85.0,3418.03,40.212118,6
16000051,KLR-CON,1201004,CONSUMABLE MATERIAL,25.0,2834.89,113.3956,35
16000051,KLR-EXS,1201004,CONSUMABLE MATERIAL,111.0,12982.53,116.95973,1
16000051,KLR-GEN,1201004,CONSUMABLE MATERIAL,19.0,2222.23,116.959474,121
16000054,KLR-EXS,1201004,CONSUMABLE MATERIAL,117.3,12516.34,106.703666,1
16000054,KLR-GEN,1201004,CONSUMABLE MATERIAL,48.0,5121.78,106.70375,18
16000055,KLR-GEN,1201004,CONSUMABLE MATERIAL,6.0,841.15,140.191667,7
16000056,KLR-CON,1201004,CONSUMABLE MATERIAL,5.0,933.33,186.666,7
16000058,KLR-CON,1201004,CONSUMABLE MATERIAL,2.0,780.0,390.0,10
16000059,KLR-GEN,1201004,CONSUMABLE MATERIAL,5.0,7600.0,1520.0,6
16000060,KLR-CON,1201004,CONSUMABLE MATERIAL,3.0,4860.0,1620.0,30
16000060,SAL-GEN,1201004,CONSUMABLE MATERIAL,5.0,7581.53,1516.306,14
16000061,KLR-CON,1201004,CONSUMABLE MATERIAL,5.0,7599.64,1519.928,16
16000061,KLR-EXS,1201004,CONSUMABLE MATERIAL,7.0,10640.0,1520.0,1
16000061,KLR-GEN,1201004,CONSUMABLE MATERIAL,15.0,22800.0,1520.0,8
16000061,SAL-GEN,1201004,CONSUMABLE MATERIAL,1.0,1519.42,1519.42,8
16000062,KLR-CON,1201004,CONSUMABLE MATERIAL,3.0,4560.0,1520.0,4
16000062,KLR-GEN,1201004,CONSUMABLE MATERIAL,1.0,1520.0,1520.0,3
16000063,KLR-CON,1201004,CONSUMABLE MATERIAL,7.0,10504.08,1500.582857,25
16000064,KLR-CON,1201004,CONSUMABLE MATERIAL,3.0,5237.44,1745.813333,33
16000064,KLR-GEN,1201004,CONSUMABLE MATERIAL,1.0,1790.0,1790.0,15
16000064,SAL-GEN,1201004,CONSUMABLE MATERIAL,2.0,3213.76,1606.88,2
16000065,KLR-CON,1201004,CONSUMABLE MATERIAL,2.0,320.0,160.0,5
16000065,KLR-EXS,1201004,CONSUMABLE MATERIAL,2.0,320.0,160.0,1
16000065,KLR-GEN,1201004,CONSUMABLE MATERIAL,2.0,320.0,160.0,4
16000065,KLR-WIP,1201004,CONSUMABLE MATERIAL,3.0,480.0,160.0,1
16000066,KLR-CON,1201004,CONSUMABLE MATERIAL,1.0,755.76,755.76,29
16000066,KLR-EXS,1201004,CONSUMABLE MATERIAL,1.0,755.76,755.76,1
16000066,KLR-SUB,1201004,CONSUMABLE MATERIAL,1.0,755.6,755.6,3
16000069,KLR-CON,1201004,CONSUMABLE MATERIAL,2.0,481.89,240.945,39
16000069,KLR-EXS,1201004,CONSUMABLE MATERIAL,32.0,7710.22,240.944375,1
16000069,KLR-GEN,1201004,CONSUMABLE MATERIAL,15.0,3609.18,240.612,14
16000070,KLR-CON,1201004,CONSUMABLE MATERIAL,10.0,2859.37,285.937,53
16000070,KLR-EXS,1201004,CONSUMABLE MATERIAL,12.0,3429.02,285.751667,1
16000070,KLR-GEN,1201004,CONSUMABLE MATERIAL,17.0,4857.78,285.751765,39
16000071,KLR-CON,1201004,CONSUMABLE MATERIAL,6.0,3240.0,540.0,44
16000071,KLR-SUB,1201004,CONSUMABLE MATERIAL,2.0,1080.0,540.0,3
16000074,KLR-CON,1201004,CONSUMABLE MATERIAL,4.0,1412.02,353.005,26
16000074,KLR-GEN,1201004,CONSUMABLE MATERIAL,16.0,5604.47,350.279375,18
16000074,KLR-WIP,1201004,CONSUMABLE MATERIAL,1.0,350.56,350.56,7
16000076,KLR-CON,1201004,CONSUMABLE MATERIAL,14.0,7286.75,520.482143,45
16000076,KLR-EXS,1201004,CONSUMABLE MATERIAL,13.0,6549.76,503.827692,1
16000076,KLR-GEN,1201004,CONSUMABLE MATERIAL,21.0,10580.39,503.828095,29
16000078,KLR-CON,1201004,CONSUMABLE MATERIAL,91.0,1274.0,14.0,28
16000078,KLR-EXS,1201004,CONSUMABLE MATERIAL,8.0,112.0,14.0,3
16000078,KLR-GEN,1201004,CONSUMABLE MATERIAL,29.0,406.0,14.0,19
16000078,KLR-WIP,1201004,CONSUMABLE MATERIAL,5.0,70.0,14.0,77
16000079,SAL-GEN,1201004,CONSUMABLE MATERIAL,1.0,22.0,22.0,3
16000080,KLR-EXS,1201004,CONSUMABLE MATERIAL,19.0,199.69,10.51,2
16000081,KLR-EXS,1201004,CONSUMABLE MATERIAL,105.0,3851.74,36.683238,2
16000081,KLR-GEN,1201004,CONSUMABLE MATERIAL,37.0,1399.37,37.820811,27
16000081,KLR-WIP,1201004,CONSUMABLE MATERIAL,5.0,185.13,37.026,38
16000081,SAL-GEN,1201004,CONSUMABLE MATERIAL,10.0,349.18,34.918,3
16000082,KLR-CON,1201004,CONSUMABLE MATERIAL,41.0,1435.0,35.0,14
16000082,KLR-EXS,1201004,CONSUMABLE MATERIAL,22.0,770.0,35.0,1
16000083,KLR-CON,1201004,CONSUMABLE MATERIAL,3.0,2610.0,870.0,4
16000083,KLR-EXS,1201004,CONSUMABLE MATERIAL,12.0,10440.0,870.0,1
16000083,KLR-GEN,1201004,CONSUMABLE MATERIAL,2.0,283.1,141.55,2
16000084,KLR-CON,1201004,CONSUMABLE MATERIAL,3.0,3894.81,1298.27,14
16000084,SAL-GEN,1201004,CONSUMABLE MATERIAL,2.0,1972.54,986.27,7
16000087,KLR-EXS,1201004,CONSUMABLE MATERIAL,218.0,20794.84,95.389174,3
16000087,KLR-GEN,1201004,CONSUMABLE MATERIAL,35.0,3138.84,89.681143,20
16000089,KLR-CON,1201004,CONSUMABLE MATERIAL,63.0,4248.22,67.432063,28
16000089,KLR-EXS,1201004,CONSUMABLE MATERIAL,175.0,11892.78,67.958743,2
16000090,KLR-CON,1201004,CONSUMABLE MATERIAL,1.0,79.41,79.41,22
16000090,KLR-EXS,1201004,CONSUMABLE MATERIAL,6.0,540.0,90.0,1
16000090,KLR-GEN,1201004,CONSUMABLE MATERIAL,5.0,450.0,90.0,9
16000090,KLR-SUB,1201004,CONSUMABLE MATERIAL,5.0,385.36,77.072,3
16000093,KLR-EXS,1201004,CONSUMABLE MATERIAL,24.0,1783.01,74.292083,2
16000093,KLR-GEN,1201004,CONSUMABLE MATERIAL,9.0,681.76,75.751111,9
16000094,KLR-EXS,1201004,CONSUMABLE MATERIAL,9.0,2823.71,313.745556,1
16000094,KLR-SUB,1201004,CONSUMABLE MATERIAL,7.0,2030.0,290.0,5
16000095,KLR-GEN,1201004,CONSUMABLE MATERIAL,9.0,261.0,29.0,42
16000096,KLR-CON,1201004,CONSUMABLE MATERIAL,16.0,975.16,60.9475,92
16000096,KLR-GEN,1201004,CONSUMABLE MATERIAL,17.0,1028.77,60.515882,53
16000097,KLR-CON,1201004,CONSUMABLE MATERIAL,27.0,2155.48,79.832593,30
16000097,KLR-GEN,1201004,CONSUMABLE MATERIAL,1.0,79.0,79.0,21
16000098,KLR-EXS,1201004,CONSUMABLE MATERIAL,61.0,8919.11,146.214918,2
16000098,KLR-GEN,1201004,CONSUMABLE MATERIAL,21.0,2920.14,139.054286,28
16000099,KLR-GEN,1201004,CONSUMABLE MATERIAL,4.0,1326.66,331.665,2
16000101,KLR-EXS,1201004,CONSUMABLE MATERIAL,6.0,4711.14,785.19,2
16000101,KLR-GEN,1201004,CONSUMABLE MATERIAL,2.0,1572.28,786.14,9
16000102,KLR-CON,1201004,CONSUMABLE MATERIAL,20.0,1596.72,79.836,15
16000102,KLR-EXS,1201004,CONSUMABLE MATERIAL,2.0,150.0,75.0,3
16000102,KLR-GEN,1201004,CONSUMABLE MATERIAL,6.0,450.0,75.0,5
16000103,KLR-EXS,1201004,CONSUMABLE MATERIAL,85.0,23406.5,275.370588,5
16000103,KLR-GEN,1201004,CONSUMABLE MATERIAL,34.0,12071.31,355.038529,45
16000103,KLR-WIP,1201004,CONSUMABLE MATERIAL,16.0,5581.89,348.868125,48
16000103,SAL-GEN,1201004,CONSUMABLE MATERIAL,25.0,10694.75,427.79,7
16000105,KLR-GEN,1201004,CONSUMABLE MATERIAL,515.71,97469.19,189.0,103
16000105,KLR-WIP,1201004,CONSUMABLE MATERIAL,4.29,810.81,189.0,165
16000107,KLR-CON,1201004,CONSUMABLE MATERIAL,26.0,3120.0,120.0,10
16000107,KLR-GEN,1201004,CONSUMABLE MATERIAL,4.4,528.0,120.0,1
16000108,KLR-CON,1201004,CONSUMABLE MATERIAL,6.0,2700.0,450.0,14
16000108,KLR-EXS,1201004,CONSUMABLE MATERIAL,22.5,10125.0,450.0,1
16000108,KLR-GEN,1201004,CONSUMABLE MATERIAL,10.0,4503.44,450.344,29
16000109,KLR-EXS,1201004,CONSUMABLE MATERIAL,54.0,2706.68,50.123704,4
16000111,KLR-GEN,1201004,CONSUMABLE MATERIAL,3.0,5265.0,1755.0,7
16000115,KLR-EXS,1201004,CONSUMABLE MATERIAL,7.0,70.0,10.0,3
16000116,SAL-GEN,1201004,CONSUMABLE MATERIAL,20.0,7769.26,388.463,3
16000117,SAL-GEN,1201004,CONSUMABLE MATERIAL,10.0,7952.48,795.248,4
16000118,KLR-EXS,1201004,CONSUMABLE MATERIAL,6.0,1115.82,185.97,3
16000125,KLR-CON,1201004,CONSUMABLE MATERIAL,37.0,3145.0,85.0,3
16000125,KLR-EXS,1201004,CONSUMABLE MATERIAL,11.0,900.79,81.89,1
16000125,KLR-GEN,1201004,CONSUMABLE MATERIAL,26.0,2129.14,81.89,2
16000127,KLR-CON,1201004,CONSUMABLE MATERIAL,18.0,3686.98,204.832222,8
16000127,KLR-GEN,1201004,CONSUMABLE MATERIAL,2.0,398.0,199.0,1
16000128,KLR-EXS,1201004,CONSUMABLE MATERIAL,31.0,2480.0,80.0,3
16000129,KLR-CON,1201004,CONSUMABLE MATERIAL,4.0,3303.07,825.7675,23
16000129,KLR-EXS,1201004,CONSUMABLE MATERIAL,3.0,2477.3,825.766667,1
16000132,KLR-EXS,1201004,CONSUMABLE MATERIAL,12.0,80.4,6.7,1
16000136,KLR-CON,1201004,CONSUMABLE MATERIAL,14.0,939.62,67.115714,18
16000136,KLR-GEN,1201004,CONSUMABLE MATERIAL,3.0,189.72,63.24,4
16000138,KLR-CON,1201004,CONSUMABLE MATERIAL,9.0,1425.78,158.42,32
16000138,KLR-EXS,1201004,CONSUMABLE MATERIAL,36.0,5703.1,158.419444,1
16000139,KLR-CON,1201004,CONSUMABLE MATERIAL,27.0,9191.89,340.44037,63
16000139,KLR-EXS,1201004,CONSUMABLE MATERIAL,10.0,3392.16,339.216,1
16000139,KLR-GEN,1201004,CONSUMABLE MATERIAL,6.0,2035.29,339.215,30
16000139,SAL-GEN,1201004,CONSUMABLE MATERIAL,20.0,6629.25,331.4625,10
16000140,KLR-CON,1201004,CONSUMABLE MATERIAL,114.0,3759.08,32.974386,166
16000140,KLR-EXS,1201004,CONSUMABLE MATERIAL,80.0,2637.95,32.974375,1
16000140,KLR-GEN,1201004,CONSUMABLE MATERIAL,2.0,61.86,30.93,32
16000140,KLR-SUB,1201004,CONSUMABLE MATERIAL,6.0,270.56,45.093333,3
16000141,KLR-GEN,1201004,CONSUMABLE MATERIAL,355.0,263028.17,740.924423,12
16000142,KLR-CON,1201004,CONSUMABLE MATERIAL,307.0,8335.05,27.15,17
16000142,KLR-EXS,1201004,CONSUMABLE MATERIAL,242.0,7831.68,32.362314,3
16000142,KLR-GEN,1201004,CONSUMABLE MATERIAL,19.0,614.88,32.362105,104
16000142,SAL-GEN,1201004,CONSUMABLE MATERIAL,15.0,415.04,27.669333,2
16000143,KLR-GEN,1201004,CONSUMABLE MATERIAL,2367.0,395289.0,167.0,9
16000144,KLR-GEN,1201004,CONSUMABLE MATERIAL,1270.0,48514.0,38.2,4
16000145,KLR-CON,1201004,CONSUMABLE MATERIAL,93.0,2524.95,27.15,12
16000145,KLR-EXS,1201004,CONSUMABLE MATERIAL,208.0,6038.74,29.032404,3
16000145,KLR-GEN,1201004,CONSUMABLE MATERIAL,353.0,10248.43,29.03238,149
16000147,KLR-CON,1201004,CONSUMABLE MATERIAL,804.0,8179.07,10.172973,229
16000147,KLR-EXS,1201004,CONSUMABLE MATERIAL,1433.0,14577.86,10.172966,30
16000147,KLR-GEN,1201004,CONSUMABLE MATERIAL,1.0,10.36,10.36,826
16000147,KLR-WIP,1201004,CONSUMABLE MATERIAL,10.0,101.73,10.173,1814
16000147,SAL-GEN,1201004,CONSUMABLE MATERIAL,800.0,8265.4,10.33175,12
16000148,KLR-CON,1201004,CONSUMABLE MATERIAL,347.0,3470.0,10.0,152
16000148,KLR-EXS,1201004,CONSUMABLE MATERIAL,213.0,2130.0,10.0,16
16000148,KLR-GEN,1201004,CONSUMABLE MATERIAL,10.0,104.66,10.466,903
16000148,KLR-WIP,1201004,CONSUMABLE MATERIAL,13.0,133.03,10.233077,1878
16000148,SAL-GEN,1201004,CONSUMABLE MATERIAL,95.0,987.14,10.390947,7
16000149,KLR-EXS,1201004,CONSUMABLE MATERIAL,1246.0,15292.33,12.273138,1
16000149,KLR-GEN,1201004,CONSUMABLE MATERIAL,2774.0,34045.67,12.273133,3
16000150,KLR-EXS,1201004,CONSUMABLE MATERIAL,9964.0,7473.0,0.75,3
16000150,KLR-GEN,1201004,CONSUMABLE MATERIAL,11372.0,8529.0,0.75,76
16000150,KLR-SUB,1201004,CONSUMABLE MATERIAL,108.0,81.0,0.75,2
16000151,KLR-EXS,1201004,CONSUMABLE MATERIAL,2428.0,43704.0,18.0,1
16000151,KLR-GEN,1201004,CONSUMABLE MATERIAL,459.0,8262.0,18.0,14
16000152,KLR-EXS,1201004,CONSUMABLE MATERIAL,13.0,72.54,5.58,1
16000152,KLR-GEN,1201004,CONSUMABLE MATERIAL,1042.0,5814.36,5.58,2
16000153,KLR-EXS,1201004,CONSUMABLE MATERIAL,343.0,19599.99,57.142828,1
16000153,KLR-WIP,1201004,CONSUMABLE MATERIAL,266.0,15200.0,57.142857,37
16000157,KLR-GEN,1201004,CONSUMABLE MATERIAL,550.0,236459.09,429.925618,53
16000157,KLR-WIP,1201004,CONSUMABLE MATERIAL,48.0,20352.63,424.013125,12
16000158,KLR-EXS,1201004,CONSUMABLE MATERIAL,1821.68999,485992.83,266.781303,1
16000158,KLR-GEN,1201004,CONSUMABLE MATERIAL,388.0,111823.12,288.203918,90
16000158,KLR-SR,1201004,CONSUMABLE MATERIAL,1.0,350.0,350.0,1
16000158,KLR-WIP,1201004,CONSUMABLE MATERIAL,472.0,125920.78,266.781314,46
16000159,KLR-CON,1201004,CONSUMABLE MATERIAL,600.0,18600.0,31.0,4
16000159,KLR-EXS,1201004,CONSUMABLE MATERIAL,784.0,24626.92,31.411888,1
16000159,KLR-GEN,1201004,CONSUMABLE MATERIAL,4306.0,135259.62,31.411895,72
16000159,KLR-WIP,1201004,CONSUMABLE MATERIAL,784.0,24382.4,31.1,53
16000160,KLR-EXS,1201004,CONSUMABLE MATERIAL,1186.0,37952.0,32.0,1
16000160,KLR-GEN,1201004,CONSUMABLE MATERIAL,436.0,13952.0,32.0,31
16000161,KLR-EXS,1201004,CONSUMABLE MATERIAL,216.0,1728.0,8.0,1
16000161,KLR-GEN,1201004,CONSUMABLE MATERIAL,3480.0,27840.0,8.0,105
16000161,KLR-WIP,1201004,CONSUMABLE MATERIAL,116.0,928.0,8.0,93
16000162,KLR-EXS,1201004,CONSUMABLE MATERIAL,17098.0,299215.0,17.5,1
16000162,KLR-GEN,1201004,CONSUMABLE MATERIAL,549.0,9607.5,17.5,8
16000163,KLR-EXS,1201004,CONSUMABLE MATERIAL,592.99774,7798.1,13.150303,1
16000163,KLR-GEN,1201004,CONSUMABLE MATERIAL,2187.0,28759.73,13.150311,126
16000163,KLR-SUB,1201004,CONSUMABLE MATERIAL,3500.0,47233.29,13.495226,23
16000163,KLR-WIP,1201004,CONSUMABLE MATERIAL,388.0,5243.1,13.513144,13
16000164,KLR-GEN,1201004,CONSUMABLE MATERIAL,3000.0,12000.0,4.0,55
16000165,KLR-EXS,1201004,CONSUMABLE MATERIAL,2866.0,1948.88,0.68,1
16000165,KLR-GEN,1201004,CONSUMABLE MATERIAL,26126.0,17765.67,0.68,80
16000168,KLR-EXS,1201004,CONSUMABLE MATERIAL,36.0,203.46,5.651667,3
16000168,KLR-GEN,1201004,CONSUMABLE MATERIAL,7464.0,42183.12,5.651543,47
16000168,KLR-WIP,1201004,CONSUMABLE MATERIAL,36.0,204.19,5.671944,20
16000169,KLR-EXS,1201004,CONSUMABLE MATERIAL,10000.0,1957.42,0.195742,3
16000169,KLR-GEN,1201004,CONSUMABLE MATERIAL,15000.0,2936.13,0.195742,14
16000169,KLR-QC,1201004,CONSUMABLE MATERIAL,10000.0,1400.0,0.14,9
16000170,KLR-EXS,1201004,CONSUMABLE MATERIAL,14122.0,9971.34,0.706086,1
16000170,KLR-GEN,1201004,CONSUMABLE MATERIAL,6545.0,4621.33,0.706086,67
16000170,KLR-WIP,1201004,CONSUMABLE MATERIAL,1040.0,735.54,0.70725,67
16000171,KLR-CON,1201004,CONSUMABLE MATERIAL,2000.0,1500.0,0.75,3
16000171,KLR-GEN,1201004,CONSUMABLE MATERIAL,27800.0,10845.19,0.390115,18
16000172,KLR-EXS,1201004,CONSUMABLE MATERIAL,124273.0,184951.88,1.488271,3
16000172,KLR-GEN,1201004,CONSUMABLE MATERIAL,10120.0,15989.6,1.58,126
16000173,KLR-EXS,1201004,CONSUMABLE MATERIAL,3707.0,5734.21,1.54686,1
16000173,KLR-GEN,1201004,CONSUMABLE MATERIAL,6105.0,9443.57,1.546858,181
16000173,KLR-SUB,1201004,CONSUMABLE MATERIAL,493.0,762.6,1.546856,24
16000173,KLR-WIP,1201004,CONSUMABLE MATERIAL,602.0,931.35,1.547093,53
16000175,KLR-EXS,1201004,CONSUMABLE MATERIAL,512.0,5682.37,11.098379,3
16000175,KLR-GEN,1201004,CONSUMABLE MATERIAL,10654.0,118242.04,11.098371,75
16000175,KLR-WIP,1201004,CONSUMABLE MATERIAL,512.0,5682.03,11.097715,67
16000176,SAL-GEN,1201004,CONSUMABLE MATERIAL,1000.0,20000.0,20.0,1
16000177,KLR-GEN,1201004,CONSUMABLE MATERIAL,4509.0,7214.4,1.6,16
16000177,KLR-SUB,1201004,CONSUMABLE MATERIAL,1.0,1.6,1.6,1
16000178,KLR-EXS,1201004,CONSUMABLE MATERIAL,3525.0,16250.0,4.609929,1
16000178,SAL-GEN,1201004,CONSUMABLE MATERIAL,46.0,12420.0,270.0,1
16000179,KLR-EXS,1201004,CONSUMABLE MATERIAL,4276.0,47253.08,11.050767,2
16000179,SAL-GEN,1201004,CONSUMABLE MATERIAL,4035.0,45152.41,11.190188,1
16000180,KLR-EXS,1201004,CONSUMABLE MATERIAL,349.0,4296.97,12.312235,1
16000180,KLR-GEN,1201004,CONSUMABLE MATERIAL,2161.0,26606.72,12.312226,11
16000180,KLR-SUB,1201004,CONSUMABLE MATERIAL,1940.0,23299.4,12.01,5
16000180,SAL-GEN,1201004,CONSUMABLE MATERIAL,4040.0,49741.41,12.31223,1
16000181,KLR-EXS,1201004,CONSUMABLE MATERIAL,192.0,3264.0,17.0,1
16000181,KLR-GEN,1201004,CONSUMABLE MATERIAL,11000.0,187000.0,17.0,6
16000182,KLR-EXS,1201004,CONSUMABLE MATERIAL,130.0,584.47,4.495923,3
16000182,KLR-GEN,1201004,CONSUMABLE MATERIAL,12033.0,54099.81,4.495954,163
16000182,KLR-WIP,1201004,CONSUMABLE MATERIAL,130.0,542.8,4.175385,133
16000182,SAL-GEN,1201004,CONSUMABLE MATERIAL,8100.0,33735.04,4.16482,7
16000184,KLR-EXS,1201004,CONSUMABLE MATERIAL,7093.0,77593.68,10.939473,1
16000184,KLR-GEN,1201004,CONSUMABLE MATERIAL,3987.0,43615.68,10.939473,45
16000184,KLR-WIP,1201004,CONSUMABLE MATERIAL,121.0,1331.0,11.0,17
16000185,KLR-EXS,1201004,CONSUMABLE MATERIAL,77.00001,230.18,2.98935,1
16000185,KLR-GEN,1201004,CONSUMABLE MATERIAL,978.99999,2926.62,2.989397,61
16000185,KLR-QC,1201004,CONSUMABLE MATERIAL,1e-05,0.0,0.0,2
16000185,KLR-WIP,1201004,CONSUMABLE MATERIAL,21.0,58.8,2.8,24
16000186,KLR-EXS,1201004,CONSUMABLE MATERIAL,48.371,11000.51,227.419528,2
16000187,KLR-EXS,1201004,CONSUMABLE MATERIAL,495.264,112206.73,226.559431,2
16000188,KLR-CON,1201004,CONSUMABLE MATERIAL,8323.0,100021.46,12.017477,3
16000188,KLR-EXS,1201004,CONSUMABLE MATERIAL,5648.0,43772.0,7.75,2
16000188,KLR-GEN,1201004,CONSUMABLE MATERIAL,1677.0,12996.75,7.75,6
16000189,KLR-EXS,1201004,CONSUMABLE MATERIAL,2631.0,31570.06,11.999263,1
16000189,KLR-GEN,1201004,CONSUMABLE MATERIAL,3500.0,41997.42,11.999263,5
16000189,KLR-WIP,1201004,CONSUMABLE MATERIAL,2000.0,23998.52,11.99926,1
16000191,KLR-GEN,1201004,CONSUMABLE MATERIAL,6648.0,52452.72,7.89,28
16000191,KLR-WIP,1201004,CONSUMABLE MATERIAL,132.0,1041.48,7.89,8
16000191,SAL-GEN,1201004,CONSUMABLE MATERIAL,2800.0,22092.0,7.89,1
16000192,KLR-EXS,1201004,CONSUMABLE MATERIAL,28.0,9847.88,351.71,1
16000193,KLR-EXS,1201004,CONSUMABLE MATERIAL,150.22,27944.22,186.021968,2
16000194,KLR-EXS,1201004,CONSUMABLE MATERIAL,6233.0,37398.0,6.0,1
16000194,KLR-GEN,1201004,CONSUMABLE MATERIAL,2086.0,12516.0,6.0,16
16000194,KLR-QC,1201004,CONSUMABLE MATERIAL,4000.0,24000.0,6.0,5
16000194,KLR-WIP,1201004,CONSUMABLE MATERIAL,2014.0,12084.0,6.0,19
16000195,KLR-EXS,1201004,CONSUMABLE MATERIAL,2863.0,2147.25,0.75,1
16000197,KLR-EXS,1201004,CONSUMABLE MATERIAL,930.36,219746.28,236.194892,2
16000198,KLR-GEN,1201004,CONSUMABLE MATERIAL,13960.0,277674.43,19.890718,36
16000198,KLR-WIP,1201004,CONSUMABLE MATERIAL,30.0,652.79,21.759667,11
16000199,KLR-EXS,1201004,CONSUMABLE MATERIAL,619.0,10861.07,17.546155,1
16000199,KLR-GEN,1201004,CONSUMABLE MATERIAL,1120.0,19651.68,17.546143,41
16000200,KLR-EXS,1201004,CONSUMABLE MATERIAL,14790.0,271393.13,18.349772,2
16000200,KLR-GEN,1201004,CONSUMABLE MATERIAL,6000.0,109092.46,18.182077,40
16000201,KLR-CON,1201004,CONSUMABLE MATERIAL,159.0,7490.27,47.108616,21
16000201,KLR-EXS,1201004,CONSUMABLE MATERIAL,746.0,35143.04,47.108633,1
16000201,KLR-GEN,1201004,CONSUMABLE MATERIAL,711.0,33455.95,47.054782,112
16000202,KLR-GEN,1201004,CONSUMABLE MATERIAL,2131.0,289460.72,135.83328,65
16000203,KLR-EXS,1201004,CONSUMABLE MATERIAL,1536.0,2359.89,1.536387,1
16000203,KLR-GEN,1201004,CONSUMABLE MATERIAL,12744.0,19579.68,1.536384,76
16000203,KLR-WIP,1201004,CONSUMABLE MATERIAL,2256.0,3501.64,1.552145,83
16000206,KLR-GEN,1201004,CONSUMABLE MATERIAL,3000.0,39930.0,13.31,1
16000208,KLR-GEN,1201004,CONSUMABLE MATERIAL,1047.21,153453.58,146.535633,82
16000208,KLR-SUB,1201004,CONSUMABLE MATERIAL,542.54,75918.54,139.931692,16
16000212,KLR-EXS,1201004,CONSUMABLE MATERIAL,655.0,38424.04,58.662656,1
16000212,KLR-GEN,1201004,CONSUMABLE MATERIAL,377.0,22115.82,58.662653,36
16000213,KLR-GEN,1201004,CONSUMABLE MATERIAL,18588.0,9926.42,0.534023,60
16000214,KLR-EXS,1201004,CONSUMABLE MATERIAL,532.0,21962.85,41.283553,1
16000214,KLR-GEN,1201004,CONSUMABLE MATERIAL,321.0,13252.02,41.283551,20
16000214,KLR-WIP,1201004,CONSUMABLE MATERIAL,512.0,21137.17,41.283535,3
16000215,KLR-GEN,1201004,CONSUMABLE MATERIAL,4417.0,265020.0,60.0,2
16000216,KLR-GEN,1201004,CONSUMABLE MATERIAL,490.0,35982.91,73.43451,32
16000217,KLR-EXS,1201004,CONSUMABLE MATERIAL,1829.0,2743.5,1.5,1
16000217,KLR-GEN,1201004,CONSUMABLE MATERIAL,2571.0,3856.5,1.5,2
16000218,KLR-GEN,1201004,CONSUMABLE MATERIAL,36000.0,93600.0,2.6,1
16000219,KLR-EXS,1201004,CONSUMABLE MATERIAL,269.0,3220.24,11.971152,3
16000219,KLR-GEN,1201004,CONSUMABLE MATERIAL,16436.0,196758.01,11.971161,64
16000219,KLR-WIP,1201004,CONSUMABLE MATERIAL,280.0,3351.92,11.971143,28
16000220,KLR-EXS,1201004,CONSUMABLE MATERIAL,5727.0,2061.72,0.36,1
16000221,KLR-GEN,1201004,CONSUMABLE MATERIAL,66990.0,134649.9,2.01,2
16000222,KLR-EXS,1201004,CONSUMABLE MATERIAL,140.0,1072.3,7.659286,1
16000222,KLR-GEN,1201004,CONSUMABLE MATERIAL,2560.0,19607.7,7.659258,2
16000223,KLR-GEN,1201004,CONSUMABLE MATERIAL,9617.0,35554.1,3.697005,330
16000223,KLR-WIP,1201004,CONSUMABLE MATERIAL,583.0,2139.78,3.670292,292
16000223,SAL-GEN,1201004,CONSUMABLE MATERIAL,11000.0,40100.0,3.645455,13
16000226,KLR-EXS,1201004,CONSUMABLE MATERIAL,174.0,4002.0,23.0,3
16000226,KLR-GEN,1201004,CONSUMABLE MATERIAL,231.0,5312.99,22.999957,45
16000226,KLR-WIP,1201004,CONSUMABLE MATERIAL,174.0,4002.0,23.0,32
16000231,KLR-GEN,1201004,CONSUMABLE MATERIAL,776.0,67565.74,87.069253,6
16000234,KLR-EXS,1201004,CONSUMABLE MATERIAL,9.0,1178.52,130.946667,1
16000242,KLR-EXS,1201004,CONSUMABLE MATERIAL,586.00002,196620.34,335.529579,1
16000242,KLR-GEN,1201004,CONSUMABLE MATERIAL,324.99994,109047.1,335.5296,76
16000242,KLR-QC,1201004,CONSUMABLE MATERIAL,6e-05,0.02,333.333333,3
16000246,KLR-CON,1201004,CONSUMABLE MATERIAL,66.0,1584.0,24.0,3
16000246,KLR-GEN,1201004,CONSUMABLE MATERIAL,855.0,20519.99,23.999988,52
16000247,KER-GEN,1201004,CONSUMABLE MATERIAL,50.0,1690.08,33.8016,1
16000247,KLR-EXS,1201004,CONSUMABLE MATERIAL,256.0,5567.46,21.747891,1
16000247,KLR-GEN,1201004,CONSUMABLE MATERIAL,2316.0,50368.07,21.747871,124
16000247,KLR-SER,1201004,CONSUMABLE MATERIAL,114.0,4886.96,42.86807,12
16000247,KLR-SR,1201004,CONSUMABLE MATERIAL,100.0,4308.45,43.0845,15
16000247,VIJW-GEN,1201004,CONSUMABLE MATERIAL,240.0,5180.0,21.583333,1
16000248,KLR-EXS,1201004,CONSUMABLE MATERIAL,2498.0,27748.34,11.108223,1
16000248,KLR-GEN,1201004,CONSUMABLE MATERIAL,340.0,3776.79,11.108206,88
16000249,SAL-GEN,1201004,CONSUMABLE MATERIAL,10000.0,50703.95,5.070395,3
16000250,KLR-GEN,1201004,CONSUMABLE MATERIAL,155000.0,18600.0,0.12,3
16000252,KLR-CON,1201004,CONSUMABLE MATERIAL,2000.0,1800.0,0.9,3
16000252,KLR-EXS,1201004,CONSUMABLE MATERIAL,1520.0,1116.25,0.734375,1
16000252,KLR-GEN,1201004,CONSUMABLE MATERIAL,8374.0,6149.65,0.734374,19
16000252,SAL-GEN,1201004,CONSUMABLE MATERIAL,3000.0,2450.0,0.816667,2
16000253,KLR-GEN,1201004,CONSUMABLE MATERIAL,2186.0,302190.0,138.238792,5
16000254,KLR-GEN,1201004,CONSUMABLE MATERIAL,1186.0,11492.34,9.69,2
16000255,KLR-GEN,1201004,CONSUMABLE MATERIAL,873.0,4843.55,5.548167,9
16000255,SAL-GEN,1201004,CONSUMABLE MATERIAL,500.0,1783.05,3.5661,2
16000256,KLR-GEN,1201004,CONSUMABLE MATERIAL,4174.0,91651.51,21.957717,27
16000257,KLR-CON,1201004,CONSUMABLE MATERIAL,2184.0,18564.0,8.5,2
16000257,KLR-EXS,1201004,CONSUMABLE MATERIAL,2214.0,18229.73,8.233844,3
16000257,KLR-GEN,1201004,CONSUMABLE MATERIAL,53880.0,443639.57,8.233845,525
16000259,KLR-CON,1201004,CONSUMABLE MATERIAL,37.0,109.71,2.965135,14
16000259,KLR-EXS,1201004,CONSUMABLE MATERIAL,62445.0,168632.22,2.700492,2
16000259,KLR-GEN,1201004,CONSUMABLE MATERIAL,7153.0,20123.1,2.813239,469
16000259,KLR-SUB,1201004,CONSUMABLE MATERIAL,12510.0,34421.15,2.751491,11
16000260,KLR-EXS,1201004,CONSUMABLE MATERIAL,4127.0,13327.34,3.229305,1
16000260,KLR-GEN,1201004,CONSUMABLE MATERIAL,5195.0,16776.24,3.229305,348
16000260,KLR-WIP,1201004,CONSUMABLE MATERIAL,1505.0,5170.12,3.435296,258
16000261,KLR-WIP,1201004,CONSUMABLE MATERIAL,-100.0,0.0,0.0,129
16000262,KLR-EXS,1201004,CONSUMABLE MATERIAL,1902.0,25387.84,13.347971,19
16000262,KLR-GEN,1201004,CONSUMABLE MATERIAL,21248.0,283617.68,13.347971,529
16000262,KLR-SUB,1201004,CONSUMABLE MATERIAL,3000.0,35776.45,11.925483,3
16000262,KLR-WIP,1201004,CONSUMABLE MATERIAL,2752.0,36700.35,13.335883,547
16000262,SAL-GEN,1201004,CONSUMABLE MATERIAL,80.0,954.04,11.9255,2
16000264,KLR-EXS,1201004,CONSUMABLE MATERIAL,4677.0,3040.05,0.65,3
16000264,KLR-GEN,1201004,CONSUMABLE MATERIAL,40900.0,26585.0,0.65,378
16000265,KLR-GEN,1201004,CONSUMABLE MATERIAL,1839.0,15046.87,8.182094,3
16000269,KLR-GEN,1201004,CONSUMABLE MATERIAL,2270.0,42903.0,18.9,3
16000270,KLR-EXS,1201004,CONSUMABLE MATERIAL,262.0,9909.24,37.821527,1
16000270,KLR-GEN,1201004,CONSUMABLE MATERIAL,7084.0,267927.8,37.821542,101
16000270,KLR-SER,1201004,CONSUMABLE MATERIAL,151.0,7174.01,47.51,3
16000270,KLR-SR,1201004,CONSUMABLE MATERIAL,127.0,5837.82,45.967087,6
16000272,KLR-CON,1201004,CONSUMABLE MATERIAL,1184.0,5564.8,4.7,9
16000272,KLR-EXS,1201004,CONSUMABLE MATERIAL,85524.0,406929.31,4.758072,1
16000272,KLR-GEN,1201004,CONSUMABLE MATERIAL,14034.0,66774.78,4.758072,368
16000272,KLR-WIP,1201004,CONSUMABLE MATERIAL,23282.0,110777.43,4.758072,176
16000272,SAL-GEN,1201004,CONSUMABLE MATERIAL,5000.0,23790.36,4.758072,1
16000278,KLR-GEN,1201004,CONSUMABLE MATERIAL,1388.158,204170.96,147.080491,71
16000278,KLR-SUB,1201004,CONSUMABLE MATERIAL,5.592,746.42,133.479971,21
16000279,KLR-EXS,1201004,CONSUMABLE MATERIAL,1052.0,8202.0,7.796578,3
16000279,KLR-GEN,1201004,CONSUMABLE MATERIAL,14440.0,112582.56,7.796576,227
16000279,KLR-WIP,1201004,CONSUMABLE MATERIAL,560.0,4366.03,7.796482,216
16000279,SAL-GEN,1201004,CONSUMABLE MATERIAL,100.0,785.06,7.8506,3
16000280,KLR-GEN,1201004,CONSUMABLE MATERIAL,11177.0,4944.7,0.4424,219
16000280,KLR-WIP,1201004,CONSUMABLE MATERIAL,1323.0,585.93,0.44288,204
16000280,SAL-GEN,1201004,CONSUMABLE MATERIAL,500.0,222.52,0.44504,4
16000281,KLR-GEN,1201004,CONSUMABLE MATERIAL,21528.0,94241.85,4.377641,562
16000281,SAL-GEN,1201004,CONSUMABLE MATERIAL,680.0,2987.77,4.393779,3
16000282,KLR-EXS,1201004,CONSUMABLE MATERIAL,430.0,786.24,1.828465,1
16000282,KLR-GEN,1201004,CONSUMABLE MATERIAL,5749.0,10511.9,1.828475,216
16000282,KLR-WIP,1201004,CONSUMABLE MATERIAL,443.0,711.67,1.606479,186
16000282,SAL-GEN,1201004,CONSUMABLE MATERIAL,80.0,120.0,1.5,4
16000283,KLR-EXS,1201004,CONSUMABLE MATERIAL,964.00012,232420.15,241.099711,1
16000283,KLR-GEN,1201004,CONSUMABLE MATERIAL,1016.0,244957.3,241.099705,63
16000284,KLR-EXS,1201004,CONSUMABLE MATERIAL,1239.77016,356809.84,287.803217,1
16000284,KLR-GEN,1201004,CONSUMABLE MATERIAL,710.99984,204628.04,287.803215,100
16000284,KLR-QC,1201004,CONSUMABLE MATERIAL,0.00016,0.05,312.5,6
16000284,KLR-WIP,1201004,CONSUMABLE MATERIAL,242.0,65253.91,269.644256,40
16000285,KLR-GEN,1201004,CONSUMABLE MATERIAL,4225.0,41405.0,9.8,81
16000286,SAL-GEN,1201004,CONSUMABLE MATERIAL,15000.0,10500.0,0.7,3
16000287,KLR-CON,1201004,CONSUMABLE MATERIAL,887.0,42576.0,48.0,25
16000287,KLR-EXS,1201004,CONSUMABLE MATERIAL,144.0,7482.82,51.964028,1
16000287,KLR-GEN,1201004,CONSUMABLE MATERIAL,252.0,18291.34,72.584683,63
16000287,KLR-REJ,1201004,CONSUMABLE MATERIAL,100.0,4493.26,44.9326,1
16000287,KLR-WIP,1201004,CONSUMABLE MATERIAL,101.0,5248.37,51.964059,70
16000288,KLR-GEN,1201004,CONSUMABLE MATERIAL,2388.0,15653.53,6.55508,33
16000288,KLR-WIP,1201004,CONSUMABLE MATERIAL,162.0,895.38,5.527037,36
16000289,KLR-EXS,1201004,CONSUMABLE MATERIAL,11.0,705.14,64.103636,6
16000289,KLR-GEN,1201004,CONSUMABLE MATERIAL,758.0,48590.73,64.103865,157
16000289,KLR-SUB,1201004,CONSUMABLE MATERIAL,2.0,121.36,60.68,1
16000290,KLR-EXS,1201004,CONSUMABLE MATERIAL,42.0,294.0,7.0,1
16000290,KLR-GEN,1201004,CONSUMABLE MATERIAL,300.0,2100.0,7.0,6
16000291,KLR-CON,1201004,CONSUMABLE MATERIAL,133.0,219.45,1.65,13
16000291,KLR-EXS,1201004,CONSUMABLE MATERIAL,5878.0,9698.7,1.65,1
16000291,KLR-GEN,1201004,CONSUMABLE MATERIAL,64569.0,106538.83,1.65,402
16000291,KLR-WIP,1201004,CONSUMABLE MATERIAL,9798.0,16166.7,1.65,233
16000291,SAL-GEN,1201004,CONSUMABLE MATERIAL,100.0,161.06,1.6106,5
16000292,KLR-EXS,1201004,CONSUMABLE MATERIAL,803.67901,6783.41,8.440447,1
16000292,KLR-GEN,1201004,CONSUMABLE MATERIAL,3074.99592,25954.32,8.44044,146
16000292,KLR-QC,1201004,CONSUMABLE MATERIAL,0.00408,0.03,7.352941,17
16000292,KLR-WIP,1201004,CONSUMABLE MATERIAL,310.0,3195.79,10.309,11
16000293,KLR-GEN,1201004,CONSUMABLE MATERIAL,7807.0,104043.95,13.327008,60
16000293,KLR-WIP,1201004,CONSUMABLE MATERIAL,1316.0,17096.57,12.991315,41
16000293,SAL-GEN,1201004,CONSUMABLE MATERIAL,2500.0,32500.0,13.0,8
16000294,KLR-GEN,1201004,CONSUMABLE MATERIAL,13660.0,9562.0,0.7,9
16000299,KLR-EXS,1201004,CONSUMABLE MATERIAL,350.0,230.87,0.659629,1
16000299,KLR-GEN,1201004,CONSUMABLE MATERIAL,-100.0,0.0,0.0,42
16000299,KLR-WIP,1201004,CONSUMABLE MATERIAL,-100.0,0.0,0.0,9
16000300,KLR-GEN,1201004,CONSUMABLE MATERIAL,1880.0,28200.0,15.0,1
16000302,KLR-EXS,1201004,CONSUMABLE MATERIAL,29610.0,32571.0,1.1,1
16000302,KLR-GEN,1201004,CONSUMABLE MATERIAL,30160.0,33176.0,1.1,6
16000303,KLR-EXS,1201004,CONSUMABLE MATERIAL,1327.0,5971.5,4.5,1
16000303,KLR-GEN,1201004,CONSUMABLE MATERIAL,632.0,2844.0,4.5,4
16000305,KLR-GEN,1201004,CONSUMABLE MATERIAL,278.0,442.32,1.591079,47
16000307,KLR-EXS,1201004,CONSUMABLE MATERIAL,104.0,208.0,2.0,1
16000307,KLR-GEN,1201004,CONSUMABLE MATERIAL,1070.0,2140.0,2.0,12
16000307,KLR-WIP,1201004,CONSUMABLE MATERIAL,30.0,60.0,2.0,10
16000308,KLR-GEN,1201004,CONSUMABLE MATERIAL,600.0,6024.0,10.04,1
16000310,KLR-GEN,1201004,CONSUMABLE MATERIAL,800.0,29696.0,37.12,3
16000311,KLR-GEN,1201004,CONSUMABLE MATERIAL,550.0,84975.0,154.5,1
16000313,KLR-GEN,1201004,CONSUMABLE MATERIAL,500.0,127600.0,255.2,1
16000314,KLR-GEN,1201004,CONSUMABLE MATERIAL,1395.0,42882.3,30.74,1
16000315,KLR-CON,1201004,CONSUMABLE MATERIAL,1100.0,198544.5,180.495,1
16000318,KLR-CON,1201004,CONSUMABLE MATERIAL,60.0,57600.0,960.0,1
16000318,KLR-GEN,1201004,CONSUMABLE MATERIAL,500.0,480000.0,960.0,5
16000320,KLR-CON,1201004,CONSUMABLE MATERIAL,60.0,48300.0,805.0,1
16000320,KLR-GEN,1201004,CONSUMABLE MATERIAL,500.0,402500.0,805.0,5
16000324,KLR-CON,1201004,CONSUMABLE MATERIAL,100.0,3500.0,35.0,1
16000340,KLR-GEN,1201004,CONSUMABLE MATERIAL,897.0,77548.24,86.452887,6
16000341,KLR-GEN,1201004,CONSUMABLE MATERIAL,1270.0,319287.13,251.407189,49
16000341,KLR-WIP,1201004,CONSUMABLE MATERIAL,160.0,34646.34,216.539625,18
16000344,KLR-EXS,1201004,CONSUMABLE MATERIAL,1170.0,4095.0,3.5,1
16000344,KLR-GEN,1201004,CONSUMABLE MATERIAL,2430.0,8505.0,3.5,2
16000345,KLR-GEN,1201004,CONSUMABLE MATERIAL,12245.0,54245.35,4.43,2
16000346,KLR-GEN,1201004,CONSUMABLE MATERIAL,4093.0,25131.02,6.14,1
16000347,KLR-GEN,1201004,CONSUMABLE MATERIAL,85000.0,9350.0,0.11,2
16000348,KLR-EXS,1201004,CONSUMABLE MATERIAL,31.9,7381.84,231.405643,2
16000349,KLR-EXS,1201004,CONSUMABLE MATERIAL,2821.0,17490.2,6.2,1
16000349,KLR-GEN,1201004,CONSUMABLE MATERIAL,4575.0,28365.0,6.2,31
16000349,KLR-WIP,1201004,CONSUMABLE MATERIAL,700.0,4340.0,6.2,17
16000350,KLR-EXS,1201004,CONSUMABLE MATERIAL,75.0,696.0,9.28,1
16000350,KLR-GEN,1201004,CONSUMABLE MATERIAL,7150.0,66352.0,9.28,3
16000351,KLR-EXS,1201004,CONSUMABLE MATERIAL,2824.0,143700.0,50.885269,1
16000352,KLR-CON,1201004,CONSUMABLE MATERIAL,7.0,1125.79,160.827143,12
16000352,KLR-EXS,1201004,CONSUMABLE MATERIAL,928.0,148430.82,159.947004,1
16000352,KLR-GEN,1201004,CONSUMABLE MATERIAL,5.0,799.73,159.946,13
16000354,SAL-GEN,1201004,CONSUMABLE MATERIAL,500.0,425.0,0.85,2
16000355,KLR-EXS,1201004,CONSUMABLE MATERIAL,881.0,6557.6,7.44336,1
16000356,KLR-CON,1201004,CONSUMABLE MATERIAL,80.0,1560.0,19.5,7
16000356,KLR-EXS,1201004,CONSUMABLE MATERIAL,2.0,39.0,19.5,3
16000356,SAL-GEN,1201004,CONSUMABLE MATERIAL,30.0,750.0,25.0,2
16000357,KLR-EXS,1201004,CONSUMABLE MATERIAL,600.0,3600.0,6.0,1
16000358,KLR-EXS,1201004,CONSUMABLE MATERIAL,1030.0,9633.6,9.35301,2
16000359,KLR-EXS,1201004,CONSUMABLE MATERIAL,311.0,23580.05,75.820096,2
16000360,KLR-GEN,1201004,CONSUMABLE MATERIAL,27000.0,350998.06,12.999928,44
16000361,KLR-EXS,1201004,CONSUMABLE MATERIAL,52.0,2904.46,55.855,1
16000362,KLR-GEN,1201004,CONSUMABLE MATERIAL,2476.0,150360.0,60.726979,11
16000362,KLR-SUB,1201004,CONSUMABLE MATERIAL,84.0,5097.86,60.68881,5
16000363,KLR-GEN,1201004,CONSUMABLE MATERIAL,200.0,5099.65,25.49825,6
16000364,KLR-GEN,1201004,CONSUMABLE MATERIAL,1903.0,17961.45,9.438492,9
16000365,KLR-GEN,1201004,CONSUMABLE MATERIAL,182.0,5460.0,30.0,7
16000367,KLR-EXS,1201004,CONSUMABLE MATERIAL,30.0,2870.0,95.666667,1
16000368,KLR-CON,1201004,CONSUMABLE MATERIAL,16.0,13286.38,830.39875,42
16000368,KLR-EXS,1201004,CONSUMABLE MATERIAL,7.0,5812.79,830.398571,3
16000368,KLR-SUB,1201004,CONSUMABLE MATERIAL,1.0,790.0,790.0,1
16000369,KLR-GEN,1201004,CONSUMABLE MATERIAL,4790.0,19018.59,3.970478,50
16000370,KLR-EXS,1201004,CONSUMABLE MATERIAL,1238.49,8105.21,6.544429,1
16000370,KLR-GEN,1201004,CONSUMABLE MATERIAL,437.0,2859.91,6.544416,22
16000370,KLR-SUB,1201004,CONSUMABLE MATERIAL,200.0,1159.54,5.7977,4
16000371,KLR-EXS,1201004,CONSUMABLE MATERIAL,843.0,31581.08,37.462728,1
16000371,KLR-GEN,1201004,CONSUMABLE MATERIAL,1129.0,42295.43,37.462737,36
16000371,KLR-SUB,1201004,CONSUMABLE MATERIAL,190.0,7165.4,37.712632,4
16000372,KLR-EXS,1201004,CONSUMABLE MATERIAL,11.0,80.13,7.284545,1
16000372,KLR-GEN,1201004,CONSUMABLE MATERIAL,212.0,1544.36,7.284717,62
16000373,KLR-EXS,1201004,CONSUMABLE MATERIAL,10.0,450.0,45.0,1
16000374,KLR-EXS,1201004,CONSUMABLE MATERIAL,1000.0,43825.0,43.825,1
16000375,KLR-CON,1201004,CONSUMABLE MATERIAL,5.0,1050.0,210.0,5
16000375,KLR-GEN,1201004,CONSUMABLE MATERIAL,9.0,1946.35,216.261111,10
16000377,KLR-CON,1201004,CONSUMABLE MATERIAL,7.0,5465.43,780.775714,7
16000377,KLR-GEN,1201004,CONSUMABLE MATERIAL,2.0,1500.0,750.0,10
16000378,KLR-EXS,1201004,CONSUMABLE MATERIAL,100.0,13403.61,134.0361,3
16000378,KLR-GEN,1201004,CONSUMABLE MATERIAL,2700.0,361897.34,134.036052,19
16000379,KLR-EXS,1201004,CONSUMABLE MATERIAL,499.0,31732.18,63.591543,3
16000379,KLR-GEN,1201004,CONSUMABLE MATERIAL,3569.0,226958.18,63.591533,29
16000380,SAL-GEN,1201004,CONSUMABLE MATERIAL,100.0,412.27,4.1227,2
16000382,KLR-EXS,1201004,CONSUMABLE MATERIAL,50.0,900.0,18.0,1
16000383,KLR-EXS,1201004,CONSUMABLE MATERIAL,7000.0,4550.0,0.65,2
16000384,KLR-GEN,1201004,CONSUMABLE MATERIAL,3000.0,16950.0,5.65,5
16000385,SAL-GEN,1201004,CONSUMABLE MATERIAL,1500.0,18000.0,12.0,4
16000386,KLR-EXS,1201004,CONSUMABLE MATERIAL,65.4704,11650.22,177.94637,1
16000387,KLR-EXS,1201004,CONSUMABLE MATERIAL,1552.0,2886.72,1.86,1
16000387,KLR-GEN,1201004,CONSUMABLE MATERIAL,7628.0,14188.08,1.86,24
16000387,KLR-WIP,1201004,CONSUMABLE MATERIAL,872.0,1735.94,1.990757,23
16000388,KLR-EXS,1201004,CONSUMABLE MATERIAL,3828.0,7286.73,1.903534,1
16000388,KLR-GEN,1201004,CONSUMABLE MATERIAL,3886.0,7397.13,1.903533,13
16000388,KLR-WIP,1201004,CONSUMABLE MATERIAL,3828.0,7286.73,1.903534,16
16000389,KLR-EXS,1201004,CONSUMABLE MATERIAL,320.0,320.0,1.0,1
16000389,KLR-GEN,1201004,CONSUMABLE MATERIAL,3204.0,3204.0,1.0,25
16000389,KLR-WIP,1201004,CONSUMABLE MATERIAL,320.0,320.0,1.0,32
16000391,KLR-GEN,1201004,CONSUMABLE MATERIAL,35.0,3184.69,90.991143,7
16000392,KLR-GEN,1201004,CONSUMABLE MATERIAL,3.0,1140.0,380.0,1
16000393,SAL-GEN,1201004,CONSUMABLE MATERIAL,1073.0,6000.0,5.591799,1
16000394,KLR-EXS,1201004,CONSUMABLE MATERIAL,2716.0,1534.89,0.565129,2
16000395,KLR-EXS,1201004,CONSUMABLE MATERIAL,10445.0,6893.7,0.66,1
16000396,KLR-EXS,1201004,CONSUMABLE MATERIAL,5413.0,2435.85,0.45,1
16000396,KLR-GEN,1201004,CONSUMABLE MATERIAL,34087.0,15339.15,0.45,83
16000396,KLR-WIP,1201004,CONSUMABLE MATERIAL,8413.0,3785.85,0.45,153
16000397,KLR-GEN,1201004,CONSUMABLE MATERIAL,54.0,391.5,7.25,3
16000397,KLR-SUB,1201004,CONSUMABLE MATERIAL,2020.0,14645.0,7.25,1
16000398,KLR-EXS,1201004,CONSUMABLE MATERIAL,448.0,3808.0,8.5,1
16000398,KLR-SUB,1201004,CONSUMABLE MATERIAL,1562.0,13277.0,8.5,2
16000401,KLR-GEN,1201004,CONSUMABLE MATERIAL,18261.0,11139.21,0.61,17
16000401,KLR-WIP,1201004,CONSUMABLE MATERIAL,310.0,189.1,0.61,24
16000402,KLR-EXS,1201004,CONSUMABLE MATERIAL,13844.0,76418.88,5.52,1
16000402,KLR-GEN,1201004,CONSUMABLE MATERIAL,1391.997,7683.82,5.519998,6
16000402,KLR-WIP,1201004,CONSUMABLE MATERIAL,1156.0,6381.12,5.52,3
16000403,KLR-CON,1201004,CONSUMABLE MATERIAL,12.0,2103.38,175.281667,1
16000403,KLR-GEN,1201004,CONSUMABLE MATERIAL,2.0,331.05,165.525,10
16000404,KLR-CON,1201004,CONSUMABLE MATERIAL,20.0,6619.47,330.9735,2
16000404,KLR-GEN,1201004,CONSUMABLE MATERIAL,6.0,1980.0,330.0,1
16000405,KLR-EXS,1201004,CONSUMABLE MATERIAL,4288.0,8576.0,2.0,1
16000405,KLR-GEN,1201004,CONSUMABLE MATERIAL,4846.0,9692.0,2.0,16
16000405,KLR-WIP,1201004,CONSUMABLE MATERIAL,2180.0,4360.0,2.0,19
16000406,KLR-EXS,1201004,CONSUMABLE MATERIAL,5000.0,5000.0,1.0,1
16000406,KLR-GEN,1201004,CONSUMABLE MATERIAL,4000.0,4000.0,1.0,21
16000406,KLR-WIP,1201004,CONSUMABLE MATERIAL,4050.0,4050.0,1.0,22
16000407,KLR-EXS,1201004,CONSUMABLE MATERIAL,1431.0,24613.2,17.2,2
16000407,KLR-GEN,1201004,CONSUMABLE MATERIAL,756.0,13003.2,17.2,7
16000408,KLR-GEN,1201004,CONSUMABLE MATERIAL,6190.0,76756.0,12.4,4
11000001,KLR-EXS,1201005,TRADING GOODS,360.0,3600.0,10.0,1
11000002,BAN-FG,1201005,TRADING GOODS,0.0,12258.0,,11
11000002,KER-FG,1201005,TRADING GOODS,64.0,32678.69,510.604531,29
11000002,KLR-EXS,1201005,TRADING GOODS,3.0,1965.99,655.33,9
11000002,KLR-SR,1201005,TRADING GOODS,11.0,7208.65,655.331818,6
11000002,VIJW-FG,1201005,TRADING GOODS,16.0,8869.41,554.338125,28
11000002,VIJW-GEN,1201005,TRADING GOODS,19.0,10532.43,554.338421,2
11000003,BAN-FG,1201005,TRADING GOODS,-32.0,0.0,0.0,16
11000003,KLR-EXS,1201005,TRADING GOODS,5.0,3562.17,712.434,1
11000003,KLR-FG,1201005,TRADING GOODS,58.0,41321.17,712.433966,108
11000003,KLR-SR,1201005,TRADING GOODS,11.0,10365.88,942.352727,6
11000003,VIJW-FG,1201005,TRADING GOODS,1.0,6070.67,6070.67,27
11000004,BAN-FG,1201005,TRADING GOODS,-8.0,14168.96,-1771.12,16
11000004,KER-FG,1201005,TRADING GOODS,-5.0,0.0,0.0,60
11000004,KER-SR,1201005,TRADING GOODS,5.0,2762.31,552.462,1
11000004,KLR-FG,1201005,TRADING GOODS,248.0,151053.0,609.084677,73
11000004,KLR-SR,1201005,TRADING GOODS,26.0,19868.48,764.172308,4
11000004,VIJW-FG,1201005,TRADING GOODS,-1.0,28318.34,-28318.34,22
11000004,VIJW-GEN,1201005,TRADING GOODS,6.0,3615.11,602.518333,2
11000030,KLR-EXS,1201005,TRADING GOODS,22.0,2807.43,127.610455,1
11000030,KLR-GEN,1201005,TRADING GOODS,58.0,5683.42,97.99,1
11000030,KLR-SR,1201005,TRADING GOODS,1.0,127.61,127.61,6
11000031,KLR-EXS,1201005,TRADING GOODS,37.0,8956.16,242.058378,1
11000032,KLR-EXS,1201005,TRADING GOODS,55.0,11875.38,215.916,1
11000033,KLR-EXS,1201005,TRADING GOODS,429.0,30973.25,72.198718,2
11000034,KLR-EXS,1201005,TRADING GOODS,262.0,30744.87,117.346832,1
11000034,KLR-GEN,1201005,TRADING GOODS,156.0,18227.04,116.84,2
11000034,KLR-SR,1201005,TRADING GOODS,58.0,6806.12,117.346897,7
11000035,KLR-EXS,1201005,TRADING GOODS,7.0,2544.1,363.442857,1
11000036,KLR-EXS,1201005,TRADING GOODS,12.0,4576.32,381.36,2
11000037,KLR-EXS,1201005,TRADING GOODS,7.0,3325.0,475.0,1
11000038,KLR-EXS,1201005,TRADING GOODS,7.0,4181.24,597.32,1
11000042,BAN-FG,1201005,TRADING GOODS,-8.0,0.0,0.0,27
11000042,KER-FG,1201005,TRADING GOODS,-20.0,0.0,0.0,34
11000042,KLR-EXS,1201005,TRADING GOODS,1.0,1798.84,1798.84,1
11000042,KLR-FG,1201005,TRADING GOODS,19.0,34178.03,1798.843684,133
11000042,KLR-SER,1201005,TRADING GOODS,1.0,2244.1,2244.1,5
11000042,KLR-SR,1201005,TRADING GOODS,9.0,20944.9,2327.211111,11
11000042,VIJW-GEN,1201005,TRADING GOODS,4.0,5277.16,1319.29,1
11000044,BAN-FG,1201005,TRADING GOODS,-4.0,4274.64,-1068.66,29
11000044,KER-FG,1201005,TRADING GOODS,-16.0,0.0,0.0,21
11000044,KER-GEN,1201005,TRADING GOODS,4.0,3777.78,944.445,1
11000044,KLR-EXS,1201005,TRADING GOODS,16.0,17098.53,1068.658125,4
11000044,KLR-FG,1201005,TRADING GOODS,66.0,70531.42,1068.657879,168
11000044,KLR-SR,1201005,TRADING GOODS,8.0,12455.03,1556.87875,13
11000044,VIJW-GEN,1201005,TRADING GOODS,4.0,4154.72,1038.68,1
11000045,KLR-EXS,1201005,TRADING GOODS,6282.0,360712.44,57.42,2
11000046,BAN-FG,1201005,TRADING GOODS,-4.0,10246.24,-2561.56,25
11000046,KER-FG,1201005,TRADING GOODS,-16.0,0.0,0.0,33
11000046,KLR-EXS,1201005,TRADING GOODS,33.0,46459.3,1407.857576,8
11000046,KLR-FG,1201005,TRADING GOODS,1.0,1280.78,1280.78,202
11000046,KLR-SR,1201005,TRADING GOODS,-1.0,-1761.8,1761.8,12
11000046,VIJW-FG,1201005,TRADING GOODS,-4.0,0.0,0.0,10
11000046,VIJW-GEN,1201005,TRADING GOODS,8.0,9203.2,1150.4,1
11000047,KLR-EXS,1201005,TRADING GOODS,3461.0,190597.27,55.07,2
11000048,BAN-FG,1201005,TRADING GOODS,-12.0,0.0,0.0,27
11000048,BAN-GEN,1201005,TRADING GOODS,6.0,8173.87,1362.311667,2
11000048,KER-FG,1201005,TRADING GOODS,-4.0,10882.8,-2720.7,32
11000048,KLR-FG,1201005,TRADING GOODS,53.0,76308.33,1439.779811,153
11000048,KLR-SER,1201005,TRADING GOODS,1.0,1897.32,1897.32,3
11000048,KLR-SR,1201005,TRADING GOODS,2.0,3906.0,1953.0,7
11000048,VIJW-GEN,1201005,TRADING GOODS,6.0,8190.23,1365.038333,1
11000049,KLR-EXS,1201005,TRADING GOODS,67.0,13973.0,208.552239,1
11000050,KLR-EXS,1201005,TRADING GOODS,78.0,15287.62,195.995128,1
11000051,BAN-FG,1201005,TRADING GOODS,40.0,11429.2,285.73,3
11000051,KER-FG,1201005,TRADING GOODS,80.0,22858.4,285.73,4
11000051,KLR-EXS,1201005,TRADING GOODS,25.0,7338.02,293.5208,5
11000051,KLR-FG,1201005,TRADING GOODS,136.0,39918.84,293.520882,19
11000051,KLR-SR,1201005,TRADING GOODS,12.0,6558.36,546.53,5
11000051,VIJW-FG,1201005,TRADING GOODS,134.0,40119.17,299.396791,8
11000052,KER-FG,1201005,TRADING GOODS,-30.0,6325.68,-210.856,105
11000052,KLR-EXS,1201005,TRADING GOODS,70.0,25919.42,370.277429,3
11000052,KLR-FG,1201005,TRADING GOODS,-16.0,0.0,0.0,80
11000052,KLR-SER,1201005,TRADING GOODS,1.0,548.87,548.87,2
11000052,VIJW-FG,1201005,TRADING GOODS,48.0,16292.34,339.42375,13
11000052,VIJW-GEN,1201005,TRADING GOODS,6.0,2036.54,339.423333,2
11000053,BAN-FG,1201005,TRADING GOODS,24.0,6516.0,271.5,5
11000053,KLR-EXS,1201005,TRADING GOODS,13.0,8819.1,678.392308,3
11000053,KLR-FG,1201005,TRADING GOODS,3.0,1276.65,425.55,83
11000053,KLR-SER,1201005,TRADING GOODS,7.0,4748.74,678.391429,6
11000053,KLR-SR,1201005,TRADING GOODS,19.0,11658.05,613.581579,7
11000053,VIJW-FG,1201005,TRADING GOODS,6.0,3416.9,569.483333,24
11000053,VIJW-GEN,1201005,TRADING GOODS,25.0,14237.1,569.484,2
11000054,KER-FG,1201005,TRADING GOODS,-52.0,0.0,0.0,81
11000054,KLR-FG,1201005,TRADING GOODS,-7.0,467.85,-66.835714,97
11000054,KLR-SER,1201005,TRADING GOODS,-8.0,0.0,0.0,5
11000054,KLR-SR,1201005,TRADING GOODS,1.0,686.69,686.69,8
11000054,VIJW-FG,1201005,TRADING GOODS,13.0,6019.92,463.070769,18
11000054,VIJW-GEN,1201005,TRADING GOODS,3.0,1389.21,463.07,2
11000056,BAN-FG,1201005,TRADING GOODS,4.0,2052.11,513.0275,16
11000056,KER-FG,1201005,TRADING GOODS,-56.0,0.0,0.0,53
11000056,KLR-EXS,1201005,TRADING GOODS,246.0,123000.0,500.0,9
11000056,KLR-GEN,1201005,TRADING GOODS,4.0,2000.0,500.0,9
11000056,KLR-SER,1201005,TRADING GOODS,1.0,756.04,756.04,1
11000056,KLR-SR,1201005,TRADING GOODS,3.0,2161.62,720.54,4
11000056,VIJW-GEN,1201005,TRADING GOODS,21.0,12909.15,614.721429,1
11000057,KER-FG,1201005,TRADING GOODS,-80.0,0.0,0.0,67
11000057,KLR-EXS,1201005,TRADING GOODS,166.0,87422.5,526.641566,6
11000057,KLR-FG,1201005,TRADING GOODS,-17.0,-591.25,34.779412,154
11000057,KLR-SR,1201005,TRADING GOODS,1.0,855.59,855.59,9
11000058,BAN-FG,1201005,TRADING GOODS,8.0,17235.84,2154.48,21
11000058,KER-FG,1201005,TRADING GOODS,-72.0,0.0,0.0,69
11000058,KLR-FG,1201005,TRADING GOODS,73.0,56247.58,770.514795,203
11000058,KLR-SER,1201005,TRADING GOODS,-8.0,0.0,0.0,4
11000058,KLR-SR,1201005,TRADING GOODS,3.0,2752.41,917.47,11
11000059,BAN-FG,1201005,TRADING GOODS,2.0,1454.34,727.17,20
11000059,KER-FG,1201005,TRADING GOODS,-152.0,0.0,0.0,72
11000059,KLR-EXS,1201005,TRADING GOODS,1.0,727.17,727.17,3
11000059,KLR-FG,1201005,TRADING GOODS,-9.0,-727.17,80.796667,161
11000059,KLR-SER,1201005,TRADING GOODS,-8.0,0.0,0.0,2
11000059,KLR-SR,1201005,TRADING GOODS,1.0,1038.54,1038.54,8
11000060,BAN-FG,1201005,TRADING GOODS,0.0,13291.2,,20
11000060,KER-FG,1201005,TRADING GOODS,-64.0,0.0,0.0,39
11000060,KLR-EXS,1201005,TRADING GOODS,26.0,26930.98,1035.806923,7
11000060,VIJW-GEN,1201005,TRADING GOODS,1.0,830.55,830.55,1
11000061,BAN-FG,1201005,TRADING GOODS,12.0,12980.32,1081.693333,18
11000061,KER-FG,1201005,TRADING GOODS,-48.0,0.0,0.0,55
11000061,KLR-EXS,1201005,TRADING GOODS,9.0,7762.5,862.5,7
11000061,VIJW-GEN,1201005,TRADING GOODS,18.0,17859.6,992.2,1
11000062,BAN-FG,1201005,TRADING GOODS,8.0,10353.12,1294.14,16
11000062,KER-FG,1201005,TRADING GOODS,-8.0,10353.12,-1294.14,39
11000062,KLR-FG,1201005,TRADING GOODS,-372.0,0.0,0.0,95
11000062,VIJW-FG,1201005,TRADING GOODS,7.0,7362.78,1051.825714,36
11000062,VIJW-GEN,1201005,TRADING GOODS,7.0,7362.77,1051.824286,2
11000063,KER-FG,1201005,TRADING GOODS,120.0,44850.0,373.75,6
11000063,KLR-FG,1201005,TRADING GOODS,243.0,102295.45,420.96893,36
11000063,VIJW-FG,1201005,TRADING GOODS,46.0,27468.57,597.142826,9
11000063,VIJW-GEN,1201005,TRADING GOODS,8.0,4777.14,597.1425,2
11000064,KER-FG,1201005,TRADING GOODS,-24.0,0.0,0.0,62
11000064,KLR-FG,1201005,TRADING GOODS,45.0,19486.35,433.03,64
11000064,KLR-GEN,1201005,TRADING GOODS,15.0,6210.0,414.0,6
11000064,KLR-SER,1201005,TRADING GOODS,8.0,5122.8,640.35,2
11000064,KLR-SR,1201005,TRADING GOODS,18.0,10853.55,602.975,5
11000064,VIJW-FG,1201005,TRADING GOODS,2.0,5765.6,2882.8,15
11000064,VIJW-GEN,1201005,TRADING GOODS,28.0,16143.68,576.56,2
11000065,BAN-FG,1201005,TRADING GOODS,8.0,6050.99,756.37375,7
11000065,KER-FG,1201005,TRADING GOODS,-32.0,0.0,0.0,77
11000065,KLR-FG,1201005,TRADING GOODS,252.0,141541.4,561.672222,70
11000065,KLR-SR,1201005,TRADING GOODS,18.0,13802.4,766.8,7
11000065,VIJW-FG,1201005,TRADING GOODS,38.0,23747.96,624.946316,12
11000065,VIJW-GEN,1201005,TRADING GOODS,26.0,16248.61,624.946538,2
11000066,KER-FG,1201005,TRADING GOODS,-8.0,0.0,0.0,17
11000066,KLR-EXS,1201005,TRADING GOODS,96.0,79618.98,829.364375,3
11000066,KLR-FG,1201005,TRADING GOODS,130.0,98101.95,754.630385,34
11000066,KLR-GEN,1201005,TRADING GOODS,17.0,11817.55,695.15,15
11000066,KLR-SR,1201005,TRADING GOODS,10.0,9336.1,933.61,2
11000066,VIJW-FG,1201005,TRADING GOODS,54.0,38541.66,713.734444,8
11000067,KER-FG,1201005,TRADING GOODS,0.0,13620.8,,3
11000067,KLR-EXS,1201005,TRADING GOODS,160.0,53083.58,331.772375,3
11000067,KLR-FG,1201005,TRADING GOODS,-8.0,0.0,0.0,26
11000067,KLR-SER,1201005,TRADING GOODS,-8.0,0.0,0.0,2
11000067,VIJW-GEN,1201005,TRADING GOODS,2.0,1065.87,532.935,1
11000068,KER-FG,1201005,TRADING GOODS,0.0,15402.8,,3
11000068,KLR-EXS,1201005,TRADING GOODS,93.0,37091.19,398.83,1
11000068,KLR-FG,1201005,TRADING GOODS,39.0,18098.22,464.056923,31
11000068,KLR-GEN,1201005,TRADING GOODS,53.0,21137.99,398.83,7
11000068,KLR-SER,1201005,TRADING GOODS,16.0,10028.84,626.8025,3
11000069,KER-FG,1201005,TRADING GOODS,-34.0,0.0,0.0,4
11000069,KLR-FG,1201005,TRADING GOODS,19.0,17459.95,918.944737,32
11000069,KLR-SER,1201005,TRADING GOODS,-8.0,0.0,0.0,2
11000069,KLR-SR,1201005,TRADING GOODS,4.0,2934.08,733.52,4
11000069,VIJW-GEN,1201005,TRADING GOODS,3.0,2204.29,734.763333,1
11000070,KER-FG,1201005,TRADING GOODS,-40.0,0.0,0.0,4
11000070,KLR-EXS,1201005,TRADING GOODS,372.0,187292.63,503.474812,7
11000070,KLR-FG,1201005,TRADING GOODS,-8.0,0.0,0.0,32
11000070,KLR-SER,1201005,TRADING GOODS,-8.0,0.0,0.0,2
11000070,VIJW-GEN,1201005,TRADING GOODS,3.0,2497.5,832.5,1
11000071,BAN-FG,1201005,TRADING GOODS,24.0,10654.56,443.94,5
11000071,KER-FG,1201005,TRADING GOODS,61.0,27080.34,443.94,13
11000071,KLR-EXS,1201005,TRADING GOODS,136.0,39182.01,288.103015,2
11000071,KLR-FG,1201005,TRADING GOODS,78.0,25924.72,332.368205,23
11000071,KLR-SER,1201005,TRADING GOODS,19.0,8467.6,445.663158,5
11000071,KLR-SR,1201005,TRADING GOODS,7.0,3258.22,465.46,2
11000071,VIJW-GEN,1201005,TRADING GOODS,14.0,6052.78,432.341429,1
11000072,BAN-FG,1201005,TRADING GOODS,14.0,6037.34,431.238571,16
11000072,KER-FG,1201005,TRADING GOODS,63.0,33561.36,532.72,15
11000072,KLR-EXS,1201005,TRADING GOODS,37.0,13825.54,373.663243,1
11000072,KLR-FG,1201005,TRADING GOODS,44.0,19430.5,441.602273,35
11000072,KLR-GEN,1201005,TRADING GOODS,20.0,6350.0,317.5,11
11000072,KLR-SR,1201005,TRADING GOODS,7.0,3917.41,559.63,6
11000072,VIJW-GEN,1201005,TRADING GOODS,52.0,22784.79,438.169038,1
11000073,BAN-FG,1201005,TRADING GOODS,16.0,9717.82,607.36375,11
11000073,KER-FG,1201005,TRADING GOODS,53.0,23386.25,441.25,15
11000073,KLR-FG,1201005,TRADING GOODS,172.0,126459.88,735.23186,46
11000073,KLR-SR,1201005,TRADING GOODS,12.0,7942.44,661.87,6
11000073,VIJW-GEN,1201005,TRADING GOODS,76.0,46595.49,613.098553,1
11000074,BAN-FG,1201005,TRADING GOODS,8.0,6225.95,778.24375,8
11000074,KLR-FG,1201005,TRADING GOODS,45.0,45243.88,1005.419556,66
11000074,KLR-SR,1201005,TRADING GOODS,12.0,9847.32,820.61,6
11000074,VIJW-FG,1201005,TRADING GOODS,3.0,1590.53,530.176667,36
11000074,VIJW-GEN,1201005,TRADING GOODS,1.0,530.18,530.18,2
11000075,KER-FG,1201005,TRADING GOODS,-16.0,0.0,0.0,7
11000075,KLR-EXS,1201005,TRADING GOODS,151.0,105371.38,697.823709,3
11000075,KLR-FG,1201005,TRADING GOODS,0.0,6094.28,,64
11000075,KLR-GEN,1201005,TRADING GOODS,23.0,16049.94,697.823478,13
11000075,KLR-SER,1201005,TRADING GOODS,8.0,7350.56,918.82,1
11000075,KLR-SR,1201005,TRADING GOODS,16.0,15047.47,940.466875,6
11000076,BAN-FG,1201005,TRADING GOODS,24.0,18035.76,751.49,10
11000076,KER-FG,1201005,TRADING GOODS,-16.0,0.0,0.0,7
11000076,KLR-EXS,1201005,TRADING GOODS,10.0,8006.66,800.666,5
11000076,KLR-FG,1201005,TRADING GOODS,88.0,76863.95,873.453977,57
11000076,KLR-GEN,1201005,TRADING GOODS,10.0,7650.0,765.0,13
11000076,KLR-SER,1201005,TRADING GOODS,8.0,8243.76,1030.47,1
11000076,KLR-SR,1201005,TRADING GOODS,10.0,10406.06,1040.606,2
11000076,VIJW-GEN,1201005,TRADING GOODS,9.0,8047.4,894.155556,1
11000077,BAN-FG,1201005,TRADING GOODS,12.0,1887.24,157.27,6
11000077,KER-FG,1201005,TRADING GOODS,0.0,3747.36,,24
11000077,KER-SR,1201005,TRADING GOODS,12.0,2344.75,195.395833,3
11000077,KLR-EXS,1201005,TRADING GOODS,159.0,26485.88,166.577862,6
11000077,KLR-FG,1201005,TRADING GOODS,24.0,3745.9,156.079167,186
11000077,VIJW-FG,1201005,TRADING GOODS,-56.0,0.0,0.0,18
11000077,VIJW-GEN,1201005,TRADING GOODS,25.0,3889.98,155.5992,1
11000078,BAN-GEN,1201005,TRADING GOODS,1.0,49.77,49.77,1
11000078,KER-FG,1201005,TRADING GOODS,-50.0,0.0,0.0,28
11000078,KLR-EXS,1201005,TRADING GOODS,684.0,32404.19,47.374547,1
11000078,KLR-GEN,1201005,TRADING GOODS,110.0,5211.2,47.374545,13
11000078,KLR-SER,1201005,TRADING GOODS,28.0,1953.0,69.75,2
11000078,KLR-SR,1201005,TRADING GOODS,157.0,11597.28,73.868025,22
11000078,KLR-WIP,1201005,TRADING GOODS,1800.0,85274.19,47.37455,1
11000078,VIJW-FG,1201005,TRADING GOODS,-100.0,0.0,0.0,10
11000078,VIJW-GEN,1201005,TRADING GOODS,129.0,9445.85,73.223643,1
11000079,BAN-FG,1201005,TRADING GOODS,8.0,1168.72,146.09,7
11000079,KER-FG,1201005,TRADING GOODS,-72.0,0.0,0.0,40
11000079,KER-GEN,1201005,TRADING GOODS,7.0,1044.87,149.267143,1
11000079,KER-SR,1201005,TRADING GOODS,20.0,3549.47,177.4735,3
11000079,KLR-EXS,1201005,TRADING GOODS,123.0,25795.77,209.721707,3
11000079,VIJW-FG,1201005,TRADING GOODS,-24.0,0.0,0.0,22
11000079,VIJW-GEN,1201005,TRADING GOODS,53.0,7151.63,134.936415,1
11000090,KLR-EXS,1201005,TRADING GOODS,110.0,23509.68,213.724364,2
11000166,KLR-EXS,1201005,TRADING GOODS,724.0,724.0,1.0,1
11000167,KLR-GEN,1201005,TRADING GOODS,1000.0,152550.0,152.55,1
11000168,KLR-EXS,1201005,TRADING GOODS,3.0,290.23,96.743333,1
11000168,VIJW-GEN,1201005,TRADING GOODS,14.0,1250.9,89.35,1
11000169,BAN-FG,1201005,TRADING GOODS,-4860.0,42107.99,-8.664195,65
11000169,BAN-GEN,1201005,TRADING GOODS,948.0,35069.84,36.993502,1
11000169,KER-GEN,1201005,TRADING GOODS,680.0,25534.0,37.55,1
11000169,KLR-FG,1201005,TRADING GOODS,1726.0,115261.96,66.779815,216
11000169,KLR-SER,1201005,TRADING GOODS,279.0,13143.69,47.11,25
11000169,KLR-SR,1201005,TRADING GOODS,220.0,10537.08,47.895818,29
11000169,VIJW-GEN,1201005,TRADING GOODS,1603.0,59107.46,36.873026,2
11000171,KLR-FG,1201005,TRADING GOODS,513.0,41553.0,81.0,1
11000171,KLR-GEN,1201005,TRADING GOODS,399.0,29845.2,74.8,1
11000171,KLR-SR,1201005,TRADING GOODS,868.0,68454.89,78.865081,10
11000172,KLR-FG,1201005,TRADING GOODS,213.0,33867.0,159.0,1
11000172,KLR-GEN,1201005,TRADING GOODS,170.0,27121.8,159.54,1
11000172,KLR-SR,1201005,TRADING GOODS,777.0,113715.73,146.352291,9
11000173,KLR-EXS,1201005,TRADING GOODS,8.0,2315.2,289.4,1
11000174,KLR-FG,1201005,TRADING GOODS,564.0,85728.0,152.0,3
11000174,KLR-GEN,1201005,TRADING GOODS,65.0,12309.85,189.382308,4
11000174,KLR-SER,1201005,TRADING GOODS,2.0,287.5,143.75,1
11000174,KLR-SR,1201005,TRADING GOODS,37.0,5805.84,156.914595,5
11000175,KLR-EXS,1201005,TRADING GOODS,16.0,5361.12,335.07,2
11000175,VIJW-FG,1201005,TRADING GOODS,8.0,3766.72,470.84,3
11000176,KLR-EXS,1201005,TRADING GOODS,138.0,8243.48,59.735362,3
11000177,KLR-EXS,1201005,TRADING GOODS,533.0,30006.9,56.298124,4
11000178,KLR-EXS,1201005,TRADING GOODS,30.0,1756.08,58.536,2
11000179,KLR-FG,1201005,TRADING GOODS,12.0,578.52,48.21,1
11000179,KLR-GEN,1201005,TRADING GOODS,9.0,491.94,54.66,1
11000179,KLR-SR,1201005,TRADING GOODS,102.0,4508.06,44.196667,4
11000180,KLR-EXS,1201005,TRADING GOODS,103.0,4952.12,48.078835,2
11000181,KLR-EXS,1201005,TRADING GOODS,24.0,1694.64,70.61,2
11000182,KLR-EXS,1201005,TRADING GOODS,113.0,17487.61,154.757611,2
11000183,KLR-FG,1201005,TRADING GOODS,360.0,63457.2,176.27,1
11000183,KLR-GEN,1201005,TRADING GOODS,139.0,21684.0,156.0,2
11000183,KLR-SR,1201005,TRADING GOODS,330.0,44619.42,135.210364,5
11000184,KLR-EXS,1201005,TRADING GOODS,86.0,80162.32,932.12,1
11000185,KLR-EXS,1201005,TRADING GOODS,28.0,31630.48,1129.66,1
11000185,KLR-GEN,1201005,TRADING GOODS,24.0,27111.84,1129.66,7
11000186,KLR-EXS,1201005,TRADING GOODS,167.0,46726.6,279.8,1
11000187,KLR-FG,1201005,TRADING GOODS,411.0,78874.09,191.907762,5
11000187,KLR-SR,1201005,TRADING GOODS,9.0,1715.25,190.583333,2
11000188,KLR-EXS,1201005,TRADING GOODS,5.0,10381.35,2076.27,1
11000189,KLR-EXS,1201005,TRADING GOODS,24.0,1448.16,60.34,1
11000189,KLR-GEN,1201005,TRADING GOODS,174.0,10499.16,60.34,3
11000189,KLR-SR,1201005,TRADING GOODS,317.0,28157.72,88.825615,7
11000190,KLR-EXS,1201005,TRADING GOODS,174.0,21459.06,123.327931,3
11000191,KLR-EXS,1201005,TRADING GOODS,39.0,2701.14,69.26,1
11000192,KLR-EXS,1201005,TRADING GOODS,175.0,13332.06,76.1832,2
11000193,KLR-EXS,1201005,TRADING GOODS,149.0,14458.96,97.04,2
11000194,KLR-GEN,1201005,TRADING GOODS,4.0,200.0,50.0,1
11000195,KLR-GEN,1201005,TRADING GOODS,4.0,200.0,50.0,1
11000196,KLR-EXS,1201005,TRADING GOODS,3.0,179.76,59.92,1
11000197,KLR-FG,1201005,TRADING GOODS,55.0,4954.4,90.08,1
11000197,KLR-GEN,1201005,TRADING GOODS,6.0,540.48,90.08,1
11000198,KLR-FG,1201005,TRADING GOODS,517.0,57904.0,112.0,3
11000198,KLR-SER,1201005,TRADING GOODS,127.0,14130.12,111.260787,3
11000198,KLR-SR,1201005,TRADING GOODS,411.0,54110.2,131.654988,12
11000199,KLR-FG,1201005,TRADING GOODS,125.0,9125.0,73.0,1
11000199,KLR-GEN,1201005,TRADING GOODS,22.0,1730.3,78.65,2
11000199,KLR-SER,1201005,TRADING GOODS,55.0,4015.0,73.0,1
11000199,KLR-SR,1201005,TRADING GOODS,21.0,1520.73,72.415714,7
11000199,VIJW-GEN,1201005,TRADING GOODS,2.0,152.0,76.0,1
11000200,KLR-EXS,1201005,TRADING GOODS,133.0,23541.0,177.0,1
11000200,KLR-GEN,1201005,TRADING GOODS,19.0,3363.0,177.0,2
11000200,KLR-SR,1201005,TRADING GOODS,20.0,1491.76,74.588,6
11000201,KLR-FG,1201005,TRADING GOODS,205.0,8815.0,43.0,1
11000201,KLR-GEN,1201005,TRADING GOODS,69.0,2967.0,43.0,1
11000202,KLR-EXS,1201005,TRADING GOODS,1274.0,70070.0,55.0,1
11000203,KLR-SR,1201005,TRADING GOODS,35.0,38220.0,1092.0,1
11000203,KLR-WIP,1201005,TRADING GOODS,819.0,327600.0,400.0,1
11000204,KLR-WIP,1201005,TRADING GOODS,3079.0,1308575.0,425.0,1
11000205,KLR-EXS,1201005,TRADING GOODS,1694.0,93170.0,55.0,1
11000206,KLR-EXS,1201005,TRADING GOODS,1049.0,36715.0,35.0,1
11000207,KLR-EXS,1201005,TRADING GOODS,1191.0,65505.0,55.0,1
11000208,KLR-EXS,1201005,TRADING GOODS,1087.0,59785.0,55.0,1
11000209,KER-FG,1201005,TRADING GOODS,2.0,1286.08,643.04,13
11000209,KLR-EXS,1201005,TRADING GOODS,120.0,57396.48,478.304,3
11000211,KLR-EXS,1201005,TRADING GOODS,6.0,4049.07,674.845,1
11000213,KLR-FG,1201005,TRADING GOODS,23.0,3504.74,152.38,1
11000213,KLR-SR,1201005,TRADING GOODS,80.0,12190.4,152.38,1
11000214,KLR-EXS,1201005,TRADING GOODS,17.0,4130.47,242.968824,1
11000214,KLR-SR,1201005,TRADING GOODS,15.0,3644.53,242.968667,3
11000215,KLR-EXS,1201005,TRADING GOODS,417.0,54123.56,129.79271,2
11000215,KLR-FG,1201005,TRADING GOODS,71.0,6740.74,94.94,2
11000216,KER-GEN,1201005,TRADING GOODS,70.0,4769.1,68.13,1
11000219,KLR-EXS,1201005,TRADING GOODS,83.185,12061.96,145.001623,1
11000223,KLR-EXS,1201005,TRADING GOODS,4.0,7364.0,1841.0,1
11000224,KLR-EXS,1201005,TRADING GOODS,4.0,8588.0,2147.0,1
11000225,KLR-EXS,1201005,TRADING GOODS,4.0,9924.0,2481.0,1
11000226,KLR-EXS,1201005,TRADING GOODS,4.0,7364.0,1841.0,1
11000227,KLR-EXS,1201005,TRADING GOODS,4.0,8588.0,2147.0,1
11000229,KLR-EXS,1201005,TRADING GOODS,8.0,17800.0,2225.0,1
11000230,KLR-EXS,1201005,TRADING GOODS,10.0,22250.0,2225.0,1
11000232,KLR-EXS,1201005,TRADING GOODS,5.0,7930.0,1586.0,1
11000233,KLR-EXS,1201005,TRADING GOODS,5.0,9590.0,1918.0,1
11000234,KLR-EXS,1201005,TRADING GOODS,5.0,11125.0,2225.0,1
11000235,KLR-FG,1201005,TRADING GOODS,10.0,2580.0,258.0,7
11000235,KLR-SR,1201005,TRADING GOODS,11.0,2815.23,255.93,1
11000237,KLR-FG,1201005,TRADING GOODS,1.0,304.0,304.0,7
11000238,KLR-FG,1201005,TRADING GOODS,4.0,1296.0,324.0,7
11000239,KLR-FG,1201005,TRADING GOODS,20.0,6480.0,324.0,7
11000240,KLR-FG,1201005,TRADING GOODS,9.0,2916.0,324.0,7
11000241,KLR-FG,1201005,TRADING GOODS,2.0,638.0,319.0,7
11000242,KLR-FG,1201005,TRADING GOODS,3.0,957.0,319.0,7
11000246,KLR-FG,1201005,TRADING GOODS,18.0,17424.0,968.0,7
11000246,KLR-SR,1201005,TRADING GOODS,7.0,8103.41,1157.63,1
11000247,KLR-FG,1201005,TRADING GOODS,12.0,14160.0,1180.0,7
11000247,KLR-SR,1201005,TRADING GOODS,10.0,14127.1,1412.71,1
11000248,KLR-EXS,1201005,TRADING GOODS,7.0,8103.41,1157.63,1
11000249,KLR-EXS,1201005,TRADING GOODS,10.0,14127.1,1412.71,1
11000250,KLR-FG,1201005,TRADING GOODS,16.0,12096.0,756.0,3
11000251,KLR-FG,1201005,TRADING GOODS,12.0,3828.0,319.0,3
11000308,KLR-REJ,1201005,TRADING GOODS,144.0,45360.0,315.0,1
15000001,KLR-EXS,1201006,PACKING MATERIAL,515.5,48920.95,94.9,5
15000001,KLR-GEN,1201006,PACKING MATERIAL,209.5,19881.55,94.9,67
15000001,KLR-WIP,1201006,PACKING MATERIAL,0.5,47.45,94.9,42
15000002,KLR-GEN,1201006,PACKING MATERIAL,113.49485,14183.04,124.966375,66
15000002,KLR-SUB,1201006,PACKING MATERIAL,6.0,714.0,119.0,2
15000002,KLR-WIP,1201006,PACKING MATERIAL,0.20515,25.62,124.884231,55
15000003,KLR-GEN,1201006,PACKING MATERIAL,513.0,40680.9,79.3,97
15000005,KLR-EXS,1201006,PACKING MATERIAL,61.46,2546.79,41.438171,6
15000005,KLR-GEN,1201006,PACKING MATERIAL,200.12,8292.59,41.438087,93
15000005,KLR-WIP,1201006,PACKING MATERIAL,6.88,285.08,41.436047,89
15000007,SAL-GEN,1201006,PACKING MATERIAL,1573.0,78650.0,50.0,3
15000008,SAL-GEN,1201006,PACKING MATERIAL,80.0,5040.0,63.0,2
15000009,SAL-GEN,1201006,PACKING MATERIAL,1000.0,60000.0,60.0,1
15000010,KLR-GEN,1201006,PACKING MATERIAL,172.0,10461.8,60.824419,7
15000011,KLR-GEN,1201006,PACKING MATERIAL,-331.0,0.0,0.0,14
15000019,KLR-EXS,1201006,PACKING MATERIAL,36.5936,4574.19,124.999727,3
15000019,KLR-GEN,1201006,PACKING MATERIAL,33.832,4228.99,124.999704,167
15000019,KLR-SUB,1201006,PACKING MATERIAL,6.63,818.06,123.387632,28
15000019,KLR-WIP,1201006,PACKING MATERIAL,0.438,54.74,124.977169,101
15000020,KLR-EXS,1201006,PACKING MATERIAL,120.43825,8478.84,70.399894,7
15000020,KLR-GEN,1201006,PACKING MATERIAL,60.0,4224.0,70.4,82
15000025,KLR-GEN,1201006,PACKING MATERIAL,1300.0,63900.0,49.153846,3
15000029,KLR-EXS,1201006,PACKING MATERIAL,0.0852,6.55,76.877934,3
15000029,KLR-GEN,1201006,PACKING MATERIAL,101.914,7833.04,76.859313,22
15000029,KLR-WIP,1201006,PACKING MATERIAL,0.086,7.2,83.72093,15
15000030,KLR-GEN,1201006,PACKING MATERIAL,858.0,16175.12,18.852121,20
15000031,KLR-EXS,1201006,PACKING MATERIAL,25.0,275.0,11.0,1
15000031,KLR-GEN,1201006,PACKING MATERIAL,542.0,5962.0,11.0,32
15000032,KLR-EXS,1201006,PACKING MATERIAL,210.0,2289.0,10.9,3
15000032,KLR-GEN,1201006,PACKING MATERIAL,3980.0,43382.0,10.9,10
15000032,KLR-WIP,1201006,PACKING MATERIAL,210.0,2289.0,10.9,1
15000033,KLR-EXS,1201006,PACKING MATERIAL,71.985,3239.32,44.999931,7
15000035,KLR-EXS,1201006,PACKING MATERIAL,35027.3833,22033.08,0.629024,10
15000035,KLR-GEN,1201006,PACKING MATERIAL,36161.1185,22746.22,0.629024,432
15000035,KLR-WIP,1201006,PACKING MATERIAL,1588.8815,999.43,0.629015,475
15000037,KLR-CON,1201006,PACKING MATERIAL,7712.0,1542.4,0.2,5
15000037,KLR-EXS,1201006,PACKING MATERIAL,25653.0,5130.6,0.2,5
15000037,KLR-GEN,1201006,PACKING MATERIAL,10430.0,2086.0,0.2,118
15000037,KLR-SUB,1201006,PACKING MATERIAL,2160.0,432.0,0.2,1
15000037,KLR-WIP,1201006,PACKING MATERIAL,98.0,19.6,0.2,63
15000038,KLR-GEN,1201006,PACKING MATERIAL,7824.0,3912.0,0.5,223
15000039,KLR-EXS,1201006,PACKING MATERIAL,44152.0,11522.63,0.260976,10
15000039,KLR-GEN,1201006,PACKING MATERIAL,50696.0,13230.46,0.260976,938
15000039,KLR-SUB,1201006,PACKING MATERIAL,5091.0,1467.78,0.288309,72
15000039,KLR-WIP,1201006,PACKING MATERIAL,4757.0,1241.45,0.260973,1330
15000040,KLR-EXS,1201006,PACKING MATERIAL,362.0,506.8,1.4,1
15000040,KLR-GEN,1201006,PACKING MATERIAL,2720.0,3808.0,1.4,54
15000040,KLR-WIP,1201006,PACKING MATERIAL,128.0,179.2,1.4,67
15000041,KLR-EXS,1201006,PACKING MATERIAL,583.0,1107.7,1.9,3
15000041,KLR-GEN,1201006,PACKING MATERIAL,1892.0,3594.8,1.9,52
15000041,KLR-WIP,1201006,PACKING MATERIAL,128.0,243.2,1.9,67
15000042,KLR-GEN,1201006,PACKING MATERIAL,1041.0,38964.63,37.43,21
15000042,KLR-WIP,1201006,PACKING MATERIAL,44.0,1646.92,37.43,25
15000043,KLR-EXS,1201006,PACKING MATERIAL,1350.0,6162.8,4.565037,4
15000043,KLR-GEN,1201006,PACKING MATERIAL,500.0,2282.52,4.56504,24
15000044,KLR-EXS,1201006,PACKING MATERIAL,180.8228,22263.26,123.121974,7
15000044,KLR-GEN,1201006,PACKING MATERIAL,56.267,6927.71,123.122079,310
15000044,KLR-SUB,1201006,PACKING MATERIAL,174.88,21368.71,122.190702,54
15000044,KLR-WIP,1201006,PACKING MATERIAL,0.553,67.74,122.495479,74
15000044,SAL-GEN,1201006,PACKING MATERIAL,2.0,243.91,121.955,5
15000045,KLR-EXS,1201006,PACKING MATERIAL,15.04366,2287.2,152.03747,5
15000045,KLR-GEN,1201006,PACKING MATERIAL,61.5383,9356.15,152.037837,138
15000045,KLR-SUB,1201006,PACKING MATERIAL,9.9843,1307.12,130.917541,54
15000045,KLR-WIP,1201006,PACKING MATERIAL,24.2774,3419.98,140.870933,87
15000046,KLR-EXS,1201006,PACKING MATERIAL,10.0,48.1,4.81,3
15000046,KLR-GEN,1201006,PACKING MATERIAL,1050.0,5050.5,4.81,14
15000047,KLR-EXS,1201006,PACKING MATERIAL,57.0,244.15,4.283333,1
15000047,KLR-GEN,1201006,PACKING MATERIAL,5600.0,23986.71,4.283341,14
15000048,KLR-GEN,1201006,PACKING MATERIAL,1040.0,49920.0,48.0,5
15000049,KLR-GEN,1201006,PACKING MATERIAL,76.0,4560.0,60.0,1
15000050,KLR-GEN,1201006,PACKING MATERIAL,141.0,7755.0,55.0,2
15000052,KLR-EXS,1201006,PACKING MATERIAL,81.099,1005.63,12.40003,4
15000052,KLR-GEN,1201006,PACKING MATERIAL,516.896,6409.51,12.399999,22
15000052,KLR-WIP,1201006,PACKING MATERIAL,108.104,1340.49,12.400004,16
15000053,KLR-EXS,1201006,PACKING MATERIAL,24.7532,1517.37,61.299953,4
15000053,KLR-GEN,1201006,PACKING MATERIAL,69.2448,4244.71,61.300054,23
15000053,KLR-WIP,1201006,PACKING MATERIAL,15.7552,965.79,61.299761,18
15000054,KLR-EXS,1201006,PACKING MATERIAL,151.034,1646.27,10.899996,4
15000054,KLR-GEN,1201006,PACKING MATERIAL,110.0,1199.0,10.9,18
15000055,KLR-GEN,1201006,PACKING MATERIAL,382.96,20392.62,53.25,18
15000055,KLR-WIP,1201006,PACKING MATERIAL,27.04,1439.88,53.25,9
15000057,KLR-EXS,1201006,PACKING MATERIAL,18.651,1342.87,71.999893,3
15000057,KLR-GEN,1201006,PACKING MATERIAL,152.0,10944.01,72.000066,40
15000058,KLR-EXS,1201006,PACKING MATERIAL,79.0,813.46,10.296962,3
15000058,KLR-GEN,1201006,PACKING MATERIAL,525.0,5405.87,10.296895,19
15000059,KLR-EXS,1201006,PACKING MATERIAL,7.739,588.16,75.999483,3
15000059,KLR-GEN,1201006,PACKING MATERIAL,275.26,20919.77,76.000036,47
15000059,KLR-WIP,1201006,PACKING MATERIAL,12.74,968.24,76.0,31
15000060,KLR-GEN,1201006,PACKING MATERIAL,50.0,4100.0,82.0,6
15000062,KLR-GEN,1201006,PACKING MATERIAL,140.0,15963.89,114.027786,12
15000064,KLR-GEN,1201006,PACKING MATERIAL,680.0,20400.0,30.0,23
15000067,KLR-EXS,1201006,PACKING MATERIAL,127.0,10541.0,83.0,3
15000067,KLR-GEN,1201006,PACKING MATERIAL,144.5,11993.5,83.0,24
15000067,KLR-WIP,1201006,PACKING MATERIAL,5.5,456.5,83.0,20
15000068,KLR-EXS,1201006,PACKING MATERIAL,30.0,2490.0,83.0,8
15000069,KLR-EXS,1201006,PACKING MATERIAL,22.245,1623.88,72.999775,3
15000069,KLR-GEN,1201006,PACKING MATERIAL,36.75,2682.75,73.0,38
15000069,KLR-WIP,1201006,PACKING MATERIAL,8.25,602.25,73.0,23
15000070,KLR-EXS,1201006,PACKING MATERIAL,44.25,2655.0,60.0,4
15000070,KLR-GEN,1201006,PACKING MATERIAL,71.75,4304.99,59.999861,39
15000070,KLR-WIP,1201006,PACKING MATERIAL,33.25,1994.99,59.999699,38
15000070,SAL-GEN,1201006,PACKING MATERIAL,55.0,2915.0,53.0,2
15000071,KLR-EXS,1201006,PACKING MATERIAL,41.0,3474.76,84.750244,5
15000071,KLR-GEN,1201006,PACKING MATERIAL,65.0,5508.76,84.750154,25
15000073,KLR-EXS,1201006,PACKING MATERIAL,4.125,345.47,83.750303,3
15000073,KLR-GEN,1201006,PACKING MATERIAL,54.875,4595.79,83.750159,22
15000073,KLR-WIP,1201006,PACKING MATERIAL,5.125,429.22,83.750244,16
15000074,KLR-GEN,1201006,PACKING MATERIAL,33.8224,1850.01,54.697774,60
15000074,KLR-WIP,1201006,PACKING MATERIAL,1.1776,64.45,54.729959,32
15000074,SAL-GEN,1201006,PACKING MATERIAL,40.0,2026.39,50.65975,3
15000075,KLR-EXS,1201006,PACKING MATERIAL,66.0,351.78,5.33,1
15000075,KLR-GEN,1201006,PACKING MATERIAL,3348.0,17844.84,5.33,16
15000075,KLR-WIP,1201006,PACKING MATERIAL,66.0,351.78,5.33,8
15000076,KLR-EXS,1201006,PACKING MATERIAL,20.9987,1513.72,72.086367,1
15000076,KLR-GEN,1201006,PACKING MATERIAL,200.0,14417.26,72.0863,19
15000077,KLR-EXS,1201006,PACKING MATERIAL,30.0,2520.0,84.0,3
15000077,KLR-GEN,1201006,PACKING MATERIAL,45.0,3780.0,84.0,26
15000077,KLR-WIP,1201006,PACKING MATERIAL,30.0,2520.0,84.0,22
15000078,KLR-EXS,1201006,PACKING MATERIAL,5.75,488.75,85.0,4
15000078,KLR-GEN,1201006,PACKING MATERIAL,78.25,6651.25,85.0,22
15000078,KLR-WIP,1201006,PACKING MATERIAL,11.75,998.75,85.0,23
15000079,KLR-EXS,1201006,PACKING MATERIAL,3.995,299.62,74.998748,5
15000083,KLR-EXS,1201006,PACKING MATERIAL,46.3408,4170.67,89.999957,10
15000083,KLR-GEN,1201006,PACKING MATERIAL,137.662,12389.58,90.0,71
15000083,KLR-WIP,1201006,PACKING MATERIAL,43.338,3900.42,90.0,41
15000085,KLR-EXS,1201006,PACKING MATERIAL,2.0,168.7,84.35,3
15000088,KLR-GEN,1201006,PACKING MATERIAL,201.8944,24579.35,121.743595,39
15000088,KLR-SUB,1201006,PACKING MATERIAL,18.253,2210.44,121.100093,3
15000088,KLR-WIP,1201006,PACKING MATERIAL,0.0026,0.31,119.230769,15
15000089,KLR-CON,1201006,PACKING MATERIAL,2.8,302.4,108.0,5
15000089,KLR-GEN,1201006,PACKING MATERIAL,158.2,17085.6,108.0,69
15000090,KLR-EXS,1201006,PACKING MATERIAL,110.0,10309.2,93.72,4
15000093,KLR-EXS,1201006,PACKING MATERIAL,2.0,116.0,58.0,3
15000093,KLR-GEN,1201006,PACKING MATERIAL,590.0,34220.0,58.0,35
15000094,KLR-EXS,1201006,PACKING MATERIAL,387.1418,16742.36,43.246066,5
15000094,KLR-GEN,1201006,PACKING MATERIAL,190.75,8249.19,43.246081,127
15000094,KLR-WIP,1201006,PACKING MATERIAL,104.25,4508.4,43.246043,87
15000095,KLR-CON,1201006,PACKING MATERIAL,107.01,5992.56,56.0,3
15000095,KLR-EXS,1201006,PACKING MATERIAL,260.021,14446.63,55.559474,11
15000095,KLR-GEN,1201006,PACKING MATERIAL,376.707,20929.65,55.559493,144
15000095,KLR-WIP,1201006,PACKING MATERIAL,104.283,5793.88,55.559199,78
15000095,SAL-GEN,1201006,PACKING MATERIAL,2.0,104.0,52.0,2
15000096,KLR-GEN,1201006,PACKING MATERIAL,57368.0,8310.11,0.144856,896
15000096,KLR-SUB,1201006,PACKING MATERIAL,632.0,92.35,0.146123,65
15000096,KLR-WIP,1201006,PACKING MATERIAL,-131.0,0.0,0.0,472
15000097,KLR-GEN,1201006,PACKING MATERIAL,190.0,11742.01,61.800053,76
15000098,KLR-EXS,1201006,PACKING MATERIAL,4.003,355.87,88.900824,1
15000098,KLR-GEN,1201006,PACKING MATERIAL,220.0,19558.0,88.9,9
15000099,KLR-EXS,1201006,PACKING MATERIAL,171.595,5491.07,32.000175,65
15000099,KLR-GEN,1201006,PACKING MATERIAL,85.88,2748.17,32.000116,261
15000099,KLR-WIP,1201006,PACKING MATERIAL,54.12,1731.85,32.000185,410
15000100,KLR-EXS,1201006,PACKING MATERIAL,0.288,8.9,30.902778,54
15000101,KLR-GEN,1201006,PACKING MATERIAL,1242.0,2359.8,1.9,86
15000102,KLR-EXS,1201006,PACKING MATERIAL,672.47,13885.34,20.648267,4
15000102,KLR-GEN,1201006,PACKING MATERIAL,1124.17,23212.17,20.648274,166
15000102,KLR-WIP,1201006,PACKING MATERIAL,30.83,612.15,19.85566,180
15000103,KLR-EXS,1201006,PACKING MATERIAL,3.74538,338.57,90.396702,4
15000104,KLR-EXS,1201006,PACKING MATERIAL,14594.46,19135.14,1.311124,67
15000104,KLR-GEN,1201006,PACKING MATERIAL,50509.54,66224.25,1.311124,696
15000104,KLR-WIP,1201006,PACKING MATERIAL,15890.46,20834.35,1.311123,1042
15000105,KLR-EXS,1201006,PACKING MATERIAL,483.82,14005.12,28.946964,17
15000105,KLR-GEN,1201006,PACKING MATERIAL,567.98,16441.3,28.94697,353
15000105,KLR-WIP,1201006,PACKING MATERIAL,336.02,9678.34,28.802869,183
15000106,KLR-EXS,1201006,PACKING MATERIAL,116.048,4583.89,39.499948,5
15000107,KLR-EXS,1201006,PACKING MATERIAL,102.706,3789.47,36.896286,1
15000107,KLR-GEN,1201006,PACKING MATERIAL,-5.54,0.0,0.0,4
15000108,KLR-EXS,1201006,PACKING MATERIAL,66.8404,6416.68,96.000024,8
15000108,KLR-GEN,1201006,PACKING MATERIAL,979.888,94069.25,96.000002,303
15000108,KLR-WIP,1201006,PACKING MATERIAL,0.112,10.75,95.982143,300
15000109,KLR-EXS,1201006,PACKING MATERIAL,39.98,1739.13,43.5,4
15000109,KLR-GEN,1201006,PACKING MATERIAL,52.0,2262.0,43.5,10
15000110,KLR-EXS,1201006,PACKING MATERIAL,784.0,22750.65,29.018686,1
15000110,KLR-GEN,1201006,PACKING MATERIAL,6756.0,196050.2,29.01868,133
15000110,KLR-WIP,1201006,PACKING MATERIAL,128.0,3782.98,29.554531,69
15000111,KLR-EXS,1201006,PACKING MATERIAL,1.3464,111.76,83.006536,6
15000111,KLR-GEN,1201006,PACKING MATERIAL,253.9972,21083.42,83.006506,77
15000111,KLR-WIP,1201006,PACKING MATERIAL,9.0028,747.34,83.011952,64
15000112,KLR-EXS,1201006,PACKING MATERIAL,53.5426,4479.57,83.663662,14
15000112,KLR-GEN,1201006,PACKING MATERIAL,20.0,1673.28,83.664,61
15000113,KLR-EXS,1201006,PACKING MATERIAL,34.281,1900.53,55.439748,4
15000113,KLR-GEN,1201006,PACKING MATERIAL,168.5,9341.61,55.439822,101
15000113,KLR-WIP,1201006,PACKING MATERIAL,261.5,14497.52,55.439847,61
15000115,KLR-EXS,1201006,PACKING MATERIAL,153.375,10735.28,69.993676,4
15000115,KLR-GEN,1201006,PACKING MATERIAL,183.9375,12874.47,69.993721,102
15000115,KLR-WIP,1201006,PACKING MATERIAL,11.0625,774.25,69.988701,108
15000115,SAL-GEN,1201006,PACKING MATERIAL,35.0,2502.5,71.5,2
15000119,KLR-EXS,1201006,PACKING MATERIAL,4.84956,339.47,70.000165,4
15000119,KLR-GEN,1201006,PACKING MATERIAL,87.94364,6156.05,69.999945,84
15000119,KLR-WIP,1201006,PACKING MATERIAL,2.05636,143.95,70.002334,52
15000120,KLR-EXS,1201006,PACKING MATERIAL,10.83425,1126.76,103.999815,3
15000120,KLR-GEN,1201006,PACKING MATERIAL,37.7495,3925.95,104.000053,7
15000120,KLR-WIP,1201006,PACKING MATERIAL,6.2505,650.05,103.99968,1
15000123,KLR-EXS,1201006,PACKING MATERIAL,820.0,847.31,1.033305,13
15000123,KLR-GEN,1201006,PACKING MATERIAL,45474.0,46988.53,1.033305,15
15000123,KLR-WIP,1201006,PACKING MATERIAL,820.0,847.3,1.033293,16
15000124,KLR-EXS,1201006,PACKING MATERIAL,15.25,1441.12,94.499672,5
15000124,KLR-GEN,1201006,PACKING MATERIAL,40.0,3780.0,94.5,24
15000125,KLR-EXS,1201006,PACKING MATERIAL,8.75,1208.81,138.149714,6
15000126,KLR-GEN,1201006,PACKING MATERIAL,45.0,3456.0,76.8,33
15000127,KLR-EXS,1201006,PACKING MATERIAL,1.75,202.12,115.497143,6
15000127,KLR-GEN,1201006,PACKING MATERIAL,55.0,6352.5,115.5,25
15000128,KLR-EXS,1201006,PACKING MATERIAL,15.75,1401.75,89.0,4
15000128,KLR-GEN,1201006,PACKING MATERIAL,120.0,10680.0,89.0,62
15000128,KLR-WIP,1201006,PACKING MATERIAL,2.0,178.0,89.0,35
15000129,KLR-EXS,1201006,PACKING MATERIAL,15.75,1382.5,87.777778,3
15000129,KLR-GEN,1201006,PACKING MATERIAL,15.0,1316.66,87.777333,30
15000130,KLR-EXS,1201006,PACKING MATERIAL,6.875,691.14,100.529455,8
15000130,KLR-GEN,1201006,PACKING MATERIAL,42.0,4222.21,100.52881,40
15000130,KLR-WIP,1201006,PACKING MATERIAL,2.0,201.06,100.53,28
15000131,KLR-EXS,1201006,PACKING MATERIAL,524.0,56225.2,107.3,1
15000131,KLR-GEN,1201006,PACKING MATERIAL,137.0,14700.1,107.3,21
15000131,KLR-WIP,1201006,PACKING MATERIAL,23.0,2467.9,107.3,27
15000132,KLR-GEN,1201006,PACKING MATERIAL,180.625,14804.16,81.960747,23
15000132,KLR-WIP,1201006,PACKING MATERIAL,19.375,1769.14,91.310452,13
15000133,KLR-EXS,1201006,PACKING MATERIAL,90.20431,2159.24,23.937215,8
15000133,KLR-GEN,1201006,PACKING MATERIAL,299.2,7162.02,23.937233,175
15000133,KLR-WIP,1201006,PACKING MATERIAL,0.8,19.15,23.9375,84
15000134,KLR-EXS,1201006,PACKING MATERIAL,77.9011,1973.35,25.331478,12
15000134,KLR-GEN,1201006,PACKING MATERIAL,206.0,5218.28,25.331456,192
15000134,SAL-GEN,1201006,PACKING MATERIAL,29.0,696.0,24.0,3
15000135,KLR-EXS,1201006,PACKING MATERIAL,59.0,3943.11,66.832373,5
15000136,KLR-EXS,1201006,PACKING MATERIAL,8.75,800.84,91.524571,7
15000136,KLR-GEN,1201006,PACKING MATERIAL,77.75,7116.03,91.524502,16
15000136,KLR-WIP,1201006,PACKING MATERIAL,2.25,208.83,92.813333,13
15000137,KLR-GEN,1201006,PACKING MATERIAL,1740.0,140940.0,81.0,3
15000138,KLR-EXS,1201006,PACKING MATERIAL,9.0,551.43,61.27,3
15000138,KLR-GEN,1201006,PACKING MATERIAL,10.0,612.69,61.269,14
15000139,KLR-EXS,1201006,PACKING MATERIAL,8.003,740.12,92.48032,4
15000139,KLR-GEN,1201006,PACKING MATERIAL,47.0,4346.57,92.480213,20
15000140,KLR-GEN,1201006,PACKING MATERIAL,106.0,10038.99,94.707453,39
15000140,KLR-WIP,1201006,PACKING MATERIAL,39.0,3713.44,95.21641,28
15000141,KLR-EXS,1201006,PACKING MATERIAL,5810.0,639.1,0.11,1
15000141,KLR-GEN,1201006,PACKING MATERIAL,1190.0,130.9,0.11,17
15000142,KLR-EXS,1201006,PACKING MATERIAL,1.0,0.07,0.07,14
15000143,KLR-GEN,1201006,PACKING MATERIAL,6372.0,446.04,0.07,62
15000143,KLR-WIP,1201006,PACKING MATERIAL,28.0,1.96,0.07,23
15000144,KLR-GEN,1201006,PACKING MATERIAL,29700.0,2079.0,0.07,33
15000145,KLR-GEN,1201006,PACKING MATERIAL,5200.0,364.0,0.07,10
15000146,KLR-GEN,1201006,PACKING MATERIAL,48900.0,3423.0,0.07,56
15000147,KLR-EXS,1201006,PACKING MATERIAL,90432.0,6330.24,0.07,3
15000147,KLR-GEN,1201006,PACKING MATERIAL,4200.0,294.0,0.07,50
15000148,KLR-GEN,1201006,PACKING MATERIAL,46.1101,7552.86,163.800556,66
15000148,KLR-SUB,1201006,PACKING MATERIAL,9.5583,1194.78,124.999215,51
15000148,KLR-WIP,1201006,PACKING MATERIAL,3.0316,385.27,127.084708,18
15000148,SAL-GEN,1201006,PACKING MATERIAL,35.0,4375.0,125.0,2
15000149,KLR-EXS,1201006,PACKING MATERIAL,0.46265,57.83,124.997298,15
15000149,KLR-GEN,1201006,PACKING MATERIAL,2.721,340.13,125.001838,24
15000149,KLR-SUB,1201006,PACKING MATERIAL,1.029,128.62,124.995141,20
15000149,KLR-WIP,1201006,PACKING MATERIAL,1.25,156.25,125.0,15
15000151,KLR-GEN,1201006,PACKING MATERIAL,90.35,10932.35,121.0,3
15000153,KLR-GEN,1201006,PACKING MATERIAL,13.0,1618.24,124.48,4
15000154,KLR-EXS,1201006,PACKING MATERIAL,38.66944,4949.5,127.99513,6
15000154,KLR-GEN,1201006,PACKING MATERIAL,24.60329,3149.1,127.995077,129
15000154,KLR-SUB,1201006,PACKING MATERIAL,19.0016,2431.07,127.940279,62
15000154,KLR-WIP,1201006,PACKING MATERIAL,26.24511,3359.17,127.992224,51
15000154,SAL-GEN,1201006,PACKING MATERIAL,85.0,10592.72,124.620235,4
15000155,SAL-GEN,1201006,PACKING MATERIAL,27.0,756.0,28.0,2
15000156,KLR-GEN,1201006,PACKING MATERIAL,167.8427,21037.26,125.339142,139
15000156,KLR-SUB,1201006,PACKING MATERIAL,6.7287,842.77,125.250048,72
15000156,KLR-WIP,1201006,PACKING MATERIAL,11.3286,1419.37,125.290857,31
15000157,KLR-GEN,1201006,PACKING MATERIAL,139.3499,17465.12,125.332849,71
15000157,KLR-WIP,1201006,PACKING MATERIAL,20.8501,2666.98,127.912096,13
15000157,SAL-GEN,1201006,PACKING MATERIAL,50.0,6254.17,125.0834,2
15000158,SAL-GEN,1201006,PACKING MATERIAL,7.0,420.0,60.0,2
15000161,KLR-GEN,1201006,PACKING MATERIAL,54.7388,6783.36,123.922337,42
15000161,KLR-SUB,1201006,PACKING MATERIAL,0.6612,82.86,125.317604,18
15000161,SAL-GEN,1201006,PACKING MATERIAL,32.0,3962.16,123.8175,2
15000162,KLR-EXS,1201006,PACKING MATERIAL,60.07875,7329.61,122.000042,10
15000162,KLR-GEN,1201006,PACKING MATERIAL,28.4854,3475.22,122.000042,153
15000162,KLR-SUB,1201006,PACKING MATERIAL,10.944,1335.17,122.000183,30
15000162,KLR-WIP,1201006,PACKING MATERIAL,39.0486,4950.19,126.769974,41
15000163,KLR-EXS,1201006,PACKING MATERIAL,36.2675,4489.2,123.780244,13
15000163,KLR-GEN,1201006,PACKING MATERIAL,9.1851,1136.94,123.780906,257
15000163,KLR-SUB,1201006,PACKING MATERIAL,66.6416,8247.18,123.754232,110
15000163,KLR-WIP,1201006,PACKING MATERIAL,2.4633,304.85,123.756749,126
15000163,SAL-GEN,1201006,PACKING MATERIAL,120.0,14424.02,120.200167,12
15000164,KLR-EXS,1201006,PACKING MATERIAL,38.1768,4674.12,122.43352,3
15000164,KLR-GEN,1201006,PACKING MATERIAL,89.354,10939.94,122.433691,82
15000164,KLR-SUB,1201006,PACKING MATERIAL,3.276,401.09,122.432845,17
15000164,KLR-WIP,1201006,PACKING MATERIAL,12.52,1532.87,122.433706,40
15000165,KLR-GEN,1201006,PACKING MATERIAL,1215.0,64456.98,53.051012,7
15000166,KLR-GEN,1201006,PACKING MATERIAL,2473.0,78366.67,31.688908,100
15000166,KLR-WIP,1201006,PACKING MATERIAL,276.0,8648.85,31.336413,51
15000167,KLR-GEN,1201006,PACKING MATERIAL,66.0,1516.29,22.974091,14
15000168,KLR-GEN,1201006,PACKING MATERIAL,3023.0,87129.83,28.822306,100
15000172,KLR-GEN,1201006,PACKING MATERIAL,70.0,2252.2,32.174286,16
15000173,KLR-GEN,1201006,PACKING MATERIAL,453.0,3882.21,8.57,12
15000174,KLR-GEN,1201006,PACKING MATERIAL,270.0,11666.05,43.207593,18
15000176,KLR-EXS,1201006,PACKING MATERIAL,8.0,128.0,16.0,4
15000176,KLR-GEN,1201006,PACKING MATERIAL,760.0,12160.0,16.0,7
15000178,SAL-GEN,1201006,PACKING MATERIAL,189.0,3024.0,16.0,3
15000179,KLR-EXS,1201006,PACKING MATERIAL,1285.0,15420.0,12.0,3
15000180,KLR-EXS,1201006,PACKING MATERIAL,845.0,13520.0,16.0,3
15000182,KLR-EXS,1201006,PACKING MATERIAL,1.0,83.25,83.25,4
15000182,KLR-GEN,1201006,PACKING MATERIAL,38.0,3163.53,83.250789,32
15000183,KLR-GEN,1201006,PACKING MATERIAL,641.0,40383.0,63.0,13
15000184,KLR-GEN,1201006,PACKING MATERIAL,836.0,46816.0,56.0,26
15000184,KLR-WIP,1201006,PACKING MATERIAL,22.0,1232.0,56.0,18
15000185,KLR-GEN,1201006,PACKING MATERIAL,220.0,10780.0,49.0,16
15000186,KLR-EXS,1201006,PACKING MATERIAL,350.0,9656.5,27.59,3
15000187,KLR-EXS,1201006,PACKING MATERIAL,210.0,7235.44,34.454476,3
15000187,KLR-GEN,1201006,PACKING MATERIAL,3914.0,134854.75,34.454458,17
15000187,KLR-WIP,1201006,PACKING MATERIAL,210.0,7235.44,34.454476,4
15000188,KLR-EXS,1201006,PACKING MATERIAL,3276.0,74692.8,22.8,1
15000189,SAL-GEN,1201006,PACKING MATERIAL,1034.0,48598.0,47.0,7
15000191,KLR-GEN,1201006,PACKING MATERIAL,592.0,17092.3,28.872128,31
15000191,KLR-WIP,1201006,PACKING MATERIAL,171.0,4929.32,28.826433,23
15000192,KLR-GEN,1201006,PACKING MATERIAL,349.0,10121.0,29.0,28
15000193,KLR-EXS,1201006,PACKING MATERIAL,53.0,1590.0,30.0,1
15000193,KLR-GEN,1201006,PACKING MATERIAL,791.0,23730.0,30.0,26
15000193,KLR-WIP,1201006,PACKING MATERIAL,40.0,1200.0,30.0,25
15000194,KLR-GEN,1201006,PACKING MATERIAL,1202.0,38464.0,32.0,17
15000194,KLR-WIP,1201006,PACKING MATERIAL,98.0,3136.0,32.0,19
15000195,KLR-EXS,1201006,PACKING MATERIAL,82.0,4018.0,49.0,1
15000195,KLR-GEN,1201006,PACKING MATERIAL,588.0,28812.0,49.0,17
15000195,KLR-WIP,1201006,PACKING MATERIAL,66.0,3234.0,49.0,8
15000196,KLR-GEN,1201006,PACKING MATERIAL,1103.0,48741.57,44.19,23
15000197,KLR-GEN,1201006,PACKING MATERIAL,144.0,7509.6,52.15,27
15000198,KLR-GEN,1201006,PACKING MATERIAL,563.0,18016.0,32.0,25
15000199,KLR-GEN,1201006,PACKING MATERIAL,773.0,24736.0,32.0,29
15000200,KLR-EXS,1201006,PACKING MATERIAL,64.0,1734.77,27.105781,4
15000200,KLR-GEN,1201006,PACKING MATERIAL,242.0,11980.78,49.507355,10
15000201,KLR-EXS,1201006,PACKING MATERIAL,6.0,228.0,38.0,1
15000201,KLR-GEN,1201006,PACKING MATERIAL,808.0,30704.0,38.0,9
15000202,KLR-EXS,1201006,PACKING MATERIAL,328.0,7052.0,21.5,3
15000202,KLR-GEN,1201006,PACKING MATERIAL,192.0,4128.0,21.5,40
15000202,KLR-WIP,1201006,PACKING MATERIAL,326.0,7009.0,21.5,24
15000203,KLR-EXS,1201006,PACKING MATERIAL,182.0,4458.85,24.499176,4
15000203,KLR-GEN,1201006,PACKING MATERIAL,152.0,3723.87,24.499145,39
15000203,KLR-WIP,1201006,PACKING MATERIAL,161.0,3943.5,24.493789,27
15000204,KLR-EXS,1201006,PACKING MATERIAL,126.0,1209.6,9.6,1
15000204,KLR-WIP,1201006,PACKING MATERIAL,2200.0,21120.0,9.6,18
15000205,KLR-EXS,1201006,PACKING MATERIAL,399.0,3890.25,9.75,8
15000205,KLR-GEN,1201006,PACKING MATERIAL,2590.0,25252.5,9.75,13
15000206,KLR-EXS,1201006,PACKING MATERIAL,15.995,446.32,27.90372,4
15000206,KLR-GEN,1201006,PACKING MATERIAL,920.0,25671.54,27.903848,29
15000206,KLR-WIP,1201006,PACKING MATERIAL,44.0,1227.77,27.903864,17
15000207,KLR-EXS,1201006,PACKING MATERIAL,185.0,5180.0,28.0,4
15000207,KLR-GEN,1201006,PACKING MATERIAL,175.0,4900.0,28.0,39
15000207,KLR-WIP,1201006,PACKING MATERIAL,52.0,1456.0,28.0,34
15000208,KLR-EXS,1201006,PACKING MATERIAL,127.0,3810.0,30.0,3
15000208,KLR-GEN,1201006,PACKING MATERIAL,19.0,570.0,30.0,55
15000208,KLR-WIP,1201006,PACKING MATERIAL,3.0,90.0,30.0,38
15000210,KLR-GEN,1201006,PACKING MATERIAL,506.0,16698.0,33.0,2
15000211,KLR-EXS,1201006,PACKING MATERIAL,76.0,4883.74,64.259737,3
15000211,KLR-GEN,1201006,PACKING MATERIAL,2565.0,164826.3,64.259766,42
15000211,KLR-WIP,1201006,PACKING MATERIAL,76.0,4790.45,63.032237,66
15000213,KLR-EXS,1201006,PACKING MATERIAL,25.0,750.0,30.0,4
15000213,KLR-GEN,1201006,PACKING MATERIAL,349.0,10470.0,30.0,32
15000213,KLR-WIP,1201006,PACKING MATERIAL,2.0,60.0,30.0,22
15000214,KLR-GEN,1201006,PACKING MATERIAL,1600.0,56000.0,35.0,36
15000215,KLR-EXS,1201006,PACKING MATERIAL,40.0,1200.0,30.0,5
15000215,KLR-GEN,1201006,PACKING MATERIAL,802.0,24060.0,30.0,45
15000215,KLR-WIP,1201006,PACKING MATERIAL,10.0,300.0,30.0,15
15000216,KLR-GEN,1201006,PACKING MATERIAL,859.0,30065.0,35.0,48
15000220,KLR-EXS,1201006,PACKING MATERIAL,21.0,409.5,19.5,3
15000220,KLR-GEN,1201006,PACKING MATERIAL,577.0,11251.5,19.5,44
15000220,KLR-WIP,1201006,PACKING MATERIAL,21.0,409.5,19.5,31
15000221,KLR-EXS,1201006,PACKING MATERIAL,1022.0,22991.43,22.496507,1
15000221,KLR-GEN,1201006,PACKING MATERIAL,898.0,20201.87,22.496514,36
15000221,KLR-WIP,1201006,PACKING MATERIAL,121.0,2721.69,22.493306,24
15000222,KLR-GEN,1201006,PACKING MATERIAL,1271.0,29233.0,23.0,3
15000223,KLR-GEN,1201006,PACKING MATERIAL,1449.0,33327.0,23.0,3
15000224,KLR-GEN,1201006,PACKING MATERIAL,964.0,24100.0,25.0,4
15000225,KLR-EXS,1201006,PACKING MATERIAL,900.0,22500.0,25.0,1
15000225,KLR-GEN,1201006,PACKING MATERIAL,100.0,2500.0,25.0,2
15000226,KLR-EXS,1201006,PACKING MATERIAL,425.0,10624.63,24.999129,1
15000226,KLR-GEN,1201006,PACKING MATERIAL,178.0,4449.84,24.999101,40
15000226,KLR-WIP,1201006,PACKING MATERIAL,44.0,1099.96,24.999091,38
15000228,KLR-EXS,1201006,PACKING MATERIAL,407.0,10128.03,24.884595,4
15000228,KLR-GEN,1201006,PACKING MATERIAL,50.0,1244.23,24.8846,18
15000229,KLR-EXS,1201006,PACKING MATERIAL,113.0,3729.0,33.0,3
15000229,KLR-GEN,1201006,PACKING MATERIAL,137.0,4521.0,33.0,33
15000229,KLR-WIP,1201006,PACKING MATERIAL,113.0,3728.91,32.999204,29
15000229,SAL-GEN,1201006,PACKING MATERIAL,336.0,11088.0,33.0,2
15000231,SAL-GEN,1201006,PACKING MATERIAL,83.0,848.07,10.217711,4
15000232,SAL-GEN,1201006,PACKING MATERIAL,101.0,1022.48,10.123564,4
15000233,KLR-EXS,1201006,PACKING MATERIAL,12.0,432.0,36.0,3
15000233,KLR-GEN,1201006,PACKING MATERIAL,1098.0,39528.0,36.0,5
15000234,KLR-GEN,1201006,PACKING MATERIAL,367.0,13946.0,38.0,11
15000235,KLR-GEN,1201006,PACKING MATERIAL,40.0,800.0,20.0,23
15000235,KLR-WIP,1201006,PACKING MATERIAL,55.0,1100.0,20.0,9
15000236,KLR-EXS,1201006,PACKING MATERIAL,12.0,122.4,10.2,1
15000236,KLR-GEN,1201006,PACKING MATERIAL,1875.0,19125.0,10.2,29
15000236,KLR-WIP,1201006,PACKING MATERIAL,12.0,122.4,10.2,19
15000237,KLR-EXS,1201006,PACKING MATERIAL,31.0,604.5,19.5,4
15000237,KLR-GEN,1201006,PACKING MATERIAL,800.0,15599.99,19.499988,13
15000238,KLR-GEN,1201006,PACKING MATERIAL,4800.0,43920.0,9.15,7
15000239,KLR-GEN,1201006,PACKING MATERIAL,2000.0,17959.93,8.979965,12
15000240,KLR-GEN,1201006,PACKING MATERIAL,3750.0,52179.47,13.914525,16
15000241,KLR-EXS,1201006,PACKING MATERIAL,158.0,2054.0,13.0,4
15000241,KLR-GEN,1201006,PACKING MATERIAL,1750.0,22750.0,13.0,23
15000242,KLR-EXS,1201006,PACKING MATERIAL,3663.0,73645.14,20.105143,1
15000242,KLR-GEN,1201006,PACKING MATERIAL,761.0,15300.02,20.105151,6
15000242,KLR-WIP,1201006,PACKING MATERIAL,150.0,3015.77,20.105133,1
15000243,KLR-EXS,1201006,PACKING MATERIAL,4387.0,110142.36,25.106533,1
15000243,KLR-GEN,1201006,PACKING MATERIAL,1177.0,29550.39,25.106534,5
15000244,KLR-GEN,1201006,PACKING MATERIAL,4770.0,49369.5,10.35,7
15000245,KLR-EXS,1201006,PACKING MATERIAL,4.0,168.0,42.0,3
15000245,KLR-GEN,1201006,PACKING MATERIAL,462.0,19404.0,42.0,4
15000246,KLR-GEN,1201006,PACKING MATERIAL,1516.0,14371.68,9.48,4
15000247,KLR-EXS,1201006,PACKING MATERIAL,1.0,27.0,27.0,5
15000247,KLR-GEN,1201006,PACKING MATERIAL,660.0,17820.0,27.0,62
15000247,KLR-WIP,1201006,PACKING MATERIAL,1.0,27.0,27.0,43
15000248,KLR-EXS,1201006,PACKING MATERIAL,11.0,297.0,27.0,4
15000249,KLR-GEN,1201006,PACKING MATERIAL,146.0,8176.0,56.0,19
15000249,KLR-WIP,1201006,PACKING MATERIAL,120.0,6720.0,56.0,14
15000250,KLR-EXS,1201006,PACKING MATERIAL,16.0,844.32,52.77,1
15000250,KLR-GEN,1201006,PACKING MATERIAL,1788.0,94352.76,52.77,4
15000250,KLR-WIP,1201006,PACKING MATERIAL,16.0,844.32,52.77,1
15000251,KLR-EXS,1201006,PACKING MATERIAL,20.0,180.0,9.0,3
15000251,KLR-GEN,1201006,PACKING MATERIAL,185.0,1665.0,9.0,14
15000252,KLR-EXS,1201006,PACKING MATERIAL,296.0,17168.0,58.0,3
15000252,KLR-GEN,1201006,PACKING MATERIAL,84.0,4872.0,58.0,26
15000253,KLR-GEN,1201006,PACKING MATERIAL,3345.0,37785.49,11.296111,23
15000253,KLR-WIP,1201006,PACKING MATERIAL,9.0,101.65,11.294444,8
15000254,KLR-GEN,1201006,PACKING MATERIAL,1046.0,16213.0,15.5,14
15000254,KLR-WIP,1201006,PACKING MATERIAL,2.0,31.0,15.5,14
15000255,SAL-GEN,1201006,PACKING MATERIAL,729.0,20776.5,28.5,3
15000256,KLR-GEN,1201006,PACKING MATERIAL,3776.0,43424.0,11.5,23
15000256,KLR-WIP,1201006,PACKING MATERIAL,10.0,115.0,11.5,12
15000257,SAL-GEN,1201006,PACKING MATERIAL,263.0,8942.0,34.0,2
15000258,KLR-GEN,1201006,PACKING MATERIAL,3309.0,46326.0,14.0,19
15000259,KLR-GEN,1201006,PACKING MATERIAL,1136.0,33534.72,29.52,7
15000260,KLR-EXS,1201006,PACKING MATERIAL,300.0,11292.0,37.64,3
15000260,KLR-GEN,1201006,PACKING MATERIAL,512.0,19271.68,37.64,18
15000262,KLR-EXS,1201006,PACKING MATERIAL,46.5,2697.0,58.0,1
15000262,KLR-GEN,1201006,PACKING MATERIAL,207.0,12006.0,58.0,19
15000262,KLR-WIP,1201006,PACKING MATERIAL,43.0,2494.0,58.0,21
15000263,KLR-GEN,1201006,PACKING MATERIAL,615.0,27521.25,44.75,30
15000263,KLR-WIP,1201006,PACKING MATERIAL,498.0,22285.5,44.75,21
15000264,KLR-EXS,1201006,PACKING MATERIAL,331.0,17232.24,52.061148,1
15000264,KLR-GEN,1201006,PACKING MATERIAL,54.0,2811.3,52.061111,42
15000264,KLR-WIP,1201006,PACKING MATERIAL,176.0,9164.37,52.070284,33
15000265,KLR-EXS,1201006,PACKING MATERIAL,20.0,370.0,18.5,1
15000265,KLR-GEN,1201006,PACKING MATERIAL,69.0,1276.5,18.5,6
15000265,KLR-WIP,1201006,PACKING MATERIAL,20.0,370.0,18.5,3
15000267,KLR-EXS,1201006,PACKING MATERIAL,283.0,2164.95,7.65,1
15000267,SAL-GEN,1201006,PACKING MATERIAL,12.0,91.8,7.65,1
15000268,KLR-EXS,1201006,PACKING MATERIAL,913.0,10499.5,11.5,1
15000270,KLR-EXS,1201006,PACKING MATERIAL,1490.0,1490.0,1.0,1
15000270,KLR-GEN,1201006,PACKING MATERIAL,5376.0,5376.0,1.0,59
15000270,KLR-SUB,1201006,PACKING MATERIAL,124.0,124.0,1.0,23
15000272,KLR-EXS,1201006,PACKING MATERIAL,294.229,2648.06,8.999997,1
15000272,KLR-GEN,1201006,PACKING MATERIAL,195.274,1757.47,9.00002,20
15000272,KLR-WIP,1201006,PACKING MATERIAL,254.726,2292.53,8.999984,18
15000273,KLR-EXS,1201006,PACKING MATERIAL,31.22,1358.07,43.5,3
15000273,KLR-GEN,1201006,PACKING MATERIAL,44.78,1947.93,43.5,21
15000273,KLR-WIP,1201006,PACKING MATERIAL,31.22,1358.07,43.5,20
15000274,KLR-GEN,1201006,PACKING MATERIAL,117.0,9711.0,83.0,9
15000275,KLR-GEN,1201006,PACKING MATERIAL,775.0,6355.0,8.2,13
15000276,KLR-GEN,1201006,PACKING MATERIAL,150.0,6450.0,43.0,30
15000277,KLR-EXS,1201006,PACKING MATERIAL,250.004,2350.03,9.39997,4
15000277,KLR-GEN,1201006,PACKING MATERIAL,116.834,1099.79,9.41327,18
15000277,KLR-WIP,1201006,PACKING MATERIAL,83.0,780.2,9.4,13
15000278,KLR-EXS,1201006,PACKING MATERIAL,245.219,2550.28,10.40001,1
15000278,KLR-GEN,1201006,PACKING MATERIAL,249.776,2597.67,10.399998,14
15000278,KLR-WIP,1201006,PACKING MATERIAL,0.224,2.33,10.401786,10
15000279,KLR-EXS,1201006,PACKING MATERIAL,13.0,617.5,47.5,4
15000279,KLR-GEN,1201006,PACKING MATERIAL,50.0,2375.0,47.5,11
15000279,KLR-WIP,1201006,PACKING MATERIAL,10.0,475.0,47.5,5
15000280,KLR-EXS,1201006,PACKING MATERIAL,5.28,277.73,52.600379,4
15000280,KLR-GEN,1201006,PACKING MATERIAL,29.72,1563.27,52.599933,15
15000280,KLR-WIP,1201006,PACKING MATERIAL,0.28,14.73,52.607143,10
15000281,KLR-EXS,1201006,PACKING MATERIAL,109.541,898.23,8.199943,4
15000282,KLR-EXS,1201006,PACKING MATERIAL,75.569,664.95,8.799243,1
15000282,KLR-GEN,1201006,PACKING MATERIAL,400.0,3519.72,8.7993,25
15000283,KLR-EXS,1201006,PACKING MATERIAL,61.5204,2676.14,43.500042,2
15000283,KLR-GEN,1201006,PACKING MATERIAL,20.0,870.0,43.5,44
15000284,KLR-GEN,1201006,PACKING MATERIAL,175.0,7784.55,44.483143,26
15000285,KLR-EXS,1201006,PACKING MATERIAL,57.0,76.95,1.35,3
15000285,KLR-GEN,1201006,PACKING MATERIAL,21656.0,29235.6,1.35,103
15000285,KLR-WIP,1201006,PACKING MATERIAL,588.0,793.8,1.35,124
15000292,KLR-GEN,1201006,PACKING MATERIAL,1061.0,23342.0,22.0,3
15000298,KLR-GEN,1201006,PACKING MATERIAL,1787.0,31629.9,17.7,38
15000298,KLR-WIP,1201006,PACKING MATERIAL,290.0,5133.0,17.7,19
15000299,KLR-EXS,1201006,PACKING MATERIAL,586.25,60968.3,103.9971,2
15000299,KLR-GEN,1201006,PACKING MATERIAL,170.0,17679.55,103.997353,249
15000304,KLR-GEN,1201006,PACKING MATERIAL,3886.0,66062.0,17.0,4
15000305,KLR-EXS,1201006,PACKING MATERIAL,43.0,795.5,18.5,3
15000305,KLR-GEN,1201006,PACKING MATERIAL,1691.0,31283.5,18.5,7
15000305,KLR-WIP,1201006,PACKING MATERIAL,43.0,795.5,18.5,3
15000306,KLR-GEN,1201006,PACKING MATERIAL,2108.0,38998.0,18.5,4
15000310,KLR-EXS,1201006,PACKING MATERIAL,303.52184,37485.73,123.502579,19
15000310,KLR-GEN,1201006,PACKING MATERIAL,244.02916,38835.2,159.141637,608
15000310,KLR-SUB,1201006,PACKING MATERIAL,109.48284,13521.41,123.502551,275
15000310,KLR-WIP,1201006,PACKING MATERIAL,1.908,650.29,340.822851,209
15000310,SAL-GEN,1201006,PACKING MATERIAL,85.0,10363.79,121.926941,10
15000313,KLR-GEN,1201006,PACKING MATERIAL,249.241,30890.03,123.936391,237
15000313,KLR-SUB,1201006,PACKING MATERIAL,9.1224,1121.76,122.96764,21
15000313,KLR-WIP,1201006,PACKING MATERIAL,99.0866,12248.41,123.613183,145
15000313,SAL-GEN,1201006,PACKING MATERIAL,110.0,13420.0,122.0,3
15000317,KLR-CON,1201006,PACKING MATERIAL,242.0,242.0,1.0,12
15000317,KLR-EXS,1201006,PACKING MATERIAL,39989.0,40779.77,1.019775,1
15000317,KLR-GEN,1201006,PACKING MATERIAL,10025.0,10223.24,1.019775,160
15000317,KLR-WIP,1201006,PACKING MATERIAL,1753.0,1802.64,1.028317,165
15000318,KLR-GEN,1201006,PACKING MATERIAL,5971.0,186627.69,31.255684,109
15000318,KLR-WIP,1201006,PACKING MATERIAL,500.0,15651.58,31.30316,63
15000330,KLR-EXS,1201006,PACKING MATERIAL,2704.0,12589.41,4.655847,3
15000330,KLR-GEN,1201006,PACKING MATERIAL,1058.0,5005.73,4.731314,15
15000331,KLR-CON,1201006,PACKING MATERIAL,82.0,1763.0,21.5,1
15000331,KLR-EXS,1201006,PACKING MATERIAL,446.0,9993.15,22.406166,4
15000331,KLR-GEN,1201006,PACKING MATERIAL,859.0,19246.89,22.406158,66
15000331,KLR-WIP,1201006,PACKING MATERIAL,500.0,11203.08,22.40616,40
15000332,KLR-GEN,1201006,PACKING MATERIAL,1451.0,106002.07,73.054493,42
15000332,KLR-WIP,1201006,PACKING MATERIAL,136.0,9917.54,72.923088,29
15000333,KLR-EXS,1201006,PACKING MATERIAL,133.0,515.12,3.873083,3
15000333,KLR-GEN,1201006,PACKING MATERIAL,1150.0,4454.07,3.873104,22
15000336,KLR-EXS,1201006,PACKING MATERIAL,40.3999,1562.19,38.668165,1
15000336,KLR-GEN,1201006,PACKING MATERIAL,399.6,15451.85,38.668293,99
15000336,KLR-WIP,1201006,PACKING MATERIAL,0.4,13.8,34.5,55
15000337,KLR-EXS,1201006,PACKING MATERIAL,6373.0,25412.93,3.987593,3
15000337,KLR-GEN,1201006,PACKING MATERIAL,700.0,2791.31,3.987586,14
15000338,KLR-EXS,1201006,PACKING MATERIAL,91.00154,11670.83,128.248709,7
15000338,KLR-GEN,1201006,PACKING MATERIAL,75.65394,9763.3,129.052102,219
15000338,KLR-SUB,1201006,PACKING MATERIAL,23.38606,3003.7,128.439763,148
15000338,SAL-GEN,1201006,PACKING MATERIAL,70.0,8679.51,123.993,8
15000339,KLR-GEN,1201006,PACKING MATERIAL,58.942,7228.88,122.643955,131
15000339,KLR-WIP,1201006,PACKING MATERIAL,0.058,7.08,122.068966,46
15000339,SAL-GEN,1201006,PACKING MATERIAL,18.0,2178.74,121.041111,2
15000340,KLR-EXS,1201006,PACKING MATERIAL,26.62,964.97,36.249812,4
15000340,KLR-GEN,1201006,PACKING MATERIAL,314.6,11404.25,36.25,128
15000340,KLR-WIP,1201006,PACKING MATERIAL,14.4,522.0,36.25,154
15000341,KLR-EXS,1201006,PACKING MATERIAL,5724.0,22662.97,3.959289,3
15000341,KLR-GEN,1201006,PACKING MATERIAL,180.0,788.42,4.380111,24
15000341,KLR-WIP,1201006,PACKING MATERIAL,5.0,19.8,3.96,26
15000342,KLR-EXS,1201006,PACKING MATERIAL,602.0,2417.62,4.01598,3
15000342,KLR-GEN,1201006,PACKING MATERIAL,1715.0,6887.4,4.015977,23
15000342,KLR-WIP,1201006,PACKING MATERIAL,585.0,2349.35,4.015983,18
15000343,KLR-EXS,1201006,PACKING MATERIAL,3422.0,12603.16,3.682981,3
15000344,KLR-EXS,1201006,PACKING MATERIAL,1002.0,4498.87,4.48989,1
15000344,KLR-GEN,1201006,PACKING MATERIAL,1250.0,5612.36,4.489888,10
15000344,KLR-WIP,1201006,PACKING MATERIAL,1000.0,4489.89,4.48989,7
15000345,KLR-EXS,1201006,PACKING MATERIAL,10.0,185.0,18.5,3
15000345,KLR-GEN,1201006,PACKING MATERIAL,1028.0,19018.0,18.5,33
15000346,KLR-EXS,1201006,PACKING MATERIAL,103.082,7629.92,74.017966,3
15000346,KLR-GEN,1201006,PACKING MATERIAL,183.8366,13607.22,74.018014,69
15000346,KLR-WIP,1201006,PACKING MATERIAL,8.1634,604.24,74.018179,40
15000347,KLR-GEN,1201006,PACKING MATERIAL,6000.0,27580.0,4.596667,3
15000350,KLR-EXS,1201006,PACKING MATERIAL,3610.0,361.0,0.1,3
15000351,KLR-EXS,1201006,PACKING MATERIAL,14312.0,1582.4,0.110565,3
15000352,KLR-EXS,1201006,PACKING MATERIAL,1.0,0.1,0.1,5
15000353,KLR-EXS,1201006,PACKING MATERIAL,10900.0,981.0,0.09,3
15000354,KLR-EXS,1201006,PACKING MATERIAL,20166.0,2016.6,0.1,3
15000355,SAL-GEN,1201006,PACKING MATERIAL,432.0,6696.0,15.5,3
15000357,KLR-EXS,1201006,PACKING MATERIAL,413.02,10685.31,25.871168,9
15000357,KLR-GEN,1201006,PACKING MATERIAL,160.0,4139.39,25.871188,139
15000358,KLR-EXS,1201006,PACKING MATERIAL,0.0004,0.05,125.0,3
15000359,KLR-GEN,1201006,PACKING MATERIAL,700.0,49.0,0.07,126
15000360,KLR-EXS,1201006,PACKING MATERIAL,29.44108,3600.64,122.299861,6
15000360,KLR-GEN,1201006,PACKING MATERIAL,54.208,6629.62,122.299661,186
15000360,KLR-SUB,1201006,PACKING MATERIAL,93.552,11408.69,121.950252,57
15000360,KLR-WIP,1201006,PACKING MATERIAL,6.3,770.49,122.3,45
15000360,SAL-GEN,1201006,PACKING MATERIAL,105.0,12755.31,121.479143,10
15000361,KLR-GEN,1201006,PACKING MATERIAL,156.7855,27424.96,174.920257,392
15000361,KLR-SUB,1201006,PACKING MATERIAL,99.0895,12133.5,122.449906,88
15000361,KLR-WIP,1201006,PACKING MATERIAL,27.025,4667.33,172.704163,169
15000361,SAL-GEN,1201006,PACKING MATERIAL,77.0,9398.77,122.061948,6
15000362,KLR-GEN,1201006,PACKING MATERIAL,267.75112,39752.45,148.467913,477
15000362,KLR-SUB,1201006,PACKING MATERIAL,96.8948,11920.84,123.028687,82
15000362,KLR-WIP,1201006,PACKING MATERIAL,3.80208,721.8,189.843454,288
15000362,SAL-GEN,1201006,PACKING MATERIAL,177.9,21701.19,121.985329,13
15000363,KLR-EXS,1201006,PACKING MATERIAL,140.77812,21488.33,152.6397,20
15000363,KLR-GEN,1201006,PACKING MATERIAL,111.5014,17695.27,158.69998,596
15000363,KLR-SUB,1201006,PACKING MATERIAL,90.65306,13603.44,150.060461,320
15000363,KLR-WIP,1201006,PACKING MATERIAL,0.5386,82.09,152.413665,207
15000363,SAL-GEN,1201006,PACKING MATERIAL,133.9,16614.33,124.080134,10
15000364,KLR-EXS,1201006,PACKING MATERIAL,20.057,2512.18,125.252032,7
15000364,KLR-GEN,1201006,PACKING MATERIAL,61.7665,7736.38,125.252038,322
15000364,KLR-SUB,1201006,PACKING MATERIAL,17.6203,2206.98,125.252124,134
15000364,KLR-WIP,1201006,PACKING MATERIAL,2.7132,339.83,125.250627,100
15000364,SAL-GEN,1201006,PACKING MATERIAL,23.0,2881.34,125.275652,2
15000365,KLR-EXS,1201006,PACKING MATERIAL,1.32397,168.9,127.570866,4
15000365,KLR-GEN,1201006,PACKING MATERIAL,2.9765,379.73,127.576012,250
15000365,KLR-SUB,1201006,PACKING MATERIAL,33.4629,4176.95,124.823312,58
15000365,KLR-WIP,1201006,PACKING MATERIAL,85.9106,10970.01,127.690995,74
15000365,SAL-GEN,1201006,PACKING MATERIAL,30.0,3662.53,122.084333,9
15000366,KLR-GEN,1201006,PACKING MATERIAL,29.305,3663.12,124.999829,42
15000366,KLR-SUB,1201006,PACKING MATERIAL,10.245,1280.62,124.999512,38
15000366,SAL-GEN,1201006,PACKING MATERIAL,18.0,2217.9,123.216667,1
15000367,KLR-EXS,1201006,PACKING MATERIAL,7.14816,891.41,124.704819,4
15000367,KLR-GEN,1201006,PACKING MATERIAL,77.79,9702.01,124.72053,33
15000367,KLR-SUB,1201006,PACKING MATERIAL,4.0,498.68,124.67,17
15000367,KLR-WIP,1201006,PACKING MATERIAL,3.15,392.32,124.546032,6
15000367,SAL-GEN,1201006,PACKING MATERIAL,24.0,2934.66,122.2775,1
15000372,SAL-GEN,1201006,PACKING MATERIAL,160.0,4160.0,26.0,2
15000374,KLR-EXS,1201006,PACKING MATERIAL,12375.24,4041.72,0.326597,43
15000374,KLR-GEN,1201006,PACKING MATERIAL,3957.29326,1292.26,0.326551,2699
15000374,KLR-WIP,1201006,PACKING MATERIAL,16542.5357,5402.8,0.3266,4137
15000375,KLR-EXS,1201006,PACKING MATERIAL,1387.0,1664.4,1.2,3
15000375,KLR-GEN,1201006,PACKING MATERIAL,1946.0,2335.2,1.2,47
15000380,KLR-EXS,1201006,PACKING MATERIAL,218.0,18475.5,84.75,1
15000381,KLR-GEN,1201006,PACKING MATERIAL,289.0,31009.7,107.3,11
15000383,KLR-EXS,1201006,PACKING MATERIAL,149.25,16126.82,108.052395,1
15000384,KLR-EXS,1201006,PACKING MATERIAL,63.17822,1842.87,29.169388,13
15000384,KLR-GEN,1201006,PACKING MATERIAL,118.251,3449.32,29.169478,206
15000384,KLR-WIP,1201006,PACKING MATERIAL,121.749,3551.36,29.169521,359
15000385,KLR-EXS,1201006,PACKING MATERIAL,111219.0,6253.49,0.056227,7
15000385,KLR-GEN,1201006,PACKING MATERIAL,48000.0025,2499.14,0.052065,1007
15000385,KLR-SUB,1201006,PACKING MATERIAL,17000.0,2720.0,0.16,5
15000386,KLR-EXS,1201006,PACKING MATERIAL,70.7545,4983.27,70.430432,2
15000386,KLR-GEN,1201006,PACKING MATERIAL,-5.8797,0.0,0.0,19
15000391,KLR-EXS,1201006,PACKING MATERIAL,41.89092,12626.25,301.407799,3
15000391,KLR-GEN,1201006,PACKING MATERIAL,12.07574,3648.77,302.157052,63
15000391,KLR-WIP,1201006,PACKING MATERIAL,26.89026,7923.08,294.644976,67
15000391,SAL-GEN,1201006,PACKING MATERIAL,4.0,1165.73,291.4325,2
15000393,KLR-EXS,1201006,PACKING MATERIAL,3.0,441.0,147.0,1
15000393,KLR-GEN,1201006,PACKING MATERIAL,60.0,8820.0,147.0,2
15000396,SAL-GEN,1201006,PACKING MATERIAL,50.0,1950.0,39.0,1
15000397,KLR-EXS,1201006,PACKING MATERIAL,239.8652,10177.24,42.428998,2
15000398,KLR-EXS,1201006,PACKING MATERIAL,0.22,5.83,26.5,1
15000400,KLR-EXS,1201006,PACKING MATERIAL,5.2118,428.41,82.200008,3
15000400,KLR-GEN,1201006,PACKING MATERIAL,270.126,22204.27,82.199677,37
15000400,KLR-WIP,1201006,PACKING MATERIAL,4.874,400.64,82.199426,26
15000400,SAL-GEN,1201006,PACKING MATERIAL,5.0,355.0,71.0,2
15000403,KLR-EXS,1201006,PACKING MATERIAL,4174.0,133171.03,31.904895,1
15000403,KLR-GEN,1201006,PACKING MATERIAL,523.0,16686.26,31.904895,111
15000404,KLR-CON,1201006,PACKING MATERIAL,1.0,31.2,31.2,14
15000404,KLR-EXS,1201006,PACKING MATERIAL,2542.0,80812.03,31.790728,1
15000404,KLR-GEN,1201006,PACKING MATERIAL,687.0,21840.23,31.790728,83
15000404,KLR-WIP,1201006,PACKING MATERIAL,12.0,370.65,30.8875,121
15000405,KLR-EXS,1201006,PACKING MATERIAL,17.0,1530.0,90.0,4
15000405,KLR-GEN,1201006,PACKING MATERIAL,8.0,720.0,90.0,8
15000407,SAL-GEN,1201006,PACKING MATERIAL,30.0,1290.0,43.0,2
15000409,KLR-EXS,1201006,PACKING MATERIAL,21.0,568.13,27.05381,3
15000409,KLR-GEN,1201006,PACKING MATERIAL,630.0,17043.89,27.053794,37
15000411,KLR-EXS,1201006,PACKING MATERIAL,54.125,3679.47,67.98097,2
15000412,KLR-EXS,1201006,PACKING MATERIAL,180.0,13500.0,75.0,1
15000413,KLR-GEN,1201006,PACKING MATERIAL,100.0,8425.0,84.25,46
15000414,KLR-GEN,1201006,PACKING MATERIAL,160.0,16252.8,101.58,1
15000415,KLR-GEN,1201006,PACKING MATERIAL,66.0,4313.1,65.35,105
15000416,KLR-GEN,1201006,PACKING MATERIAL,9.0,585.0,65.0,2
15000417,KLR-EXS,1201006,PACKING MATERIAL,7.504,675.36,90.0,6
15000417,KLR-GEN,1201006,PACKING MATERIAL,103.0,9270.0,90.0,110
15000419,KLR-EXS,1201006,PACKING MATERIAL,0.53,42.13,79.490566,1
15000419,KLR-GEN,1201006,PACKING MATERIAL,511.0,40624.5,79.5,3
15000420,KLR-GEN,1201006,PACKING MATERIAL,397.0,14292.0,36.0,9
15000421,SAL-GEN,1201006,PACKING MATERIAL,1730.0,55360.0,32.0,5
15000422,SAL-GEN,1201006,PACKING MATERIAL,87.0,1653.0,19.0,2
15000423,SAL-GEN,1201006,PACKING MATERIAL,511.0,22995.0,45.0,2
15000424,SAL-GEN,1201006,PACKING MATERIAL,74.0,1702.0,23.0,2
15000425,SAL-GEN,1201006,PACKING MATERIAL,824.0,24720.0,30.0,2
15000426,KLR-EXS,1201006,PACKING MATERIAL,885.0,14160.0,16.0,1
15000426,SAL-GEN,1201006,PACKING MATERIAL,700.0,11200.0,16.0,3
15000427,KLR-EXS,1201006,PACKING MATERIAL,217.0,7595.0,35.0,1
15000427,SAL-GEN,1201006,PACKING MATERIAL,52.0,1763.27,33.909038,4
15000428,KLR-EXS,1201006,PACKING MATERIAL,250.0,2500.0,10.0,1
15000428,SAL-GEN,1201006,PACKING MATERIAL,161.0,1433.29,8.902422,4
15000429,SAL-GEN,1201006,PACKING MATERIAL,630.0,8820.0,14.0,3
15000430,SAL-GEN,1201006,PACKING MATERIAL,670.0,8040.0,12.0,3
15000431,SAL-GEN,1201006,PACKING MATERIAL,2.0,108.0,54.0,2
15000436,KLR-EXS,1201006,PACKING MATERIAL,181.0,407.25,2.25,3
15000436,KLR-GEN,1201006,PACKING MATERIAL,2684.0,6039.0,2.25,3
15000437,SAL-GEN,1201006,PACKING MATERIAL,46.0,3643.2,79.2,2
15000438,KLR-EXS,1201006,PACKING MATERIAL,34.0,631.71,18.579706,3
15000438,KLR-GEN,1201006,PACKING MATERIAL,1420.0,26383.28,18.579775,42
15000438,KLR-WIP,1201006,PACKING MATERIAL,443.0,8203.44,18.517923,25
15000439,KLR-GEN,1201006,PACKING MATERIAL,2168.0,42307.92,19.514723,44
15000439,KLR-WIP,1201006,PACKING MATERIAL,402.0,7845.92,19.517214,35
15000440,KLR-EXS,1201006,PACKING MATERIAL,1295.0,29437.19,22.731421,5
15000440,KLR-GEN,1201006,PACKING MATERIAL,1000.0,23373.72,23.37372,52
15000441,KLR-EXS,1201006,PACKING MATERIAL,115.0,2070.47,18.004087,3
15000441,KLR-GEN,1201006,PACKING MATERIAL,1011.0,18202.09,18.004045,41
15000441,KLR-WIP,1201006,PACKING MATERIAL,114.0,2058.61,18.057982,27
15000442,KLR-EXS,1201006,PACKING MATERIAL,20.0,369.38,18.469,3
15000442,KLR-GEN,1201006,PACKING MATERIAL,1000.0,18468.85,18.46885,11
15000442,KLR-WIP,1201006,PACKING MATERIAL,16.0,283.41,17.713125,1
15000443,KLR-EXS,1201006,PACKING MATERIAL,944.0,22966.65,24.329078,3
15000443,KLR-GEN,1201006,PACKING MATERIAL,360.0,8758.47,24.329083,34
15000444,KLR-EXS,1201006,PACKING MATERIAL,332.0,5020.54,15.122108,3
15000444,KLR-GEN,1201006,PACKING MATERIAL,295.0,4461.03,15.122136,27
15000444,KLR-WIP,1201006,PACKING MATERIAL,260.0,3931.75,15.122115,26
15000445,KLR-EXS,1201006,PACKING MATERIAL,35.75,3153.49,88.20951,4
15000445,KLR-GEN,1201006,PACKING MATERIAL,19.25,1698.04,88.20987,41
15000445,KLR-WIP,1201006,PACKING MATERIAL,35.75,3153.51,88.21007,29
15000446,KLR-EXS,1201006,PACKING MATERIAL,0.495,39.35,79.494949,5
15000446,KLR-GEN,1201006,PACKING MATERIAL,78.0,6201.0,79.5,40
15000447,SAL-GEN,1201006,PACKING MATERIAL,87.0,1653.0,19.0,2
15000450,KLR-EXS,1201006,PACKING MATERIAL,12.745,1338.22,104.999608,1
15000450,KLR-GEN,1201006,PACKING MATERIAL,327.0,34335.0,105.0,15
15000450,KLR-WIP,1201006,PACKING MATERIAL,3.0,315.0,105.0,9
15000451,SAL-GEN,1201006,PACKING MATERIAL,120.0,6840.0,57.0,3
15000452,SAL-GEN,1201006,PACKING MATERIAL,107.0,6099.0,57.0,3
15000453,KLR-GEN,1201006,PACKING MATERIAL,111.0,5272.5,47.5,1
15000454,KLR-GEN,1201006,PACKING MATERIAL,100.0,5400.0,54.0,1
15000455,KLR-GEN,1201006,PACKING MATERIAL,102.0,6120.0,60.0,1
15000456,KLR-EXS,1201006,PACKING MATERIAL,10.0,5.1,0.51,3
15000457,KLR-EXS,1201006,PACKING MATERIAL,484.0,774.4,1.6,3
15000457,KLR-GEN,1201006,PACKING MATERIAL,2925.0,4680.0,1.6,22
15000457,KLR-WIP,1201006,PACKING MATERIAL,475.0,760.0,1.6,25
15000458,KLR-EXS,1201006,PACKING MATERIAL,1762.0,37094.37,21.052423,2
15000458,KLR-GEN,1201006,PACKING MATERIAL,219.0,4610.48,21.05242,28
15000458,KLR-SUB,1201006,PACKING MATERIAL,1.0,24.5,24.5,1
15000459,KLR-EXS,1201006,PACKING MATERIAL,103.0,2181.21,21.176796,3
15000459,KLR-GEN,1201006,PACKING MATERIAL,126.0,2668.27,21.176746,17
15000459,KLR-WIP,1201006,PACKING MATERIAL,5.0,105.88,21.176,13
15000460,KLR-GEN,1201006,PACKING MATERIAL,561.0,13183.5,23.5,8
15000460,KLR-WIP,1201006,PACKING MATERIAL,60.0,1410.0,23.5,3
15000461,KLR-EXS,1201006,PACKING MATERIAL,12.0,252.0,21.0,3
15000461,KLR-GEN,1201006,PACKING MATERIAL,628.0,13188.0,21.0,11
15000461,KLR-WIP,1201006,PACKING MATERIAL,12.0,252.0,21.0,4
15000462,KLR-EXS,1201006,PACKING MATERIAL,9.0,184.5,20.5,3
15000463,KLR-GEN,1201006,PACKING MATERIAL,464.0,13224.0,28.5,3
15000464,KLR-GEN,1201006,PACKING MATERIAL,48.0,1560.0,32.5,2
15000465,KLR-EXS,1201006,PACKING MATERIAL,31.0,775.0,25.0,3
15000467,KLR-EXS,1201006,PACKING MATERIAL,2.0,47.18,23.59,3
15000467,KLR-GEN,1201006,PACKING MATERIAL,30.0,707.67,23.589,3
15000468,SAL-GEN,1201006,PACKING MATERIAL,5200.0,13786.05,2.651163,7
15000469,KLR-EXS,1201006,PACKING MATERIAL,5.0,121.25,24.25,3
15000471,KLR-GEN,1201006,PACKING MATERIAL,70.84715,2506.73,35.382228,28
15000471,KLR-WIP,1201006,PACKING MATERIAL,22.15285,709.91,32.04599,18
15000472,SAL-GEN,1201006,PACKING MATERIAL,1550.0,23250.0,15.0,2
15000473,KLR-EXS,1201006,PACKING MATERIAL,146.0,6351.0,43.5,1
15000473,SAL-GEN,1201006,PACKING MATERIAL,12.0,564.0,47.0,2
15000474,SAL-GEN,1201006,PACKING MATERIAL,257.0,3855.0,15.0,3
15000475,SAL-GEN,1201006,PACKING MATERIAL,4.0,242.0,60.5,3
15000476,KLR-GEN,1201006,PACKING MATERIAL,2440.0,100590.14,41.225467,44
15000477,SAL-GEN,1201006,PACKING MATERIAL,16.0,1104.0,69.0,2
15000479,SAL-GEN,1201006,PACKING MATERIAL,50.0,1350.0,27.0,2
15000480,SAL-GEN,1201006,PACKING MATERIAL,1.0,44.0,44.0,2
15000482,KLR-GEN,1201006,PACKING MATERIAL,252.0,33768.0,134.0,8
15000483,KLR-GEN,1201006,PACKING MATERIAL,300.0,48900.0,163.0,6
15000484,KLR-GEN,1201006,PACKING MATERIAL,321.0,19581.0,61.0,8
15000485,KLR-GEN,1201006,PACKING MATERIAL,1006.0,28168.0,28.0,2
15000486,KLR-GEN,1201006,PACKING MATERIAL,441.0,264.6,0.6,4
15000487,KLR-EXS,1201006,PACKING MATERIAL,13.0,45.5,3.5,1
15000487,KLR-GEN,1201006,PACKING MATERIAL,176.0,616.0,3.5,64
15000488,KLR-GEN,1201006,PACKING MATERIAL,95.0,3325.0,35.0,11
15000489,KLR-GEN,1201006,PACKING MATERIAL,310.0,38086.6,122.86,7
15000490,KLR-GEN,1201006,PACKING MATERIAL,349.0,32031.22,91.78,7
15000491,KLR-GEN,1201006,PACKING MATERIAL,375.0,30123.75,80.33,8
15000492,KLR-EXS,1201006,PACKING MATERIAL,13.0,592.21,45.554615,4
15000493,KLR-GEN,1201006,PACKING MATERIAL,749.0,26749.8,35.714019,35
15000494,KLR-EXS,1201006,PACKING MATERIAL,809.0,40587.79,50.170321,4
15000494,KLR-GEN,1201006,PACKING MATERIAL,740.0,37126.03,50.170311,49
15000494,KLR-WIP,1201006,PACKING MATERIAL,46.0,2307.84,50.170435,30
15000495,KLR-GEN,1201006,PACKING MATERIAL,4510.0,6494.4,1.44,2
15000496,SAL-GEN,1201006,PACKING MATERIAL,117.0,4888.0,41.777778,3
15000497,KLR-EXS,1201006,PACKING MATERIAL,3333.0,833.25,0.25,1
15000497,KLR-GEN,1201006,PACKING MATERIAL,10218.0,2554.5,0.25,15
15000497,KLR-SUB,1201006,PACKING MATERIAL,2064.0,516.0,0.25,21
15000499,KLR-GEN,1201006,PACKING MATERIAL,26064.0,6516.0,0.25,7
15000500,KLR-EXS,1201006,PACKING MATERIAL,7318.0,1829.5,0.25,1
15000500,KLR-GEN,1201006,PACKING MATERIAL,6074.0,1518.5,0.25,10
15000500,KLR-SUB,1201006,PACKING MATERIAL,118.0,29.5,0.25,14
15000501,KLR-GEN,1201006,PACKING MATERIAL,24492.0,6123.0,0.25,18
15000502,KLR-EXS,1201006,PACKING MATERIAL,5785.0,1446.25,0.25,3
15000502,KLR-GEN,1201006,PACKING MATERIAL,19188.0,4797.0,0.25,19
15000502,KLR-SUB,1201006,PACKING MATERIAL,300.0,75.0,0.25,17
15000503,KLR-GEN,1201006,PACKING MATERIAL,11768.0,2942.0,0.25,25
15000503,KLR-SUB,1201006,PACKING MATERIAL,1252.0,313.0,0.25,27
15000504,KLR-GEN,1201006,PACKING MATERIAL,18096.0,4524.0,0.25,15
15000504,KLR-SUB,1201006,PACKING MATERIAL,1456.0,364.0,0.25,11
15000504,KLR-WIP,1201006,PACKING MATERIAL,650.0,162.5,0.25,6
15000505,KLR-EXS,1201006,PACKING MATERIAL,1050.0,262.5,0.25,1
15000505,KLR-GEN,1201006,PACKING MATERIAL,18546.0,4636.5,0.25,11
15000505,KLR-SUB,1201006,PACKING MATERIAL,1050.0,262.5,0.25,17
15000506,KLR-GEN,1201006,PACKING MATERIAL,16008.0,3611.4,0.2256,17
15000507,KLR-EXS,1201006,PACKING MATERIAL,2514.0,628.5,0.25,3
15000507,KLR-GEN,1201006,PACKING MATERIAL,1453.0,363.25,0.25,9
15000507,KLR-WIP,1201006,PACKING MATERIAL,4067.0,1016.75,0.25,4
15000508,KLR-EXS,1201006,PACKING MATERIAL,4891.0,1222.75,0.25,1
15000508,KLR-GEN,1201006,PACKING MATERIAL,22095.0,5523.75,0.25,10
15000508,KLR-SUB,1201006,PACKING MATERIAL,3965.0,991.25,0.25,10
15000508,KLR-WIP,1201006,PACKING MATERIAL,850.0,212.5,0.25,4
15000509,KLR-GEN,1201006,PACKING MATERIAL,6028.0,1507.0,0.25,36
15000509,KLR-SUB,1201006,PACKING MATERIAL,1868.0,467.0,0.25,35
15000510,KLR-EXS,1201006,PACKING MATERIAL,6745.0,1686.25,0.25,10
15000510,KLR-GEN,1201006,PACKING MATERIAL,3444.0,861.0,0.25,35
15000511,KLR-EXS,1201006,PACKING MATERIAL,1882.0,470.5,0.25,3
15000511,KLR-GEN,1201006,PACKING MATERIAL,25157.0,6289.25,0.25,33
15000511,KLR-SUB,1201006,PACKING MATERIAL,2377.0,594.25,0.25,37
15000512,KLR-EXS,1201006,PACKING MATERIAL,12944.0,3236.0,0.25,3
15000512,KLR-GEN,1201006,PACKING MATERIAL,55204.0,13801.0,0.25,24
15000512,KLR-SUB,1201006,PACKING MATERIAL,2840.0,710.0,0.25,20
15000513,KLR-EXS,1201006,PACKING MATERIAL,1088.0,2176.0,2.0,3
15000513,KLR-GEN,1201006,PACKING MATERIAL,3394.0,6788.0,2.0,38
15000513,KLR-WIP,1201006,PACKING MATERIAL,56.0,112.0,2.0,29
15000514,KLR-EXS,1201006,PACKING MATERIAL,56.0,56.0,1.0,3
15000514,KLR-GEN,1201006,PACKING MATERIAL,3867.0,3867.0,1.0,38
15000514,KLR-WIP,1201006,PACKING MATERIAL,56.0,56.0,1.0,29
15000515,KLR-GEN,1201006,PACKING MATERIAL,19737.0,78948.0,4.0,32
15000516,KLR-EXS,1201006,PACKING MATERIAL,84.0,126.0,1.5,4
15000517,KLR-GEN,1201006,PACKING MATERIAL,399.0,36895.53,92.47,2
15000518,SAL-GEN,1201006,PACKING MATERIAL,1119.0,41403.0,37.0,2
15000519,SAL-GEN,1201006,PACKING MATERIAL,374.0,7854.0,21.0,2
15000520,KLR-EXS,1201006,PACKING MATERIAL,28.186,3537.39,125.501667,3
15000520,KLR-GEN,1201006,PACKING MATERIAL,158.824,19932.7,125.501813,44
15000520,KLR-WIP,1201006,PACKING MATERIAL,9.176,1151.6,125.501308,29
15000522,KLR-GEN,1201006,PACKING MATERIAL,404.0,5649.9,13.984901,31
15000522,KLR-SUB,1201006,PACKING MATERIAL,25.0,287.5,11.5,3
15000523,SAL-GEN,1201006,PACKING MATERIAL,300.0,9360.0,31.2,3
15000524,KLR-GEN,1201006,PACKING MATERIAL,2100.0,3675.0,1.75,1
15000525,KLR-GEN,1201006,PACKING MATERIAL,4420.0,7735.0,1.75,1
15000526,KLR-EXS,1201006,PACKING MATERIAL,7.4955,706.91,94.311253,4
15000526,KLR-GEN,1201006,PACKING MATERIAL,192.5,18155.02,94.311792,17
15000526,KLR-SUB,1201006,PACKING MATERIAL,7.5,712.5,95.0,2
15000528,KLR-EXS,1201006,PACKING MATERIAL,6500.0,10435.77,1.605503,5
15000528,KLR-GEN,1201006,PACKING MATERIAL,4130.0,6630.73,1.605504,17
15000528,KLR-SUB,1201006,PACKING MATERIAL,6000.0,9826.94,1.637823,3
15000529,SAL-GEN,1201006,PACKING MATERIAL,1224.0,15300.0,12.5,11
15000530,SAL-GEN,1201006,PACKING MATERIAL,97.0,5044.0,52.0,12
15000531,SAL-GEN,1201006,PACKING MATERIAL,37.0,2775.0,75.0,2
15000532,SAL-GEN,1201006,PACKING MATERIAL,12.0,756.0,63.0,2
15000533,KLR-GEN,1201006,PACKING MATERIAL,341.0,31494.76,92.36,3
15000534,KLR-EXS,1201006,PACKING MATERIAL,17.0,622.54,36.62,3
15000534,KLR-GEN,1201006,PACKING MATERIAL,91.0,3332.42,36.62,8
15000534,KLR-WIP,1201006,PACKING MATERIAL,17.0,622.54,36.62,5
15000535,KLR-GEN,1201006,PACKING MATERIAL,126.0,4336.92,34.42,4
15000536,KLR-GEN,1201006,PACKING MATERIAL,7816.0,5862.0,0.75,38
15000536,KLR-WIP,1201006,PACKING MATERIAL,56.0,42.0,0.75,52
15000537,SAL-GEN,1201006,PACKING MATERIAL,618.0,14523.0,23.5,2
15000538,KLR-EXS,1201006,PACKING MATERIAL,45000.0,1440.0,0.032,1
15000538,KLR-GEN,1201006,PACKING MATERIAL,55000.0,1760.0,0.032,2
15000539,SAL-GEN,1201006,PACKING MATERIAL,22.0,1232.0,56.0,2
15000540,SAL-GEN,1201006,PACKING MATERIAL,3.0,219.0,73.0,2
15000541,SAL-GEN,1201006,PACKING MATERIAL,17.0,1105.0,65.0,2
15000542,KLR-EXS,1201006,PACKING MATERIAL,29.0,696.0,24.0,3
15000542,KLR-GEN,1201006,PACKING MATERIAL,862.0,20688.0,24.0,4
15000543,SAL-GEN,1201006,PACKING MATERIAL,325.0,7150.0,22.0,2
15000544,SAL-GEN,1201006,PACKING MATERIAL,575.0,18400.0,32.0,2
15000545,KLR-GEN,1201006,PACKING MATERIAL,41.0,2601.96,63.462439,5
15000547,KLR-EXS,1201006,PACKING MATERIAL,1100.0,20900.0,19.0,1
15000547,SAL-GEN,1201006,PACKING MATERIAL,233.0,4427.0,19.0,2
15000548,SAL-GEN,1201006,PACKING MATERIAL,55.0,3300.0,60.0,2
15000549,SAL-GEN,1201006,PACKING MATERIAL,10.0,630.0,63.0,2
15000550,KLR-EXS,1201006,PACKING MATERIAL,58.0,1450.0,25.0,1
15000550,KLR-GEN,1201006,PACKING MATERIAL,1490.0,37250.0,25.0,17
15000550,KLR-WIP,1201006,PACKING MATERIAL,11.0,275.0,25.0,19
15000551,KLR-EXS,1201006,PACKING MATERIAL,364.0,9828.0,27.0,4
15000551,KLR-GEN,1201006,PACKING MATERIAL,582.0,15714.0,27.0,16
15000551,KLR-WIP,1201006,PACKING MATERIAL,104.0,2808.0,27.0,14
15000552,KLR-GEN,1201006,PACKING MATERIAL,1375.0,42625.0,31.0,26
15000552,KLR-WIP,1201006,PACKING MATERIAL,136.0,4216.0,31.0,35
15000553,KLR-GEN,1201006,PACKING MATERIAL,134.0,4422.0,33.0,11
15000553,KLR-WIP,1201006,PACKING MATERIAL,171.0,5643.0,33.0,8
15000554,KLR-GEN,1201006,PACKING MATERIAL,881.0,21580.06,24.49496,10
15000554,KLR-WIP,1201006,PACKING MATERIAL,224.0,5488.56,24.5025,5
15000555,KLR-EXS,1201006,PACKING MATERIAL,150.0,3721.73,24.811533,1
15000555,KLR-GEN,1201006,PACKING MATERIAL,1200.0,29773.8,24.8115,15
15000555,KLR-WIP,1201006,PACKING MATERIAL,150.0,3732.59,24.883933,7
15000556,KLR-EXS,1201006,PACKING MATERIAL,353.0,47.42,0.134334,4
15000556,KLR-FG,1201006,PACKING MATERIAL,5000.0,650.0,0.13,1
15000556,KLR-GEN,1201006,PACKING MATERIAL,3651.0,479.66,0.131378,87
15000556,KLR-SUB,1201006,PACKING MATERIAL,16349.0,2196.02,0.134321,129
15000556,KLR-WIP,1201006,PACKING MATERIAL,153.0,20.56,0.134379,30
15000558,KLR-EXS,1201006,PACKING MATERIAL,1493.0,361.47,0.24211,3
15000558,KLR-GEN,1201006,PACKING MATERIAL,18831.0,4559.16,0.242109,12
15000558,KLR-SUB,1201006,PACKING MATERIAL,1500.0,363.16,0.242107,10
15000559,KLR-EXS,1201006,PACKING MATERIAL,374.0,523.6,1.4,1
15000559,KLR-GEN,1201006,PACKING MATERIAL,1526.0,2136.4,1.4,16
15000559,KLR-WIP,1201006,PACKING MATERIAL,374.0,523.6,1.4,12
15000560,KLR-EXS,1201006,PACKING MATERIAL,34.58088,3319.76,95.99987,3
15000560,KLR-GEN,1201006,PACKING MATERIAL,53.41654,5127.99,96.00004,14
15000560,KLR-WIP,1201006,PACKING MATERIAL,16.58346,1592.02,96.000473,12
15000561,KLR-EXS,1201006,PACKING MATERIAL,1.75,89.88,51.36,3
15000561,KLR-GEN,1201006,PACKING MATERIAL,165.0,8474.4,51.36,5
15000561,KLR-WIP,1201006,PACKING MATERIAL,1.0,51.36,51.36,13
15000562,KLR-EXS,1201006,PACKING MATERIAL,6.625,410.75,62.0,3
15000562,KLR-GEN,1201006,PACKING MATERIAL,85.0,5270.0,62.0,6
15000562,KLR-WIP,1201006,PACKING MATERIAL,5.0,310.0,62.0,9
15000563,KLR-EXS,1201006,PACKING MATERIAL,5.0,362.5,72.5,1
15000563,KLR-GEN,1201006,PACKING MATERIAL,117.0,8482.5,72.5,2
15000563,KLR-WIP,1201006,PACKING MATERIAL,5.0,362.5,72.5,1
15000564,KLR-GEN,1201006,PACKING MATERIAL,52.0,4212.0,81.0,5
15000564,KLR-WIP,1201006,PACKING MATERIAL,1.0,81.0,81.0,20
15000565,SAL-GEN,1201006,PACKING MATERIAL,60.0,2220.0,37.0,2
15000570,SAL-GEN,1201006,PACKING MATERIAL,336.0,11088.0,33.0,2
15000571,SAL-GEN,1201006,PACKING MATERIAL,100.0,4500.0,45.0,2
15000572,SAL-GEN,1201006,PACKING MATERIAL,98.0,2744.0,28.0,2
15000573,SAL-GEN,1201006,PACKING MATERIAL,260.0,20800.0,80.0,1
15000574,SAL-GEN,1201006,PACKING MATERIAL,251.0,20080.0,80.0,1
15000576,SAL-GEN,1201006,PACKING MATERIAL,13.0,1131.0,87.0,2
15000577,SAL-GEN,1201006,PACKING MATERIAL,21.0,1386.0,66.0,2
15000578,SAL-GEN,1201006,PACKING MATERIAL,123.0,7626.0,62.0,1
15000579,SAL-GEN,1201006,PACKING MATERIAL,3.0,219.0,73.0,2
15000582,KLR-EXS,1201006,PACKING MATERIAL,2440.0,610.0,0.25,1
15000582,KLR-GEN,1201006,PACKING MATERIAL,6615.0,1653.75,0.25,28
15000582,KLR-SUB,1201006,PACKING MATERIAL,1550.0,387.5,0.25,42
15000583,KLR-EXS,1201006,PACKING MATERIAL,1050.0,24150.0,23.0,1
15000584,KLR-EXS,1201006,PACKING MATERIAL,1100.0,35200.0,32.0,1
15000585,KLR-EXS,1201006,PACKING MATERIAL,1125.0,21375.0,19.0,1
15000588,SAL-GEN,1201006,PACKING MATERIAL,509.0,40969.41,80.49,2
15000589,SAL-GEN,1201006,PACKING MATERIAL,495.0,25502.4,51.52,1
15000590,SAL-GEN,1201006,PACKING MATERIAL,1500.0,3750.0,2.5,2
15000591,KLR-GEN,1201006,PACKING MATERIAL,19237.0,4809.25,0.25,11
15000591,KLR-SUB,1201006,PACKING MATERIAL,2507.0,626.75,0.25,16
15000592,KLR-GEN,1201006,PACKING MATERIAL,430.0,5805.0,13.5,4
15000593,KLR-EXS,1201006,PACKING MATERIAL,8700.0,6525.0,0.75,1
15000593,KLR-GEN,1201006,PACKING MATERIAL,4300.0,3225.0,0.75,6
15000594,KLR-EXS,1201006,PACKING MATERIAL,430.0,3655.0,8.5,1
15000594,SAL-GEN,1201006,PACKING MATERIAL,2000.0,17000.0,8.5,1
15000595,SAL-GEN,1201006,PACKING MATERIAL,2000.0,17000.0,8.5,1
15000596,SAL-GEN,1201006,PACKING MATERIAL,2000.0,14000.0,7.0,1
15000597,KLR-EXS,1201006,PACKING MATERIAL,10.0,470.0,47.0,1
15000597,SAL-GEN,1201006,PACKING MATERIAL,1034.0,48598.0,47.0,3
15000598,SAL-GEN,1201006,PACKING MATERIAL,271.0,4742.5,17.5,2
15000599,KLR-EXS,1201006,PACKING MATERIAL,24.0,4680.0,195.0,1
15000600,KLR-EXS,1201006,PACKING MATERIAL,5000.0,4250.0,0.85,1
15000601,KLR-EXS,1201006,PACKING MATERIAL,25.0,675.0,27.0,1
15000601,KLR-GEN,1201006,PACKING MATERIAL,987.0,26649.0,27.0,4
15000601,KLR-WIP,1201006,PACKING MATERIAL,25.0,675.0,27.0,1
15000602,SAL-GEN,1201006,PACKING MATERIAL,83.0,788.5,9.5,3
15000603,SAL-GEN,1201006,PACKING MATERIAL,101.0,1111.0,11.0,3
15000604,SAL-GEN,1201006,PACKING MATERIAL,12.0,600.0,50.0,3
15000605,SAL-GEN,1201006,PACKING MATERIAL,58.0,3306.0,57.0,2
15000606,KLR-EXS,1201006,PACKING MATERIAL,79.0,4169.62,52.78,1
15000606,KLR-GEN,1201006,PACKING MATERIAL,119.0,6280.82,52.78,2
15000607,KLR-EXS,1201006,PACKING MATERIAL,5600.0,814.33,0.145416,1
15000607,KLR-GEN,1201006,PACKING MATERIAL,104400.0,15181.5,0.145417,8
15000607,KLR-SUB,1201006,PACKING MATERIAL,600.0,66.0,0.11,1
15000607,SAL-GEN,1201006,PACKING MATERIAL,20000.0,2200.0,0.11,4
15000608,KLR-EXS,1201006,PACKING MATERIAL,253530.0,24611.91,0.097077,1
15000608,KLR-GEN,1201006,PACKING MATERIAL,10175.0,987.76,0.097077,42
15000608,KLR-SUB,1201006,PACKING MATERIAL,15025.0,1487.58,0.099007,65
15000608,KLR-WIP,1201006,PACKING MATERIAL,19800.0,1978.02,0.0999,9
15000608,SAL-GEN,1201006,PACKING MATERIAL,200000.0,18000.0,0.09,4
15000609,SAL-GEN,1201006,PACKING MATERIAL,1199.0,52756.0,44.0,17
15000610,SAL-GEN,1201006,PACKING MATERIAL,612.0,33354.0,54.5,11
15000612,KLR-EXS,1201006,PACKING MATERIAL,4.0,43.2,10.8,1
15000613,KLR-EXS,1201006,PACKING MATERIAL,18.75,1706.25,91.0,1
15000614,SAL-GEN,1201006,PACKING MATERIAL,30.0,1290.0,43.0,3
15000617,KLR-EXS,1201006,PACKING MATERIAL,50.0,500.0,10.0,1
15000618,KLR-EXS,1201006,PACKING MATERIAL,50.0,600.0,12.0,1
15000619,KLR-GEN,1201006,PACKING MATERIAL,50.0,550.0,11.0,1
15000620,KLR-GEN,1201006,PACKING MATERIAL,50.0,800.0,16.0,1
15000622,KLR-EXS,1201006,PACKING MATERIAL,83.0,3382.27,40.750241,1
15000622,KLR-GEN,1201006,PACKING MATERIAL,195.0,7946.29,40.750205,9
15000622,KLR-WIP,1201006,PACKING MATERIAL,83.0,3382.27,40.750241,7
15000623,KLR-EXS,1201006,PACKING MATERIAL,835.0,38354.34,45.933341,1
15000624,KLR-EXS,1201006,PACKING MATERIAL,1033.0,3925.4,3.8,1
15000625,KLR-EXS,1201006,PACKING MATERIAL,155.25,19968.49,128.621514,1
15000625,KLR-WIP,1201006,PACKING MATERIAL,50.0,6431.07,128.6214,12
15000626,KLR-EXS,1201006,PACKING MATERIAL,9.875,1270.14,128.621772,1
15000626,KLR-GEN,1201006,PACKING MATERIAL,90.125,11592.01,128.62147,8
15000626,KLR-WIP,1201006,PACKING MATERIAL,9.875,1270.14,128.621772,8
15000628,KLR-EXS,1201006,PACKING MATERIAL,8.0,1160.0,145.0,3
15000628,KLR-GEN,1201006,PACKING MATERIAL,60.0,8700.0,145.0,5
15000629,KLR-EXS,1201006,PACKING MATERIAL,190.0,2660.0,14.0,1
15000630,KLR-EXS,1201006,PACKING MATERIAL,392.0,5880.0,15.0,1
15000631,KLR-EXS,1201006,PACKING MATERIAL,2133.0,2133.0,1.0,1
15000631,KLR-GEN,1201006,PACKING MATERIAL,1886.0,1886.0,1.0,15
15000631,KLR-WIP,1201006,PACKING MATERIAL,2014.0,2014.0,1.0,19
15000632,KLR-GEN,1201006,PACKING MATERIAL,1714.0,71536.05,41.736319,2
15000633,KLR-EXS,1201006,PACKING MATERIAL,8.0,363.6,45.45,3
15000633,KLR-GEN,1201006,PACKING MATERIAL,189.0,8590.17,45.450635,4
15000633,KLR-WIP,1201006,PACKING MATERIAL,8.0,363.6,45.45,1
15000634,KLR-GEN,1201006,PACKING MATERIAL,184.0,8743.35,47.518207,4
15000635,KLR-GEN,1201006,PACKING MATERIAL,100.0,9230.0,92.3,1
15000636,KLR-GEN,1201006,PACKING MATERIAL,100.0,11830.0,118.3,1
15000637,KLR-GEN,1201006,PACKING MATERIAL,100.0,12116.0,121.16,1
15000638,SAL-GEN,1201006,PACKING MATERIAL,166.0,5312.0,32.0,1
15000639,SAL-GEN,1201006,PACKING MATERIAL,78.0,2808.0,36.0,1
15000640,KLR-EXS,1201006,PACKING MATERIAL,15.9,2830.2,178.0,1
15000640,KLR-GEN,1201006,PACKING MATERIAL,29.5,5251.0,178.0,2
15000645,KLR-GEN,1201006,PACKING MATERIAL,33.0,1445.3,43.79697,2
15000646,KLR-GEN,1201006,PACKING MATERIAL,10.0,513.97,51.397,2
15000648,KLR-GEN,1201006,PACKING MATERIAL,416.0,312.0,0.75,1
15000649,KLR-EXS,1201006,PACKING MATERIAL,1540.0,1155.0,0.75,1
15000649,KLR-GEN,1201006,PACKING MATERIAL,8050.0,6037.5,0.75,2
15000650,KLR-GEN,1201006,PACKING MATERIAL,1092.0,819.0,0.75,1
15000651,KLR-EXS,1201006,PACKING MATERIAL,65.0,48.75,0.75,1
15000651,KLR-GEN,1201006,PACKING MATERIAL,1820.0,1365.0,0.75,2
15000652,KLR-GEN,1201006,PACKING MATERIAL,25225.0,18918.75,0.75,2
15000653,KLR-GEN,1201006,PACKING MATERIAL,4800.0,3600.0,0.75,2
15000654,KLR-EXS,1201006,PACKING MATERIAL,50.0,37.5,0.75,1
15000654,KLR-GEN,1201006,PACKING MATERIAL,992.0,744.0,0.75,3
15000654,KLR-WIP,1201006,PACKING MATERIAL,50.0,37.5,0.75,1
15000656,KLR-EXS,1201006,PACKING MATERIAL,32200.0,2898.0,0.09,2
15000656,KLR-GEN,1201006,PACKING MATERIAL,18000.0,1620.0,0.09,11
15000657,SAL-GEN,1201006,PACKING MATERIAL,76.0,5396.0,71.0,1
15000658,SAL-GEN,1201006,PACKING MATERIAL,80.0,4800.0,60.0,1
15000659,SAL-GEN,1201006,PACKING MATERIAL,83.0,4482.0,54.0,1
15000660,SAL-GEN,1201006,PACKING MATERIAL,58.0,3248.0,56.0,1
15000661,KLR-GEN,1201006,PACKING MATERIAL,3000.0,3000.0,1.0,2
15000662,KLR-GEN,1201006,PACKING MATERIAL,3000.0,2850.0,0.95,2
13000003,KLR-EXS,1201008,SCRAP,108.88982,1.05,0.009643,1
13000003,KLR-REJ,1201008,SCRAP,-38.82119,0.0,0.0,261
13000005,KLR-FG,1201008,SCRAP,0.45,0.0,0.0,2
13000008,KLR-REJ,1201008,SCRAP,-18780.88433,0.0,0.0,1774
13000009,KLR-FG,1201008,SCRAP,-383.569,0.0,0.0,11
13000010,KLR-FG,1201008,SCRAP,-484.0,0.0,0.0,21
13000011,KLR-FG,1201008,SCRAP,-46390.71509,0.0,0.0,53
13000011,KLR-REJ,1201008,SCRAP,-206.72,0.0,0.0,21
13000014,KLR-EXS,1201008,SCRAP,1225.687,98.16,0.080086,1
13000014,KLR-FG,1201008,SCRAP,-5036.87816,0.0,0.0,20
13000014,KLR-REJ,1201008,SCRAP,-7085.278,0.0,0.0,234
13000015,KLR-FG,1201008,SCRAP,20.0,0.0,0.0,2
13000016,KLR-FG,1201008,SCRAP,-1322.58,0.0,0.0,2
13000018,KLR-FG,1201008,SCRAP,-345.0,0.0,0.0,2
13000018,SAL-GEN,1201008,SCRAP,606.0,2.6,0.00429,1
12000520,KLR-EXS,1201010,BROUGHT OUT STOCK,331.0,4501.6,13.6,1
12000520,KLR-WIP,1201010,BROUGHT OUT STOCK,-685.0,-8391.25,12.25,8
18000001,KLR-EXS,1201010,BROUGHT OUT STOCK,49.0,51403.44,1049.049796,1
18000002,KLR-GEN,1201010,BROUGHT OUT STOCK,10.0,17638.98,1763.898,25
18000003,KLR-EXS,1201010,BROUGHT OUT STOCK,2.0,2513.49,1256.745,1
18000003,KLR-GEN,1201010,BROUGHT OUT STOCK,1.0,1256.74,1256.74,29
18000004,KLR-EXS,1201010,BROUGHT OUT STOCK,38.0,54141.5,1424.776316,2
18000005,KER-GEN,1201010,BROUGHT OUT STOCK,2.0,1614.32,807.16,1
18000007,KLR-EXS,1201010,BROUGHT OUT STOCK,134.0,3364.74,25.11,1
18000008,KLR-EXS,1201010,BROUGHT OUT STOCK,2.0,57.22,28.61,1
18000009,KLR-EXS,1201010,BROUGHT OUT STOCK,2001.0,90045.0,45.0,1
18000009,KLR-GEN,1201010,BROUGHT OUT STOCK,167.0,7515.0,45.0,31
18000010,KLR-GEN,1201010,BROUGHT OUT STOCK,427.0,19215.03,45.00007,38
18000012,KLR-GEN,1201010,BROUGHT OUT STOCK,195.0,8108.1,41.58,36
18000013,KLR-EXS,1201010,BROUGHT OUT STOCK,210.0,30145.27,143.548905,1
18000013,KLR-GEN,1201010,BROUGHT OUT STOCK,52.0,7464.54,143.548846,6
18000014,KLR-EXS,1201010,BROUGHT OUT STOCK,348.0,59944.19,172.25342,1
18000014,KLR-GEN,1201010,BROUGHT OUT STOCK,18.0,3100.56,172.253333,7
18000015,KLR-EXS,1201010,BROUGHT OUT STOCK,38.0,7653.14,201.398421,1
18000015,KLR-GEN,1201010,BROUGHT OUT STOCK,37.0,7451.74,201.398378,6
18000016,KLR-EXS,1201010,BROUGHT OUT STOCK,190.0,44141.12,232.321684,1
18000016,KLR-GEN,1201010,BROUGHT OUT STOCK,36.0,8363.58,232.321667,5
18000017,KLR-EXS,1201010,BROUGHT OUT STOCK,483.0,177691.4,367.891097,1
18000018,KLR-EXS,1201010,BROUGHT OUT STOCK,1262.0,14639.2,11.6,1
18000018,KLR-GEN,1201010,BROUGHT OUT STOCK,1356.0,15729.6,11.6,28
18000019,KLR-EXS,1201010,BROUGHT OUT STOCK,251.0,3702.25,14.75,1
18000019,KLR-GEN,1201010,BROUGHT OUT STOCK,23.0,339.25,14.75,26
18000020,KLR-GEN,1201010,BROUGHT OUT STOCK,65.0,1394.25,21.45,21
18000020,KLR-WIP,1201010,BROUGHT OUT STOCK,100.0,2143.3,21.433,16
18000021,KLR-EXS,1201010,BROUGHT OUT STOCK,2692.0,57070.4,21.2,1
18000021,KLR-GEN,1201010,BROUGHT OUT STOCK,47.0,996.4,21.2,28
18000021,KLR-WIP,1201010,BROUGHT OUT STOCK,100.0,2120.0,21.2,13
18000022,KLR-GEN,1201010,BROUGHT OUT STOCK,83.0,2158.0,26.0,28
18000023,KLR-GEN,1201010,BROUGHT OUT STOCK,2.0,23.0,11.5,21
18000024,KLR-EXS,1201010,BROUGHT OUT STOCK,3202.0,47166.93,14.730459,2
18000024,KLR-GEN,1201010,BROUGHT OUT STOCK,43.0,633.41,14.730465,29
18000025,KLR-EXS,1201010,BROUGHT OUT STOCK,95.0,1719.5,18.1,1
18000025,KLR-WIP,1201010,BROUGHT OUT STOCK,94.0,1701.4,18.1,32
18000026,KLR-GEN,1201010,BROUGHT OUT STOCK,58.0,1354.3,23.35,28
18000027,KLR-EXS,1201010,BROUGHT OUT STOCK,1174.0,20946.05,17.84161,1
18000027,KLR-GEN,1201010,BROUGHT OUT STOCK,1257.0,22426.9,17.841607,49
18000027,KLR-WIP,1201010,BROUGHT OUT STOCK,138.0,2462.14,17.841594,25
18000028,KLR-GEN,1201010,BROUGHT OUT STOCK,1366.0,34669.08,25.38,51
18000028,KLR-WIP,1201010,BROUGHT OUT STOCK,63.0,1559.84,24.759365,31
18000029,KLR-GEN,1201010,BROUGHT OUT STOCK,61.0,1594.55,26.140164,25
18000030,KLR-EXS,1201010,BROUGHT OUT STOCK,259.0,8029.0,31.0,1
18000030,KLR-GEN,1201010,BROUGHT OUT STOCK,1907.0,59117.0,31.0,41
18000030,KLR-WIP,1201010,BROUGHT OUT STOCK,200.0,6200.0,31.0,24
18000031,KLR-GEN,1201010,BROUGHT OUT STOCK,75.0,1327.5,17.7,22
18000032,KLR-GEN,1201010,BROUGHT OUT STOCK,1554.0,33566.4,21.6,20
18000033,KLR-GEN,1201010,BROUGHT OUT STOCK,3805.0,98930.0,26.0,31
18000033,KLR-WIP,1201010,BROUGHT OUT STOCK,400.0,10400.0,26.0,25
18000034,KLR-EXS,1201010,BROUGHT OUT STOCK,24.0,742.32,30.93,1
18000034,KLR-GEN,1201010,BROUGHT OUT STOCK,258.0,7979.94,30.93,20
18000035,KLR-GEN,1201010,BROUGHT OUT STOCK,84.0,1618.68,19.27,17
18000036,KLR-EXS,1201010,BROUGHT OUT STOCK,919.0,19850.4,21.6,1
18000036,KLR-GEN,1201010,BROUGHT OUT STOCK,159.0,3434.4,21.6,20
18000037,KLR-EXS,1201010,BROUGHT OUT STOCK,63.0,1726.83,27.41,1
18000037,KLR-GEN,1201010,BROUGHT OUT STOCK,247.0,6770.27,27.41,20
18000038,KLR-GEN,1201010,BROUGHT OUT STOCK,148.0,4577.64,30.93,7
18000041,KLR-EXS,1201010,BROUGHT OUT STOCK,140.0,3971.35,28.366786,1
18000041,KLR-GEN,1201010,BROUGHT OUT STOCK,18.0,510.6,28.366667,34
18000042,KLR-EXS,1201010,BROUGHT OUT STOCK,108.0,5599.24,51.844815,1
18000042,KLR-GEN,1201010,BROUGHT OUT STOCK,90.0,4666.04,51.844889,11
18000043,KLR-EXS,1201010,BROUGHT OUT STOCK,292.0,8563.67,29.327637,1
18000043,KLR-GEN,1201010,BROUGHT OUT STOCK,56.0,1642.35,29.327679,22
18000044,KLR-GEN,1201010,BROUGHT OUT STOCK,111.0,2941.5,26.5,54
18000051,KLR-GEN,1201010,BROUGHT OUT STOCK,434.0,22568.0,52.0,15
18000051,KLR-WIP,1201010,BROUGHT OUT STOCK,338.0,17576.0,52.0,18
18000052,KLR-EXS,1201010,BROUGHT OUT STOCK,1419.0,82414.54,58.079309,1
18000052,KLR-GEN,1201010,BROUGHT OUT STOCK,30.0,1742.38,58.079333,15
18000053,KLR-EXS,1201010,BROUGHT OUT STOCK,505.0,26354.09,52.186317,2
18000055,KLR-EXS,1201010,BROUGHT OUT STOCK,418.0,220897.7,528.463397,2
18000055,KLR-GEN,1201010,BROUGHT OUT STOCK,124.0,65529.46,528.463387,51
18000055,KLR-SER,1201010,BROUGHT OUT STOCK,15.0,12733.96,848.930667,7
18000055,KLR-SR,1201010,BROUGHT OUT STOCK,1.0,851.4,851.4,1
18000055,KLR-SUB,1201010,BROUGHT OUT STOCK,2.0,1045.28,522.64,2
18000056,KLR-GEN,1201010,BROUGHT OUT STOCK,1.0,500.0,500.0,40
18000057,KLR-GEN,1201010,BROUGHT OUT STOCK,668.0,16953.84,25.38,32
18000058,KLR-GEN,1201010,BROUGHT OUT STOCK,393.0,10823.22,27.54,34
18000058,KLR-WIP,1201010,BROUGHT OUT STOCK,702.0,19333.08,27.54,25
18000059,KLR-GEN,1201010,BROUGHT OUT STOCK,540.0,18370.8,34.02,33
18000059,KLR-WIP,1201010,BROUGHT OUT STOCK,91.0,3095.82,34.02,23
18000060,KLR-GEN,1201010,BROUGHT OUT STOCK,67.0,1369.48,20.44,19
18000061,KLR-EXS,1201010,BROUGHT OUT STOCK,3267.0,66973.5,20.5,1
18000061,KLR-GEN,1201010,BROUGHT OUT STOCK,18.0,369.0,20.5,16
18000062,KLR-EXS,1201010,BROUGHT OUT STOCK,76.0,2198.68,28.93,1
18000062,KLR-GEN,1201010,BROUGHT OUT STOCK,21.0,607.53,28.93,21
18000063,KLR-EXS,1201010,BROUGHT OUT STOCK,71.0,2691.61,37.91,1
18000063,KLR-GEN,1201010,BROUGHT OUT STOCK,22.0,834.02,37.91,7
18000064,KLR-GEN,1201010,BROUGHT OUT STOCK,3609.0,140303.57,38.876024,16
18000065,KLR-GEN,1201010,BROUGHT OUT STOCK,60.0,2872.8,47.88,7
18000066,KLR-GEN,1201010,BROUGHT OUT STOCK,82.0,39360.0,480.0,7
18000067,KLR-EXS,1201010,BROUGHT OUT STOCK,19.0,6365.0,335.0,1
18000067,KLR-GEN,1201010,BROUGHT OUT STOCK,7.0,2345.0,335.0,15
18000067,KLR-WIP,1201010,BROUGHT OUT STOCK,18.0,6030.0,335.0,2
18000068,KLR-EXS,1201010,BROUGHT OUT STOCK,3560.0,163368.4,45.89,1
18000068,KLR-GEN,1201010,BROUGHT OUT STOCK,741.0,34004.49,45.89,20
18000069,KLR-EXS,1201010,BROUGHT OUT STOCK,194.0,25753.5,132.75,1
18000069,KLR-GEN,1201010,BROUGHT OUT STOCK,39.0,5177.25,132.75,8
18000070,KLR-GEN,1201010,BROUGHT OUT STOCK,36.0,5416.2,150.45,9
18000071,KLR-GEN,1201010,BROUGHT OUT STOCK,30.0,5310.0,177.0,11
18000072,KLR-GEN,1201010,BROUGHT OUT STOCK,89.0,19958.25,224.25,12
18000073,KLR-GEN,1201010,BROUGHT OUT STOCK,62.0,16019.56,258.38,23
18000074,KLR-GEN,1201010,BROUGHT OUT STOCK,173.0,52289.25,302.25,14
18000076,KLR-EXS,1201010,BROUGHT OUT STOCK,41.0,2266.07,55.27,1
18000076,KLR-GEN,1201010,BROUGHT OUT STOCK,4784.0,264411.68,55.27,2
18000077,KLR-EXS,1201010,BROUGHT OUT STOCK,233.0,12877.91,55.27,1
18000077,KLR-GEN,1201010,BROUGHT OUT STOCK,813.0,44934.51,55.27,2
18000078,KLR-GEN,1201010,BROUGHT OUT STOCK,1772.0,60708.72,34.26,2
18000080,KLR-GEN,1201010,BROUGHT OUT STOCK,2579.0,170265.58,66.02,2
18000081,KLR-GEN,1201010,BROUGHT OUT STOCK,1672.0,110602.8,66.15,2
18000083,KLR-GEN,1201010,BROUGHT OUT STOCK,21.0,946.89,45.09,1
18000084,KLR-EXS,1201010,BROUGHT OUT STOCK,1093.0,72301.95,66.15,1
18000084,KLR-GEN,1201010,BROUGHT OUT STOCK,113.0,7474.95,66.15,2
18000085,KLR-GEN,1201010,BROUGHT OUT STOCK,27.0,1217.43,45.09,2
18000086,KLR-GEN,1201010,BROUGHT OUT STOCK,114.0,4647.78,40.77,41
18000086,KLR-WIP,1201010,BROUGHT OUT STOCK,38.0,1549.26,40.77,44
18000087,KLR-EXS,1201010,BROUGHT OUT STOCK,1.0,452.01,452.01,1
18000090,KLR-EXS,1201010,BROUGHT OUT STOCK,2.0,1243.62,621.81,1
18000091,KLR-EXS,1201010,BROUGHT OUT STOCK,2.0,1554.52,777.26,1
18000092,KLR-EXS,1201010,BROUGHT OUT STOCK,3.0,2893.8,964.6,1
18000092,KLR-GEN,1201010,BROUGHT OUT STOCK,13.0,12539.8,964.6,5
18000094,KLR-EXS,1201010,BROUGHT OUT STOCK,391.0,14469.95,37.007545,1
18000094,KLR-GEN,1201010,BROUGHT OUT STOCK,582.0,21538.38,37.007526,24
18000101,KLR-GEN,1201010,BROUGHT OUT STOCK,72.0,17134.56,237.98,26
18000102,KLR-GEN,1201010,BROUGHT OUT STOCK,206.0,56505.8,274.3,15
18000103,KLR-GEN,1201010,BROUGHT OUT STOCK,108.0,34171.2,316.4,13
18000104,KLR-EXS,1201010,BROUGHT OUT STOCK,20.0,7053.6,352.68,1
18000104,KLR-GEN,1201010,BROUGHT OUT STOCK,11.0,3879.48,352.68,19
18000105,KLR-GEN,1201010,BROUGHT OUT STOCK,89.0,28070.6,315.4,18
18000106,KLR-EXS,1201010,BROUGHT OUT STOCK,142.0,50992.2,359.1,1
18000106,KLR-GEN,1201010,BROUGHT OUT STOCK,126.0,45246.6,359.1,41
18000107,KLR-GEN,1201010,BROUGHT OUT STOCK,197.0,80701.05,409.65,30
18000108,KLR-EXS,1201010,BROUGHT OUT STOCK,57.0,26966.7,473.1,1
18000108,KLR-GEN,1201010,BROUGHT OUT STOCK,44.0,20816.4,473.1,28
18000109,KLR-GEN,1201010,BROUGHT OUT STOCK,2872.0,86160.0,30.0,7
18000116,KLR-GEN,1201010,BROUGHT OUT STOCK,14.0,2072.0,148.0,27
18000117,KLR-EXS,1201010,BROUGHT OUT STOCK,428.0,63416.33,148.168995,1
18000117,KLR-GEN,1201010,BROUGHT OUT STOCK,74.0,10964.5,148.168919,9
18000118,KLR-EXS,1201010,BROUGHT OUT STOCK,1549.0,267977.0,173.0,2
18000118,KLR-WIP,1201010,BROUGHT OUT STOCK,26.0,4498.0,173.0,20
18000119,KLR-GEN,1201010,BROUGHT OUT STOCK,29.0,3480.0,120.0,26
18000120,KLR-GEN,1201010,BROUGHT OUT STOCK,18.0,5130.0,285.0,7
18000122,KLR-EXS,1201010,BROUGHT OUT STOCK,72.0,35640.0,495.0,1
18000126,KLR-EXS,1201010,BROUGHT OUT STOCK,154.0,26642.0,173.0,1
18000126,KLR-GEN,1201010,BROUGHT OUT STOCK,39.0,6747.0,173.0,41
18000127,KLR-GEN,1201010,BROUGHT OUT STOCK,149.0,17582.0,118.0,23
18000128,KLR-GEN,1201010,BROUGHT OUT STOCK,202.0,29450.28,145.793465,49
18000129,KLR-EXS,1201010,BROUGHT OUT STOCK,92.0,14329.23,155.7525,1
18000129,KLR-GEN,1201010,BROUGHT OUT STOCK,61.0,9500.9,155.752459,42
18000130,KLR-GEN,1201010,BROUGHT OUT STOCK,30.0,11100.0,370.0,7
18000131,KLR-GEN,1201010,BROUGHT OUT STOCK,2.0,888.0,444.0,11
18000132,KLR-EXS,1201010,BROUGHT OUT STOCK,1021.0,25525.0,25.0,1
18000132,KLR-GEN,1201010,BROUGHT OUT STOCK,68.0,1700.0,25.0,42
18000133,KLR-EXS,1201010,BROUGHT OUT STOCK,1665.0,53046.9,31.86,1
18000133,KLR-GEN,1201010,BROUGHT OUT STOCK,118.0,3759.48,31.86,28
18000133,KLR-WIP,1201010,BROUGHT OUT STOCK,2.0,63.72,31.86,21
18000134,KLR-EXS,1201010,BROUGHT OUT STOCK,600.0,73800.0,123.0,1
18000137,KLR-GEN,1201010,BROUGHT OUT STOCK,235.0,9517.5,40.5,38
18000142,KLR-GEN,1201010,BROUGHT OUT STOCK,129.0,17028.0,132.0,51
18000143,KLR-EXS,1201010,BROUGHT OUT STOCK,167.0,15532.98,93.011856,2
18000143,KLR-GEN,1201010,BROUGHT OUT STOCK,101.0,9306.86,92.147129,80
18000144,KLR-EXS,1201010,BROUGHT OUT STOCK,72.0,15929.27,221.239861,1
18000148,KLR-EXS,1201010,BROUGHT OUT STOCK,71.0,13738.5,193.5,1
18000148,KLR-GEN,1201010,BROUGHT OUT STOCK,84.0,16254.0,193.5,32
18000149,KLR-EXS,1201010,BROUGHT OUT STOCK,49.0,12558.7,256.3,1
18000149,KLR-GEN,1201010,BROUGHT OUT STOCK,78.0,19991.4,256.3,28
18000150,KLR-GEN,1201010,BROUGHT OUT STOCK,72.0,20970.0,291.25,24
18000151,KLR-EXS,1201010,BROUGHT OUT STOCK,78.0,21270.6,272.7,1
18000151,KLR-GEN,1201010,BROUGHT OUT STOCK,72.0,19634.4,272.7,35
18000152,KLR-GEN,1201010,BROUGHT OUT STOCK,152.0,56019.6,368.55,12
18000153,KLR-EXS,1201010,BROUGHT OUT STOCK,15.0,6147.0,409.8,1
18000153,KLR-GEN,1201010,BROUGHT OUT STOCK,63.0,25817.4,409.8,19
18000154,KER-GEN,1201010,BROUGHT OUT STOCK,10.0,7590.0,759.0,1
18000154,KLR-GEN,1201010,BROUGHT OUT STOCK,38.0,16530.0,435.0,3
18000155,KLR-GEN,1201010,BROUGHT OUT STOCK,44.0,15620.0,355.0,6
18000157,KLR-GEN,1201010,BROUGHT OUT STOCK,29.0,16240.0,560.0,3
18000158,KLR-GEN,1201010,BROUGHT OUT STOCK,72.0,3240.0,45.0,17
18000158,KLR-WIP,1201010,BROUGHT OUT STOCK,2899.0,130455.0,45.0,21
18000159,KLR-EXS,1201010,BROUGHT OUT STOCK,795.0,49290.0,62.0,2
18000159,KLR-GEN,1201010,BROUGHT OUT STOCK,146.0,9052.0,62.0,29
18000160,KLR-GEN,1201010,BROUGHT OUT STOCK,407.0,27269.0,67.0,19
18000161,KLR-GEN,1201010,BROUGHT OUT STOCK,213.0,12141.0,57.0,27
18000172,KLR-GEN,1201010,BROUGHT OUT STOCK,115.0,4255.0,37.0,44
18000173,KLR-GEN,1201010,BROUGHT OUT STOCK,314.0,13502.0,43.0,28
18000173,KLR-WIP,1201010,BROUGHT OUT STOCK,194.0,8342.0,43.0,14
18000174,KLR-GEN,1201010,BROUGHT OUT STOCK,177.0,8319.0,47.0,43
18000175,KLR-EXS,1201010,BROUGHT OUT STOCK,243.0,12393.0,51.0,1
18000175,KLR-GEN,1201010,BROUGHT OUT STOCK,166.0,8466.0,51.0,37
18000176,KLR-EXS,1201010,BROUGHT OUT STOCK,190.0,155124.5,816.444737,2
18000176,KLR-GEN,1201010,BROUGHT OUT STOCK,44.0,35923.57,816.444773,43
18000177,KLR-EXS,1201010,BROUGHT OUT STOCK,833.0,752394.92,903.235198,1
18000177,KLR-GEN,1201010,BROUGHT OUT STOCK,19.0,17161.47,903.235263,28
18000178,KLR-EXS,1201010,BROUGHT OUT STOCK,10.0,13155.9,1315.59,1
18000178,KLR-WIP,1201010,BROUGHT OUT STOCK,31.0,40783.29,1315.59,12
18000185,KLR-GEN,1201010,BROUGHT OUT STOCK,3.0,153.0,51.0,7
18000191,KLR-GEN,1201010,BROUGHT OUT STOCK,299.0,111452.25,372.75,3
18000192,KLR-GEN,1201010,BROUGHT OUT STOCK,465.0,112297.5,241.5,8
18000193,KLR-GEN,1201010,BROUGHT OUT STOCK,1174.0,46913.04,39.96,8
18000198,KLR-EXS,1201010,BROUGHT OUT STOCK,31.0,7037.0,227.0,1
18000199,KLR-EXS,1201010,BROUGHT OUT STOCK,277.0,8310.0,30.0,1
18000200,KLR-EXS,1201010,BROUGHT OUT STOCK,280.0,8400.0,30.0,1
18000201,KLR-EXS,1201010,BROUGHT OUT STOCK,260.0,7800.0,30.0,1
18000202,KLR-EXS,1201010,BROUGHT OUT STOCK,40.0,9080.0,227.0,1
18000203,KLR-EXS,1201010,BROUGHT OUT STOCK,45.0,10215.0,227.0,1
18000204,KLR-EXS,1201010,BROUGHT OUT STOCK,35.0,7945.0,227.0,1
18000205,KLR-GEN,1201010,BROUGHT OUT STOCK,2431.0,94322.8,38.8,3
18000206,KLR-GEN,1201010,BROUGHT OUT STOCK,602.0,27330.8,45.4,2
18000207,KLR-EXS,1201010,BROUGHT OUT STOCK,505.0,22927.0,45.4,1
18000208,KLR-EXS,1201010,BROUGHT OUT STOCK,481.0,33314.06,69.26,1
18000209,KLR-EXS,1201010,BROUGHT OUT STOCK,491.0,34576.22,70.42,1
18000210,KLR-EXS,1201010,BROUGHT OUT STOCK,519.0,28519.05,54.95,1
18000211,KLR-EXS,1201010,BROUGHT OUT STOCK,532.0,28536.48,53.64,1
18000212,KLR-EXS,1201010,BROUGHT OUT STOCK,32.0,6880.0,215.0,1
18000213,KLR-GEN,1201010,BROUGHT OUT STOCK,163.0,74980.0,460.0,11
18000214,KLR-GEN,1201010,BROUGHT OUT STOCK,148.0,81215.0,548.75,22
18000215,KLR-GEN,1201010,BROUGHT OUT STOCK,175.0,118086.01,674.7772,38
18000217,KLR-EXS,1201010,BROUGHT OUT STOCK,27.0,7998.75,296.25,1
18000217,KLR-GEN,1201010,BROUGHT OUT STOCK,59.0,17478.75,296.25,25
18000218,KLR-GEN,1201010,BROUGHT OUT STOCK,113.0,38985.0,345.0,19
18000219,KLR-EXS,1201010,BROUGHT OUT STOCK,20.0,8062.6,403.13,1
18000219,KLR-GEN,1201010,BROUGHT OUT STOCK,36.0,14512.68,403.13,20
18000220,KLR-EXS,1201010,BROUGHT OUT STOCK,24.0,15802.2,658.425,1
18000220,KLR-GEN,1201010,BROUGHT OUT STOCK,7.0,4608.97,658.424286,18
18000220,KLR-WIP,1201010,BROUGHT OUT STOCK,95.0,57118.75,601.25,19
18000221,KLR-EXS,1201010,BROUGHT OUT STOCK,26.0,16978.02,653.000769,1
18000221,KLR-GEN,1201010,BROUGHT OUT STOCK,123.0,80319.1,653.000813,18
18000222,KLR-EXS,1201010,BROUGHT OUT STOCK,50.0,37812.5,756.25,1
18000222,KLR-GEN,1201010,BROUGHT OUT STOCK,132.0,99825.0,756.25,11
18000223,KLR-GEN,1201010,BROUGHT OUT STOCK,74.0,28416.0,384.0,13
18000223,KLR-WIP,1201010,BROUGHT OUT STOCK,18.0,6912.0,384.0,8
18000224,KLR-GEN,1201010,BROUGHT OUT STOCK,32.0,15840.0,495.0,12
18000225,KLR-EXS,1201010,BROUGHT OUT STOCK,77.0,37056.25,481.25,1
18000225,KLR-GEN,1201010,BROUGHT OUT STOCK,87.0,41868.75,481.25,14
18000226,KLR-EXS,1201010,BROUGHT OUT STOCK,81.62,16489.64,202.029405,1
18000228,KLR-GEN,1201010,BROUGHT OUT STOCK,192.0,91200.0,475.0,13
18000229,KLR-GEN,1201010,BROUGHT OUT STOCK,189.0,77275.7,408.866138,6
18000230,KLR-GEN,1201010,BROUGHT OUT STOCK,416.0,196397.24,472.10875,6
18000231,KLR-GEN,1201010,BROUGHT OUT STOCK,200.0,113621.24,568.1062,7
18000232,KLR-GEN,1201010,BROUGHT OUT STOCK,201.0,83542.83,415.63597,4
18000233,KLR-GEN,1201010,BROUGHT OUT STOCK,123.0,63044.5,512.556911,4
18000234,KLR-GEN,1201010,BROUGHT OUT STOCK,16.0,39737.6,2483.6,8
18000235,KLR-GEN,1201010,BROUGHT OUT STOCK,100.0,64944.59,649.4459,2
18000236,KLR-EXS,1201010,BROUGHT OUT STOCK,48.0,19740.0,411.25,1
18000236,KLR-GEN,1201010,BROUGHT OUT STOCK,69.0,28376.25,411.25,4
18000237,KLR-EXS,1201010,BROUGHT OUT STOCK,75.0,46350.0,618.0,1
18000237,KLR-GEN,1201010,BROUGHT OUT STOCK,17.0,10506.0,618.0,2
18000246,KLR-GEN,1201010,BROUGHT OUT STOCK,455.0,35025.9,76.98,2
18000248,KLR-GEN,1201010,BROUGHT OUT STOCK,27.0,15796.35,585.05,11
18000249,KLR-EXS,1201010,BROUGHT OUT STOCK,69.0,20700.0,300.0,1
18000249,KLR-GEN,1201010,BROUGHT OUT STOCK,75.0,22500.0,300.0,4
18000250,KLR-GEN,1201010,BROUGHT OUT STOCK,17.0,5397.5,317.5,4
18000255,KLR-GEN,1201010,BROUGHT OUT STOCK,4858.0,93807.98,19.31,2
18000256,KLR-GEN,1201010,BROUGHT OUT STOCK,322.0,10072.16,31.28,2
18000257,KLR-EXS,1201010,BROUGHT OUT STOCK,1590.0,47970.3,30.17,2
18000258,KLR-EXS,1201010,BROUGHT OUT STOCK,61.0,20557.0,337.0,1
18000258,KLR-GEN,1201010,BROUGHT OUT STOCK,13.0,4381.0,337.0,9
18000258,KLR-WIP,1201010,BROUGHT OUT STOCK,51.0,17187.0,337.0,4
18000259,KLR-EXS,1201010,BROUGHT OUT STOCK,4.0,1348.0,337.0,1
18000259,KLR-GEN,1201010,BROUGHT OUT STOCK,107.0,36059.0,337.0,10
18000259,KLR-WIP,1201010,BROUGHT OUT STOCK,112.0,37744.0,337.0,3
18000260,KLR-EXS,1201010,BROUGHT OUT STOCK,137.0,46169.0,337.0,2
18000261,KLR-EXS,1201010,BROUGHT OUT STOCK,68.0,22916.0,337.0,1
18000261,KLR-GEN,1201010,BROUGHT OUT STOCK,76.0,25612.0,337.0,9
18000261,KLR-WIP,1201010,BROUGHT OUT STOCK,112.0,37744.0,337.0,3
18000262,KLR-EXS,1201010,BROUGHT OUT STOCK,290.0,226115.68,779.709241,1
18000263,KLR-EXS,1201010,BROUGHT OUT STOCK,521.0,152951.64,293.573205,1
18000264,SAL-GEN,1201010,BROUGHT OUT STOCK,1949.0,63342.5,32.5,4
18000265,KLR-EXS,1201010,BROUGHT OUT STOCK,2315.0,204175.2,88.196631,1
18000266,KLR-EXS,1201010,BROUGHT OUT STOCK,2358.0,100215.0,42.5,1
18000268,KLR-EXS,1201010,BROUGHT OUT STOCK,1306.0,63528.37,48.643469,1
18000268,SAL-GEN,1201010,BROUGHT OUT STOCK,242.0,11771.72,48.643471,3
18000269,KLR-GEN,1201010,BROUGHT OUT STOCK,166.0,83830.0,505.0,3
18000271,KLR-EXS,1201010,BROUGHT OUT STOCK,141.0,2482.78,17.608369,1
18000275,KLR-EXS,1201010,BROUGHT OUT STOCK,95.0,97717.0,1028.6,1
18000275,KLR-GEN,1201010,BROUGHT OUT STOCK,9.0,9257.4,1028.6,4
18000276,KLR-GEN,1201010,BROUGHT OUT STOCK,3394.0,57698.0,17.0,3
18000277,KLR-GEN,1201010,BROUGHT OUT STOCK,1307.0,32675.0,25.0,9
18000277,KLR-WIP,1201010,BROUGHT OUT STOCK,56.0,1400.0,25.0,2
18000283,KLR-GEN,1201010,BROUGHT OUT STOCK,6961.0,164856.86,23.682928,19
18000283,KLR-QC,1201010,BROUGHT OUT STOCK,72140.00476,1696800.11,23.520931,6
18000286,KLR-GEN,1201010,BROUGHT OUT STOCK,2362.0,37792.0,16.0,2
18000289,KLR-GEN,1201010,BROUGHT OUT STOCK,1.0,66.0,66.0,1
18000290,KLR-GEN,1201010,BROUGHT OUT STOCK,40.0,3135.2,78.38,1
18000291,KLR-GEN,1201010,BROUGHT OUT STOCK,81.0,10469.25,129.25,1
18000292,KLR-GEN,1201010,BROUGHT OUT STOCK,115.0,10120.0,88.0,1
18000293,KLR-GEN,1201010,BROUGHT OUT STOCK,69.0,7210.5,104.5,1
18000294,KLR-GEN,1201010,BROUGHT OUT STOCK,56.0,6622.0,118.25,1
18000295,KLR-GEN,1201010,BROUGHT OUT STOCK,4.0,583.0,145.75,1
18000296,KLR-GEN,1201010,BROUGHT OUT STOCK,2.0,330.0,165.0,1
18000297,KLR-GEN,1201010,BROUGHT OUT STOCK,3.0,602.25,200.75,1
18000298,KLR-GEN,1201010,BROUGHT OUT STOCK,142.0,7810.0,55.0,1
18000299,KLR-GEN,1201010,BROUGHT OUT STOCK,30.0,1773.9,59.13,1
18000300,KLR-GEN,1201010,BROUGHT OUT STOCK,13.0,1144.0,88.0,1
18000301,KLR-GEN,1201010,BROUGHT OUT STOCK,100.0,7040.0,70.4,1
18000302,KLR-GEN,1201010,BROUGHT OUT STOCK,140.0,7700.0,55.0,1
18000303,KLR-GEN,1201010,BROUGHT OUT STOCK,3.0,272.25,90.75,1
18000304,KLR-GEN,1201010,BROUGHT OUT STOCK,2.0,198.0,99.0,1
18000305,KLR-GEN,1201010,BROUGHT OUT STOCK,47.0,2688.4,57.2,1
18000306,KLR-GEN,1201010,BROUGHT OUT STOCK,39.0,2889.9,74.1,1
18000307,KLR-GEN,1201010,BROUGHT OUT STOCK,56.0,2795.52,49.92,1
18000308,KLR-GEN,1201010,BROUGHT OUT STOCK,134.0,4403.24,32.86,1
18000309,KLR-GEN,1201010,BROUGHT OUT STOCK,5.0,198.3,39.66,1
10000028,KLR-NRN,1201011,INVENTORY TRANSIT,1.0,645.76,645.76,5
10000071,KLR-NRN,1201011,INVENTORY TRANSIT,1.0,477.46,477.46,3
10000171,KLR-NRN,1201011,INVENTORY TRANSIT,1.0,305.81,305.81,1
10000267,KLR-NRN,1201011,INVENTORY TRANSIT,1.0,678.25,678.25,3
10000270,KLR-NRN,1201011,INVENTORY TRANSIT,1.0,21.43,21.43,1
10000271,KLR-NRN,1201011,INVENTORY TRANSIT,1.0,22.08,22.08,1
10000272,KLR-NRN,1201011,INVENTORY TRANSIT,1.0,26.01,26.01,1
10000273,KLR-NRN,1201011,INVENTORY TRANSIT,1.0,34.44,34.44,1
15000099,KLR-NRN,1201011,INVENTORY TRANSIT,1.0,31.25,31.25,3
15000105,KLR-NRN,1201011,INVENTORY TRANSIT,1.0,28.25,28.25,7
15000162,KLR-NRN,1201011,INVENTORY TRANSIT,0.272,32.99,121.286765,2
16000015,KLR-NRN,1201011,INVENTORY TRANSIT,15.0,1875.0,125.0,3
16000016,KLR-NRN,1201011,INVENTORY TRANSIT,15.0,3000.0,200.0,3
16000142,KLR-NRN,1201011,INVENTORY TRANSIT,1.0,27.55,27.55,1
19000007,KLR-EXS,1201012,SAMPLE MATERIAL,1.0,168.49,168.49,1
19000008,KLR-EXS,1201012,SAMPLE MATERIAL,1.0,336.98,336.98,1
19000011,KLR-EXS,1201012,SAMPLE MATERIAL,1.0,1086.1,1086.1,1
19000012,KLR-GEN,1201012,SAMPLE MATERIAL,9.95,4383.0,440.502513,2
19000013,KLR-EXS,1201012,SAMPLE MATERIAL,2.65,715.5,270.0,1
19000014,KLR-EXS,1201012,SAMPLE MATERIAL,3.06,902.7,295.0,1
19000015,KLR-EXS,1201012,SAMPLE MATERIAL,3.53,1235.5,350.0,1
19000016,KLR-EXS,1201012,SAMPLE MATERIAL,8.92,3791.0,425.0,1
19000017,KLR-EXS,1201012,SAMPLE MATERIAL,25.43,8264.75,325.0,1
19000018,KLR-EXS,1201012,SAMPLE MATERIAL,2.72,1020.0,375.0,1
19000019,KLR-EXS,1201012,SAMPLE MATERIAL,1.06,424.0,400.0,1
19000020,KLR-EXS,1201012,SAMPLE MATERIAL,0.35,140.0,400.0,1
19000021,KLR-EXS,1201012,SAMPLE MATERIAL,0.65,266.5,410.0,1
19000022,KLR-EXS,1201012,SAMPLE MATERIAL,0.65,260.0,400.0,1
19000023,KLR-EXS,1201012,SAMPLE MATERIAL,1.05,383.25,365.0,1
19000024,KLR-EXS,1201012,SAMPLE MATERIAL,0.61,298.9,490.0,1
19000025,KLR-EXS,1201012,SAMPLE MATERIAL,0.77,319.55,415.0,1
19000026,KLR-EXS,1201012,SAMPLE MATERIAL,0.66,270.6,410.0,1
19000027,KLR-EXS,1201012,SAMPLE MATERIAL,1.19,434.35,365.0,1
19000029,KLR-EXS,1201012,SAMPLE MATERIAL,0.66,273.9,415.0,1
19000030,KLR-EXS,1201012,SAMPLE MATERIAL,0.3,120.0,400.0,1
10000202,KLR-FG,4101001,SALES - FG,100.0,3698.0,36.98,1
10000290,VIJW-FG,4101001,SALES - FG,50.0,1197.5,23.95,1
10000295,VIJW-FG,4101001,SALES - FG,50.0,1099.0,21.98,1
10000296,VIJW-FG,4101001,SALES - FG,150.0,4096.5,27.31,1
10000297,VIJW-FG,4101001,SALES - FG,150.0,2665.5,17.77,1
10000301,VIJW-FG,4101001,SALES - FG,12.0,5382.84,448.57,1
10000302,VIJW-FG,4101001,SALES - FG,16.0,10539.68,658.73,1
10000305,VIJW-FG,4101001,SALES - FG,16.0,8257.92,516.12,1
10000329,VIJW-FG,4101001,SALES - FG,6.0,3013.44,502.24,1
10000344,VIJW-FG,4101001,SALES - FG,6.0,2358.24,393.04,1
10000358,VIJW-FG,4101001,SALES - FG,50.0,3312.5,66.25,1
10000361,VIJW-FG,4101001,SALES - FG,4.0,1633.8,408.45,1
10000373,VIJW-FG,4101001,SALES - FG,4.0,2079.0,519.75,1
10000379,VIJW-FG,4101001,SALES - FG,50.0,2277.0,45.54,1
10000393,VIJW-FG,4101001,SALES - FG,6.0,2981.94,496.99,1
10000396,VIJW-FG,4101001,SALES - FG,50.0,1713.0,34.26,1
10000432,VIJW-FG,4101001,SALES - FG,50.0,3307.5,66.15,1
10000453,VIJW-FG,4101001,SALES - FG,50.0,1889.0,37.78,1
10000457,VIJW-FG,4101001,SALES - FG,4.0,1234.8,308.7,1
10000464,VIJW-FG,4101001,SALES - FG,6.0,2490.54,415.09,1
10000473,VIJW-FG,4101001,SALES - FG,12.0,451.32,37.61,1
10000486,VIJW-FG,4101001,SALES - FG,12.0,382.08,31.84,1
17000124,KLR-RM,4101001,SALES - FG,4981.0,518024.0,104.0,2
